account,layer,report_unit,report_unit_layer,depth,link_basis,direct_parent
한국산업은행,공공금융기관,한국산업은행,공공금융기관,0,자기 자신,
한국수출입은행,공공금융기관,한국수출입은행,공공금융기관,0,자기 자신,
신용보증기금,공공금융기관,신용보증기금,공공금융기관,0,자기 자신,
한국무역보험공사,공공금융기관,한국무역보험공사,공공금융기관,0,자기 자신,
기술보증기금,공공금융기관,기술보증기금,공공금융기관,0,자기 자신,
케이디비생명보험주식회사,공공기관 종속,한국산업은행,공공금융기관,1,금융-1 지배회사(공공기관 종속),한국산업은행
산은캐피탈㈜,공공기관 종속,한국산업은행,공공금융기관,1,금융-1 지배회사(공공기관 종속),한국산업은행
농협은행(주),비상장 비종속(대기업집단),농협금융지주(주),비상장 비종속(대기업집단),1,원문의 지배기업 표기(1-3A 확인),농협금융지주(주)
교보생명보험(주),비상장 비종속(대기업집단),교보생명보험(주),비상장 비종속(대기업집단),0,자기 자신,
농협생명보험(주),비상장 비종속(대기업집단),농협금융지주(주),비상장 비종속(대기업집단),1,최대주주가 명단 안의 회사(1-3A 확인),농협금융지주(주)
토스뱅크(주),비상장 비종속(대기업집단),토스뱅크(주),비상장 비종속(대기업집단),0,자기 자신,
농협금융지주(주),비상장 비종속(대기업집단),농협금융지주(주),비상장 비종속(대기업집단),0,자기 자신,
흥국생명보험(주),비상장 비종속(대기업집단),흥국생명보험(주),비상장 비종속(대기업집단),0,자기 자신,
현대커머셜(주),비상장 비종속(대기업집단),현대커머셜(주),비상장 비종속(대기업집단),0,자기 자신,
(주)에스비아이저축은행,비상장 비종속(대기업집단),(주)에스비아이저축은행,비상장 비종속(대기업집단),0,자기 자신,
농협손해보험(주),비상장 비종속(대기업집단),농협금융지주(주),비상장 비종속(대기업집단),1,최대주주가 명단 안의 회사(1-3A 확인),농협금융지주(주)
(주)오케이저축은행,비상장 비종속(대기업집단),(주)오케이저축은행,비상장 비종속(대기업집단),0,자기 자신,
엔에이치농협캐피탈(주),비상장 비종속(대기업집단),농협금융지주(주),비상장 비종속(대기업집단),1,최대주주가 명단 안의 회사(1-3A 확인),농협금융지주(주)
롯데캐피탈(주),비상장 비종속(대기업집단),롯데캐피탈(주),비상장 비종속(대기업집단),0,자기 자신,
토스증권(주),비상장 비종속(대기업집단),토스증권(주),비상장 비종속(대기업집단),0,자기 자신,
미래에셋캐피탈(주),비상장 비종속(대기업집단),미래에셋캐피탈(주),비상장 비종속(대기업집단),0,자기 자신,
미래에셋자산운용(주),비상장 비종속(대기업집단),미래에셋자산운용(주),비상장 비종속(대기업집단),0,자기 자신,
농업협동조합자산관리회사,비상장 비종속(대기업집단),농업협동조합자산관리회사,비상장 비종속(대기업집단),0,자기 자신,
쿠팡페이(주),비상장 비종속(대기업집단),쿠팡페이(주),비상장 비종속(대기업집단),0,자기 자신,
오케이넥스트(주),비상장 비종속(대기업집단),오케이넥스트(주),비상장 비종속(대기업집단),0,자기 자신,
(주)예가람저축은행,비상장 비종속(대기업집단),(주)고려저축은행,비상장 비종속(대기업집단),1,최대주주가 명단 안의 회사(1-3A 확인),(주)고려저축은행
(주)고려저축은행,비상장 비종속(대기업집단),(주)고려저축은행,비상장 비종속(대기업집단),0,자기 자신,
엔에이치저축은행(주),비상장 비종속(대기업집단),농협금융지주(주),비상장 비종속(대기업집단),1,원문의 지배기업 표기(1-3A 확인),농협금융지주(주)
한국스탠다드차타드은행,비상장 비종속(독립·외국계),한국스탠다드차타드은행,비상장 비종속(독립·외국계),0,자기 자신,
수협은행,비상장 비종속(독립·외국계),수협은행,비상장 비종속(독립·외국계),0,자기 자신,
한국씨티은행,비상장 비종속(독립·외국계),한국씨티은행,비상장 비종속(독립·외국계),0,자기 자신,
메트라이프생명보험(주),비상장 비종속(독립·외국계),메트라이프생명보험(주),비상장 비종속(독립·외국계),0,자기 자신,
롯데카드㈜,비상장 비종속(독립·외국계),롯데카드㈜,비상장 비종속(독립·외국계),0,자기 자신,
에이아이에이생명보험 주식회사,비상장 비종속(독립·외국계),에이아이에이생명보험 주식회사,비상장 비종속(독립·외국계),0,자기 자신,
푸본현대생명보험주식회사,비상장 비종속(독립·외국계),푸본현대생명보험주식회사,비상장 비종속(독립·외국계),0,자기 자신,
비엠더블유파이낸셜서비스코리아㈜,비상장 비종속(독립·외국계),비엠더블유파이낸셜서비스코리아㈜,비상장 비종속(독립·외국계),0,자기 자신,
라이나생명보험주식회사,비상장 비종속(독립·외국계),라이나생명보험주식회사,비상장 비종속(독립·외국계),0,자기 자신,
노무라금융투자주식회사,비상장 비종속(독립·외국계),노무라금융투자주식회사,비상장 비종속(독립·외국계),0,자기 자신,
웰컴저축은행,비상장 비종속(독립·외국계),웰컴저축은행,비상장 비종속(독립·외국계),0,자기 자신,
애큐온저축은행,비상장 비종속(독립·외국계),㈜애큐온캐피탈,비상장 비종속(독립·외국계),1,최대주주가 명단 안의 회사(1-3C 소유 구조),㈜애큐온캐피탈
㈜애큐온캐피탈,비상장 비종속(독립·외국계),㈜애큐온캐피탈,비상장 비종속(독립·외국계),0,자기 자신,
예별손해보험 주식회사,비상장 비종속(독립·외국계),예별손해보험 주식회사,비상장 비종속(독립·외국계),0,자기 자신,
메르세데스벤츠파이낸셜서비스코리아㈜,비상장 비종속(독립·외국계),메르세데스벤츠파이낸셜서비스코리아㈜,비상장 비종속(독립·외국계),0,자기 자신,
엠지캐피탈㈜,비상장 비종속(독립·외국계),엠지캐피탈㈜,비상장 비종속(독립·외국계),0,자기 자신,
오릭스캐피탈코리아㈜,비상장 비종속(독립·외국계),오릭스캐피탈코리아㈜,비상장 비종속(독립·외국계),0,자기 자신,
한국 에스지증권 주식회사,비상장 비종속(독립·외국계),한국 에스지증권 주식회사,비상장 비종속(독립·외국계),0,자기 자신,
비엔피파리바카디프생명보험주식회사,비상장 비종속(독립·외국계),비엔피파리바카디프생명보험주식회사,비상장 비종속(독립·외국계),0,자기 자신,
제이티친애저축은행,비상장 비종속(독립·외국계),제이티친애저축은행,비상장 비종속(독립·외국계),0,자기 자신,
케이프투자증권,비상장 비종속(독립·외국계),케이프투자증권,비상장 비종속(독립·외국계),0,자기 자신,
페퍼저축은행,비상장 비종속(독립·외국계),페퍼저축은행,비상장 비종속(독립·외국계),0,자기 자신,
제이티저축은행,비상장 비종속(독립·외국계),제이티저축은행,비상장 비종속(독립·외국계),0,자기 자신,
오에스비저축은행,비상장 비종속(독립·외국계),오에스비저축은행,비상장 비종속(독립·외국계),0,자기 자신,
모아저축은행,비상장 비종속(독립·외국계),모아저축은행,비상장 비종속(독립·외국계),0,자기 자신,
상상인저축은행,비상장 비종속(독립·외국계),상상인저축은행,비상장 비종속(독립·외국계),0,자기 자신,
국민은행,비상장 종속,(주)KB금융지주,상장,1,금융-1 지배회사(비상장 종속),(주)KB금융지주
신한은행,비상장 종속,(주)신한금융지주회사,상장,1,금융-1 지배회사(비상장 종속),(주)신한금융지주회사
하나은행,비상장 종속,(주)하나금융지주,상장,1,금융-1 지배회사(비상장 종속),(주)하나금융지주
㈜우리은행,비상장 종속,(주)우리금융지주,상장,1,금융-1 지배회사(비상장 종속),(주)우리금융지주
한국투자증권,비상장 종속,한국투자금융지주(주),상장,1,금융-1 지배회사(비상장 종속),한국투자금융지주(주)
(주)부산은행,비상장 종속,(주)BNK금융지주,상장,1,금융-1 지배회사(비상장 종속),(주)BNK금융지주
KB증권,비상장 종속,(주)KB금융지주,상장,1,금융-1 지배회사(비상장 종속),(주)KB금융지주
(주)iM뱅크,비상장 종속,(주)아이엠금융지주,상장,1,금융-1 지배회사(비상장 종속),(주)아이엠금융지주
메리츠증권(주),비상장 종속,(주)메리츠금융지주,상장,1,금융-1 지배회사(비상장 종속),(주)메리츠금융지주
하나증권,비상장 종속,(주)하나금융지주,상장,1,금융-1 지배회사(비상장 종속),(주)하나금융지주
신한라이프생명보험,비상장 종속,(주)신한금융지주회사,상장,1,금융-1 지배회사(비상장 종속),(주)신한금융지주회사
(주)경남은행,비상장 종속,(주)BNK금융지주,상장,1,금융-1 지배회사(비상장 종속),(주)BNK금융지주
신한투자증권,비상장 종속,(주)신한금융지주회사,상장,1,금융-1 지배회사(비상장 종속),(주)신한금융지주회사
KB손해보험,비상장 종속,(주)KB금융지주,상장,1,금융-1 지배회사(비상장 종속),(주)KB금융지주
메리츠화재해상보험(주),비상장 종속,(주)메리츠금융지주,상장,1,금융-1 지배회사(비상장 종속),(주)메리츠금융지주
신한카드,비상장 종속,(주)신한금융지주회사,상장,1,금융-1 지배회사(비상장 종속),(주)신한금융지주회사
KB라이프생명,비상장 종속,(주)KB금융지주,상장,1,금융-1 지배회사(비상장 종속),(주)KB금융지주
동양생명보험㈜,비상장 종속,(주)우리금융지주,상장,1,금융-1 지배회사(비상장 종속),(주)우리금융지주
(주)광주은행,비상장 종속,(주)JB금융지주,상장,1,금융-1 지배회사(비상장 종속),(주)JB금융지주
KB국민카드,비상장 종속,(주)KB금융지주,상장,1,금융-1 지배회사(비상장 종속),(주)KB금융지주
(주)전북은행,비상장 종속,(주)JB금융지주,상장,1,금융-1 지배회사(비상장 종속),(주)JB금융지주
에이비엘생명보험㈜,비상장 종속,(주)우리금융지주,상장,1,금융-1 지배회사(비상장 종속),(주)우리금융지주
하나캐피탈,비상장 종속,(주)하나금융지주,상장,1,금융-1 지배회사(비상장 종속),(주)하나금융지주
KB캐피탈,비상장 종속,(주)KB금융지주,상장,1,금융-1 지배회사(비상장 종속),(주)KB금융지주
㈜우리카드,비상장 종속,(주)우리금융지주,상장,1,금융-1 지배회사(비상장 종속),(주)우리금융지주
하나카드,비상장 종속,(주)하나금융지주,상장,1,금융-1 지배회사(비상장 종속),(주)하나금융지주
아이비케이연금보험㈜,비상장 종속,중소기업은행,상장,1,금융-1 지배회사(비상장 종속),중소기업은행
신한캐피탈,비상장 종속,(주)신한금융지주회사,상장,1,금융-1 지배회사(비상장 종속),(주)신한금융지주회사
우리금융캐피탈㈜,비상장 종속,(주)우리금융지주,상장,1,금융-1 지배회사(비상장 종속),(주)우리금융지주
㈜아이비케이캐피탈,비상장 종속,중소기업은행,상장,1,금융-1 지배회사(비상장 종속),중소기업은행
DB생명,비상장 종속,DB손해보험(주),상장,1,금융-1 지배회사(비상장 종속),DB손해보험(주)
BNK캐피탈(주),비상장 종속,(주)BNK금융지주,상장,1,금융-1 지배회사(비상장 종속),(주)BNK금융지주
아이비케이투자증권㈜,비상장 종속,중소기업은행,상장,1,금융-1 지배회사(비상장 종속),중소기업은행
JB우리캐피탈(주),비상장 종속,(주)JB금융지주,상장,1,금융-1 지배회사(비상장 종속),(주)JB금융지주
(주)iM증권,비상장 종속,(주)아이엠금융지주,상장,1,금융-1 지배회사(비상장 종속),(주)아이엠금융지주
(주)BNK투자증권,비상장 종속,(주)BNK금융지주,상장,1,금융-1 지배회사(비상장 종속),(주)BNK금융지주
㈜우리투자증권,비상장 종속,(주)우리금융지주,상장,1,금융-1 지배회사(비상장 종속),(주)우리금융지주
한국투자저축은행,비상장 종속,한국투자금융지주(주),상장,1,금융-1 지배회사(비상장 종속),한국투자금융지주(주)
하나생명보험,비상장 종속,(주)하나금융지주,상장,1,금융-1 지배회사(비상장 종속),(주)하나금융지주
(주)iM라이프생명보험,비상장 종속,(주)아이엠금융지주,상장,1,금융-1 지배회사(비상장 종속),(주)아이엠금융지주
한국투자캐피탈,비상장 종속,한국투자금융지주(주),상장,1,금융-1 지배회사(비상장 종속),한국투자금융지주(주)
(주)iM캐피탈,비상장 종속,(주)아이엠금융지주,상장,1,금융-1 지배회사(비상장 종속),(주)아이엠금융지주
삼성선물(주),비상장 종속,삼성증권(주),상장,1,금융-1 지배회사(비상장 종속),삼성증권(주)
대신에프앤아이,비상장 종속,대신증권(주),상장,1,금융-1 지배회사(비상장 종속),대신증권(주)
㈜다올저축은행,비상장 종속,다올투자증권(주),상장,1,금융-1 지배회사(비상장 종속),다올투자증권(주)
키움캐피탈,비상장 종속,키움증권(주),상장,1,금융-1 지배회사(비상장 종속),키움증권(주)
DB저축은행,비상장 종속,DB증권(주),상장,1,금융-1 지배회사(비상장 종속),DB증권(주)
신한저축은행,비상장 종속,(주)신한금융지주회사,상장,1,금융-1 지배회사(비상장 종속),(주)신한금융지주회사
하나에프앤아이,비상장 종속,(주)하나금융지주,상장,1,금융-1 지배회사(비상장 종속),(주)하나금융지주
하나저축은행,비상장 종속,(주)하나금융지주,상장,1,금융-1 지배회사(비상장 종속),(주)하나금융지주
하나손해보험,비상장 종속,(주)하나금융지주,상장,1,금융-1 지배회사(비상장 종속),(주)하나금융지주
㈜카카오페이증권,비상장 종속,주식회사 카카오페이,상장,1,금융-1 지배회사(비상장 종속),주식회사 카카오페이
대신저축은행,비상장 종속,대신증권(주),상장,1,금융-1 지배회사(비상장 종속),대신증권(주)
KB저축은행,비상장 종속,(주)KB금융지주,상장,1,금융-1 지배회사(비상장 종속),(주)KB금융지주
㈜우리금융저축은행,비상장 종속,(주)우리금융지주,상장,1,금융-1 지배회사(비상장 종속),(주)우리금융지주
키움에프앤아이,비상장 종속,키움증권(주),상장,1,금융-1 지배회사(비상장 종속),키움증권(주)
삼성자산운용,비상장 종속,삼성생명보험(주),상장,1,금융-1 지배회사(비상장 종속),삼성생명보험(주)
키움저축은행,비상장 종속,키움증권(주),상장,1,금융-1 지배회사(비상장 종속),키움증권(주)
(주)BNK저축은행,비상장 종속,(주)BNK금융지주,상장,1,금융-1 지배회사(비상장 종속),(주)BNK금융지주
KB인베스트먼트,비상장 종속,(주)KB금융지주,상장,1,금융-1 지배회사(비상장 종속),(주)KB금융지주
키움YES저축은행,비상장 종속,키움증권(주),상장,1,금융-1 지배회사(비상장 종속),키움증권(주)
㈜아이비케이저축은행,비상장 종속,중소기업은행,상장,1,금융-1 지배회사(비상장 종속),중소기업은행
한화자산운용,비상장 종속,한화생명보험(주),상장,1,금융-1 지배회사(비상장 종속),한화생명보험(주)
한화저축은행,비상장 종속,한화생명보험(주),상장,1,금융-1 지배회사(비상장 종속),한화생명보험(주)
우리금융에프앤아이㈜,비상장 종속,(주)우리금융지주,상장,1,금융-1 지배회사(비상장 종속),(주)우리금융지주
KB부동산신탁,비상장 종속,(주)KB금융지주,상장,1,금융-1 지배회사(비상장 종속),(주)KB금융지주
미래에셋벤처투자㈜,비상장 종속,미래에셋증권(주),상장,1,금융-1 지배회사(비상장 종속),미래에셋증권(주)
NH선물,비상장 종속,엔에이치투자증권(주),상장,1,금융-1 지배회사(비상장 종속),엔에이치투자증권(주)
하나자산신탁,비상장 종속,(주)하나금융지주,상장,1,금융-1 지배회사(비상장 종속),(주)하나금융지주
신한자산신탁,비상장 종속,(주)신한금융지주회사,상장,1,금융-1 지배회사(비상장 종속),(주)신한금융지주회사
한국투자부동산신탁,비상장 종속,한국투자금융지주(주),상장,1,금융-1 지배회사(비상장 종속),한국투자금융지주(주)
KB자산운용,비상장 종속,(주)KB금융지주,상장,1,금융-1 지배회사(비상장 종속),(주)KB금융지주
DB캐피탈,비상장 종속,DB손해보험(주),상장,1,금융-1 지배회사(비상장 종속),DB손해보험(주)
한국투자파트너스,비상장 종속,한국투자금융지주(주),상장,1,금융-1 지배회사(비상장 종속),한국투자금융지주(주)
유진투자선물(주),비상장 종속,유진투자증권(주),상장,1,금융-1 지배회사(비상장 종속),유진투자증권(주)
㈜엠에스상호저축은행,비상장 종속,SK증권(주),상장,1,금융-1 지배회사(비상장 종속),SK증권(주)
한국투자리얼에셋운용,비상장 종속,한국투자금융지주(주),상장,1,금융-1 지배회사(비상장 종속),한국투자금융지주(주)
우리벤처파트너스㈜,비상장 종속,(주)우리금융지주,상장,1,금융-1 지배회사(비상장 종속),(주)우리금융지주
신한EZ손해보험,비상장 종속,(주)신한금융지주회사,상장,1,금융-1 지배회사(비상장 종속),(주)신한금융지주회사
하나대체투자자산운용,비상장 종속,(주)하나금융지주,상장,1,금융-1 지배회사(비상장 종속),(주)하나금융지주
신한자산운용,비상장 종속,(주)신한금융지주회사,상장,1,금융-1 지배회사(비상장 종속),(주)신한금융지주회사
우리자산신탁㈜,비상장 종속,(주)우리금융지주,상장,1,금융-1 지배회사(비상장 종속),(주)우리금융지주
키움투자자산운용,비상장 종속,키움증권(주),상장,1,금융-1 지배회사(비상장 종속),키움증권(주)
BNK자산운용(주),비상장 종속,(주)BNK금융지주,상장,1,금융-1 지배회사(비상장 종속),(주)BNK금융지주
우리자산운용㈜,비상장 종속,(주)우리금융지주,상장,1,금융-1 지배회사(비상장 종속),(주)우리금융지주
한국투자프라이빗에쿼티,비상장 종속,한국투자금융지주(주),상장,1,금융-1 지배회사(비상장 종속),한국투자금융지주(주)
삼성SRA자산운용,비상장 종속,삼성생명보험(주),상장,1,금융-1 지배회사(비상장 종속),삼성생명보험(주)
신한벤처투자,비상장 종속,(주)신한금융지주회사,상장,1,금융-1 지배회사(비상장 종속),(주)신한금융지주회사
신영부동산신탁,비상장 종속,신영증권(주),상장,1,금융-1 지배회사(비상장 종속),신영증권(주)
현대인베스트먼트자산운용,비상장 종속,현대해상화재보험(주),상장,1,금융-1 지배회사(비상장 종속),현대해상화재보험(주)
㈜카카오페이손해보험,비상장 종속,주식회사 카카오페이,상장,1,금융-1 지배회사(비상장 종속),주식회사 카카오페이
신영자산운용,비상장 종속,신영증권(주),상장,1,금융-1 지배회사(비상장 종속),신영증권(주)
하나벤처스,비상장 종속,(주)하나금융지주,상장,1,금융-1 지배회사(비상장 종속),(주)하나금융지주
키움인베스트먼트,비상장 종속,키움증권(주),상장,1,금융-1 지배회사(비상장 종속),키움증권(주)
우리프라이빗에퀴티자산운용㈜,비상장 종속,(주)우리금융지주,상장,1,금융-1 지배회사(비상장 종속),(주)우리금융지주
아이비케이자산운용㈜,비상장 종속,중소기업은행,상장,1,금융-1 지배회사(비상장 종속),중소기업은행
JB자산운용(주),비상장 종속,(주)JB금융지주,상장,1,금융-1 지배회사(비상장 종속),(주)JB금융지주
엔에이치헤지자산운용,비상장 종속,엔에이치투자증권(주),상장,1,금융-1 지배회사(비상장 종속),엔에이치투자증권(주)
㈜아이비케이벤처투자,비상장 종속,중소기업은행,상장,1,금융-1 지배회사(비상장 종속),중소기업은행
키움프라이빗에쿼티,비상장 종속,키움증권(주),상장,1,금융-1 지배회사(비상장 종속),키움증권(주)
유안타인베스트먼트,비상장 종속,유안타증권(주),상장,1,금융-1 지배회사(비상장 종속),유안타증권(주)
에스케이에스프라이빗에쿼티㈜,비상장 종속,SK증권(주),상장,1,금융-1 지배회사(비상장 종속),SK증권(주)
(주)iM에셋자산운용,비상장 종속,(주)아이엠금융지주,상장,1,금융-1 지배회사(비상장 종속),(주)아이엠금융지주
JB인베스트먼트(주),비상장 종속,(주)JB금융지주,상장,1,금융-1 지배회사(비상장 종속),(주)JB금융지주
DB자산운용,비상장 종속,DB증권(주),상장,1,금융-1 지배회사(비상장 종속),DB증권(주)
다올자산운용㈜,비상장 종속,다올투자증권(주),상장,1,금융-1 지배회사(비상장 종속),다올투자증권(주)
BNK벤처투자(주),비상장 종속,(주)BNK금융지주,상장,1,금융-1 지배회사(비상장 종속),(주)BNK금융지주
대신자산운용,비상장 종속,대신증권(주),상장,1,금융-1 지배회사(비상장 종속),대신증권(주)
유진자산운용(주),비상장 종속,유진투자증권(주),상장,1,금융-1 지배회사(비상장 종속),유진투자증권(주)
(주)iM유페이,비상장 종속,(주)아이엠금융지주,상장,1,금융-1 지배회사(비상장 종속),(주)아이엠금융지주
핀크,비상장 종속,(주)하나금융지주,상장,1,금융-1 지배회사(비상장 종속),(주)하나금융지주
한국투자액셀러레이터,비상장 종속,한국투자금융지주(주),상장,1,금융-1 지배회사(비상장 종속),한국투자금융지주(주)
(주)iM투자파트너스,비상장 종속,(주)아이엠금융지주,상장,1,금융-1 지배회사(비상장 종속),(주)아이엠금융지주
메리츠대체투자운용(주),비상장 종속,(주)메리츠금융지주,상장,1,금융-1 지배회사(비상장 종속),(주)메리츠금융지주
대신프라이빗에쿼티,비상장 종속,대신증권(주),상장,1,금융-1 지배회사(비상장 종속),대신증권(주)
다올프라이빗에쿼티㈜,비상장 종속,다올투자증권(주),상장,1,금융-1 지배회사(비상장 종속),다올투자증권(주)
현대하임자산운용,비상장 종속,현대해상화재보험(주),상장,1,금융-1 지배회사(비상장 종속),현대해상화재보험(주)
케이티비프라이빗에쿼티,비상장 종속,다올투자증권(주),상장,1,금융-1 지배회사(비상장 종속),다올투자증권(주)
현대캐피탈,비상장 종속(명단 밖 코스피 모회사),현대캐피탈,비상장 종속(명단 밖 코스피 모회사),0,자기 자신,
현대카드,비상장 종속(명단 밖 코스피 모회사),현대카드,비상장 종속(명단 밖 코스피 모회사),0,자기 자신,
LS증권㈜,비상장 종속(명단 밖 코스피 모회사),LS증권㈜,비상장 종속(명단 밖 코스피 모회사),0,자기 자신,
비씨카드㈜,비상장 종속(명단 밖 코스피 모회사),비씨카드㈜,비상장 종속(명단 밖 코스피 모회사),0,자기 자신,
네이버파이낸셜 주식회사,비상장 종속(명단 밖 코스피 모회사),네이버파이낸셜 주식회사,비상장 종속(명단 밖 코스피 모회사),0,자기 자신,
아폴로코리아 주식회사,비상장 종속(명단 밖 코스피 모회사),아폴로코리아 주식회사,비상장 종속(명단 밖 코스피 모회사),0,자기 자신,
한화에비에이션㈜,비상장 종속(명단 밖 코스피 모회사),한화에비에이션㈜,비상장 종속(명단 밖 코스피 모회사),0,자기 자신,
(주)참저축은행,비상장 종속(명단 밖 코스피 모회사),(주)참저축은행,비상장 종속(명단 밖 코스피 모회사),0,자기 자신,
(주)코람코자산신탁,비상장 종속(명단 밖 코스피 모회사),(주)코람코자산신탁,비상장 종속(명단 밖 코스피 모회사),0,자기 자신,
한국자산캐피탈,비상장 종속(명단 밖 코스피 모회사),한국자산캐피탈,비상장 종속(명단 밖 코스피 모회사),0,자기 자신,
롯데오토리스㈜,비상장 종속(명단 밖 코스피 모회사),롯데오토리스㈜,비상장 종속(명단 밖 코스피 모회사),0,자기 자신,
㈜카카오벤처스,비상장 종속(명단 밖 코스피 모회사),㈜카카오벤처스,비상장 종속(명단 밖 코스피 모회사),0,자기 자신,
에이치씨씨홀딩스 주식회사,비상장 종속(명단 밖 코스피 모회사),에이치씨씨홀딩스 주식회사,비상장 종속(명단 밖 코스피 모회사),0,자기 자신,
무림캐피탈,비상장 종속(명단 밖 코스피 모회사),무림캐피탈,비상장 종속(명단 밖 코스피 모회사),0,자기 자신,
엔에이치엔페이코㈜,비상장 종속(명단 밖 코스피 모회사),엔에이치엔페이코㈜,비상장 종속(명단 밖 코스피 모회사),0,자기 자신,
부국캐피탈㈜,비상장 종속(명단 밖 코스피 모회사),부국캐피탈㈜,비상장 종속(명단 밖 코스피 모회사),0,자기 자신,
유리자산운용㈜,비상장 종속(명단 밖 코스피 모회사),유리자산운용㈜,비상장 종속(명단 밖 코스피 모회사),0,자기 자신,
우신벤처투자(주),비상장 종속(명단 밖 코스피 모회사),우신벤처투자(주),비상장 종속(명단 밖 코스피 모회사),0,자기 자신,
㈜YG인베스트먼트,비상장 종속(명단 밖 코스피 모회사),㈜YG인베스트먼트,비상장 종속(명단 밖 코스피 모회사),0,자기 자신,
엔에이치엔인베스트먼트㈜,비상장 종속(명단 밖 코스피 모회사),엔에이치엔인베스트먼트㈜,비상장 종속(명단 밖 코스피 모회사),0,자기 자신,
주식회사 솔루엠코스메틱,비상장 종속(명단 밖 코스피 모회사),주식회사 솔루엠코스메틱,비상장 종속(명단 밖 코스피 모회사),0,자기 자신,
아이엠엠하임코인베스트먼트원,비상장 종속(명단 밖 코스피 모회사),아이엠엠하임코인베스트먼트원,비상장 종속(명단 밖 코스피 모회사),0,자기 자신,
스틱벤처스(주),비상장 종속(명단 밖 코스피 모회사),스틱벤처스(주),비상장 종속(명단 밖 코스피 모회사),0,자기 자신,
코레이트자산운용,비상장 종속(명단 밖 코스피 모회사),코레이트자산운용,비상장 종속(명단 밖 코스피 모회사),0,자기 자신,
동원기술투자㈜,비상장 종속(명단 밖 코스피 모회사),동원기술투자㈜,비상장 종속(명단 밖 코스피 모회사),0,자기 자신,
(주)엔코어벤처스,비상장 종속(명단 밖 코스피 모회사),(주)엔코어벤처스,비상장 종속(명단 밖 코스피 모회사),0,자기 자신,
씨제이인베스트먼트(주),비상장 종속(명단 밖 코스피 모회사),씨제이인베스트먼트(주),비상장 종속(명단 밖 코스피 모회사),0,자기 자신,
삼호그린인베스트먼트(주),비상장 종속(명단 밖 코스피 모회사),삼호그린인베스트먼트(주),비상장 종속(명단 밖 코스피 모회사),0,자기 자신,
㈜케이티인베스트먼트,비상장 종속(명단 밖 코스피 모회사),㈜케이티인베스트먼트,비상장 종속(명단 밖 코스피 모회사),0,자기 자신,
㈜삼천리인베스트먼트,비상장 종속(명단 밖 코스피 모회사),㈜삼천리인베스트먼트,비상장 종속(명단 밖 코스피 모회사),0,자기 자신,
주식회사 에스티엑스해운,비상장 종속(명단 밖 코스피 모회사),주식회사 에스티엑스해운,비상장 종속(명단 밖 코스피 모회사),0,자기 자신,
에이치티알헤시라스 주식회사,비상장 종속(명단 밖 코스피 모회사),에이치티알헤시라스 주식회사,비상장 종속(명단 밖 코스피 모회사),0,자기 자신,
KD인베스트먼트,비상장 종속(명단 밖 코스피 모회사),KD인베스트먼트,비상장 종속(명단 밖 코스피 모회사),0,자기 자신,
삼천리자산운용㈜,비상장 종속(명단 밖 코스피 모회사),삼천리자산운용㈜,비상장 종속(명단 밖 코스피 모회사),0,자기 자신,
㈜BSK인베스트먼트,비상장 종속(명단 밖 코스피 모회사),㈜BSK인베스트먼트,비상장 종속(명단 밖 코스피 모회사),0,자기 자신,
㈜케이씨투자파트너스,비상장 종속(명단 밖 코스피 모회사),㈜케이씨투자파트너스,비상장 종속(명단 밖 코스피 모회사),0,자기 자신,
스틱얼터너티브자산운용(주),비상장 종속(명단 밖 코스피 모회사),스틱얼터너티브자산운용(주),비상장 종속(명단 밖 코스피 모회사),0,자기 자신,
㈜블루캐스트인베스트먼트,비상장 종속(명단 밖 코스피 모회사),㈜블루캐스트인베스트먼트,비상장 종속(명단 밖 코스피 모회사),0,자기 자신,
GS벤처스,비상장 종속(명단 밖 코스피 모회사),GS벤처스,비상장 종속(명단 밖 코스피 모회사),0,자기 자신,
(주)토니인베스트먼트,비상장 종속(명단 밖 코스피 모회사),(주)토니인베스트먼트,비상장 종속(명단 밖 코스피 모회사),0,자기 자신,
프롤로그벤처스 주식회사,비상장 종속(명단 밖 코스피 모회사),프롤로그벤처스 주식회사,비상장 종속(명단 밖 코스피 모회사),0,자기 자신,
SGC파트너스(주),비상장 종속(명단 밖 코스피 모회사),SGC파트너스(주),비상장 종속(명단 밖 코스피 모회사),0,자기 자신,
(주)엘에프인베스트먼트,비상장 종속(명단 밖 코스피 모회사),(주)엘에프인베스트먼트,비상장 종속(명단 밖 코스피 모회사),0,자기 자신,
아르케 인베스트먼트,비상장 종속(명단 밖 코스피 모회사),아르케 인베스트먼트,비상장 종속(명단 밖 코스피 모회사),0,자기 자신,
㈜두산인베스트먼트,비상장 종속(명단 밖 코스피 모회사),㈜두산인베스트먼트,비상장 종속(명단 밖 코스피 모회사),0,자기 자신,
㈜에스비파트너스,비상장 종속(명단 밖 코스피 모회사),㈜에스비파트너스,비상장 종속(명단 밖 코스피 모회사),0,자기 자신,
(주)에스제이엠 인베스트먼트,비상장 종속(명단 밖 코스피 모회사),(주)에스제이엠 인베스트먼트,비상장 종속(명단 밖 코스피 모회사),0,자기 자신,
㈜SBS네오파트너스,비상장 종속(명단 밖 코스피 모회사),㈜SBS네오파트너스,비상장 종속(명단 밖 코스피 모회사),0,자기 자신,
(주)에프앤에프파트너스,비상장 종속(명단 밖 코스피 모회사),(주)에프앤에프파트너스,비상장 종속(명단 밖 코스피 모회사),0,자기 자신,
(주)디비기술투자,비상장 종속(명단 밖 코스피 모회사),(주)디비기술투자,비상장 종속(명단 밖 코스피 모회사),0,자기 자신,
엑스플로인베스트먼트㈜,비상장 종속(명단 밖 코스피 모회사),엑스플로인베스트먼트㈜,비상장 종속(명단 밖 코스피 모회사),0,자기 자신,
㈜에스퓨처스,비상장 종속(명단 밖 코스피 모회사),㈜에스퓨처스,비상장 종속(명단 밖 코스피 모회사),0,자기 자신,
(주)LX벤처스,비상장 종속(명단 밖 코스피 모회사),(주)LX벤처스,비상장 종속(명단 밖 코스피 모회사),0,자기 자신,
동국인베스트먼트(주),비상장 종속(명단 밖 코스피 모회사),동국인베스트먼트(주),비상장 종속(명단 밖 코스피 모회사),0,자기 자신,
(주)세아기술투자,비상장 종속(명단 밖 코스피 모회사),(주)세아기술투자,비상장 종속(명단 밖 코스피 모회사),0,자기 자신,
(주)미래에스피씨,비상장 종속(명단 밖 코스피 모회사),(주)미래에스피씨,비상장 종속(명단 밖 코스피 모회사),0,자기 자신,
효성벤처스(주),비상장 종속(명단 밖 코스피 모회사),효성벤처스(주),비상장 종속(명단 밖 코스피 모회사),0,자기 자신,
㈜스카이워크자산운용,비상장 종속(명단 밖 코스피 모회사),㈜스카이워크자산운용,비상장 종속(명단 밖 코스피 모회사),0,자기 자신,
한화인베스트먼트㈜,비상장 종속(명단 밖 코스피 모회사),한화인베스트먼트㈜,비상장 종속(명단 밖 코스피 모회사),0,자기 자신,
(주)다이나믹벤처스,비상장 종속(명단 밖 코스피 모회사),(주)다이나믹벤처스,비상장 종속(명단 밖 코스피 모회사),0,자기 자신,
KPS파트너스(주),비상장 종속(명단 밖 코스피 모회사),KPS파트너스(주),비상장 종속(명단 밖 코스피 모회사),0,자기 자신,
(주)창원혁신산단개발자산관리,비상장 종속(명단 밖 코스피 모회사),(주)창원혁신산단개발자산관리,비상장 종속(명단 밖 코스피 모회사),0,자기 자신,
대웅인베스트먼트,비상장 종속(명단 밖 코스피 모회사),대웅인베스트먼트,비상장 종속(명단 밖 코스피 모회사),0,자기 자신,
삼익매츠벤처스(주),비상장 종속(명단 밖 코스피 모회사),삼익매츠벤처스(주),비상장 종속(명단 밖 코스피 모회사),0,자기 자신,
(주)유씨에이치파트너스,비상장 종속(명단 밖 코스피 모회사),(주)유씨에이치파트너스,비상장 종속(명단 밖 코스피 모회사),0,자기 자신,
메리츠캐피탈㈜ ,비상장 종속(손자회사),(주)메리츠금융지주,상장,2,금융-1 지배회사(비상장 종속(손자회사)),메리츠증권(주)
(주)KB금융지주,상장,(주)KB금융지주,상장,0,자기 자신,
(주)신한금융지주회사,상장,(주)신한금융지주회사,상장,0,자기 자신,
(주)하나금융지주,상장,(주)하나금융지주,상장,0,자기 자신,
(주)우리금융지주,상장,(주)우리금융지주,상장,0,자기 자신,
중소기업은행,상장,중소기업은행,상장,0,자기 자신,
삼성생명보험(주),상장,삼성생명보험(주),상장,0,자기 자신,
한화생명보험(주),상장,한화생명보험(주),상장,0,자기 자신,
(주)BNK금융지주,상장,(주)BNK금융지주,상장,0,자기 자신,
미래에셋증권(주),상장,미래에셋증권(주),상장,0,자기 자신,
한국투자금융지주(주),상장,한국투자금융지주(주),상장,0,자기 자신,
(주)메리츠금융지주,상장,(주)메리츠금융지주,상장,0,자기 자신,
(주)아이엠금융지주,상장,(주)아이엠금융지주,상장,0,자기 자신,
삼성화재해상보험(주),상장,삼성화재해상보험(주),상장,0,자기 자신,
엔에이치투자증권(주),상장,엔에이치투자증권(주),상장,0,자기 자신,
키움증권(주),상장,키움증권(주),상장,0,자기 자신,
삼성증권(주),상장,삼성증권(주),상장,0,자기 자신,
주식회사 카카오뱅크,상장,주식회사 카카오뱅크,상장,0,자기 자신,
DB손해보험(주),상장,DB손해보험(주),상장,0,자기 자신,
(주)JB금융지주,상장,(주)JB금융지주,상장,0,자기 자신,
현대해상화재보험(주),상장,현대해상화재보험(주),상장,0,자기 자신,
대신증권(주),상장,대신증권(주),상장,0,자기 자신,
미래에셋생명보험(주),상장,미래에셋생명보험(주),상장,0,자기 자신,
삼성카드(주),상장,삼성카드(주),상장,0,자기 자신,
주식회사 케이뱅크,상장,주식회사 케이뱅크,상장,0,자기 자신,
한화손해보험(주),상장,한화손해보험(주),상장,0,자기 자신,
유안타증권(주),상장,유안타증권(주),상장,0,자기 자신,
교보증권(주),상장,교보증권(주),상장,0,자기 자신,
한화투자증권(주),상장,한화투자증권(주),상장,0,자기 자신,
롯데손해보험(주),상장,롯데손해보험(주),상장,0,자기 자신,
코리안리재보험(주),상장,코리안리재보험(주),상장,0,자기 자신,
DB증권(주),상장,DB증권(주),상장,0,자기 자신,
흥국화재해상보험(주),상장,흥국화재해상보험(주),상장,0,자기 자신,
현대차증권(주),상장,현대차증권(주),상장,0,자기 자신,
유진투자증권(주),상장,유진투자증권(주),상장,0,자기 자신,
다올투자증권(주),상장,다올투자증권(주),상장,0,자기 자신,
신영증권(주),상장,신영증권(주),상장,0,자기 자신,
서울보증보험(주),상장,서울보증보험(주),상장,0,자기 자신,
(주)제주은행,상장,(주)제주은행,상장,0,자기 자신,
SK증권(주),상장,SK증권(주),상장,0,자기 자신,
주식회사 카카오페이,상장,주식회사 카카오페이,상장,0,자기 자신,
