account,rank,report,rcept_no,doc_basis,rows,parsed_eok,doc_total_eok,doc_total_src,gap_doc,bs_total_eok,summary_eok,gap_summary,gap_bs,api_eok,api_fs,gap_api,check,named_lenders
수도권매립지관리공사,폐기물,,, · 제외: 공공기관 — B2B 대상 아님(2026-10-01 결정),0,0.0,,,,,,,,,,,제외,0
오씨아이주식회사,화학,사업보고서 (2025.12),20260313000943,별도 감사보고서 · 색인(금융부채): 13. 금융부채 · 수동 입력(replace),4,7400.9,7400.9,수동 확인 기준값,+0.0%,,,,,,,,일치(1% 안),4
태광산업 주식회사,화학,사업보고서 (2025.12),20260323001584,별도 감사보고서 · 차입금 주석 없음,0,0.0,,,,,,,,,,,차입금 없음(주석 없음),0
한솔제지,제지,사업보고서 (2025.12),20260313001261,별도 감사보고서 · 색인: 18. 차입금 및 사채,26,7553.7,7546.2,자본관리 표,+0.1%,7546.3,,,+0.1%,,,,일치(1% 안),20
에이치디현대오일뱅크,정유,사업보고서 (2025.12),20260330000992,별도 감사보고서 · 차입금 주석 없음,0,0.0,,,,,,,,,,,차입금 없음(주석 없음),0
지에스칼텍스 주식회사,정유,사업보고서 (2025.12),20260331004120,별도 감사보고서 · 목차: 27. 사채 및 차입금 · 기준값 원문 확인,31,30676.4,31461.1,수동 확인 기준값,-2.5%,,,,,,,,근접(1~11%),27
에스케이에너지 주식회사,정유,사업보고서 (2025.12),20260316001108,별도 감사보고서 · 색인: 12. 사채당기말 및 전기말 현재 발행된,18,19000.0,,,,18978.7,,,+0.1%,,,,일치(1% 안),18
S-Oil(주),정유,사업보고서 (2025.12),20260320000559,별도 감사보고서 · 색인: 20. 차입금,43,75418.4,38135.0,자본관리 표,+97.8%,75353.4,75353.4,+0.1%,+0.1%,,,,일치(1% 안),43
SK인천석유화학(주),정유,사업보고서 (2025.12),20260316000998,별도 감사보고서 · 색인: 11. 사채 및 차입금,26,19919.4,,,,19893.1,19919.4,+0.0%,+0.1%,,,,일치(1% 안),26
대한유화 주식회사,화학,사업보고서 (2025.12),20260305001191,별도 감사보고서 · 색인: 18. 차입금 및 담보제공자산,10,1760.0,1760.0,자본관리 표,+0.0%,1760.0,,,+0.0%,,,,일치(1% 안),6
한화토탈에너지스 주식회사,화학,사업보고서 (2025.12),20260331004100,별도 감사보고서 · 색인: 14. 차입금 및 사채 · 수동 입력(replace),6,19721.8,,,,19973.7,,,-1.3%,,,,근접(1~11%),6
주식회사 엘지화학,화학,사업보고서 (2025.12),20260313001195,별도 감사보고서 · 색인: 14. 차입금 · 수동 입력(replace),2,87799.1,,,,88467.2,87799.1,+0.0%,-0.8%,,,,일치(1% 안),2
여천엔씨씨 주식회사,화학,사업보고서 (2025.12),20260331002872,별도 감사보고서 · 색인: 16. 차입금 · 수동 입력(replace),5,17341.9,17341.9,금융상품 장부금액 표,+0.0%,17341.9,17347.8,-0.0%,+0.0%,,,,일치(1% 안),4
한화솔루션 주식회사,화학,,, · 수동 입력(replace),2,48560.0,,,,,,,,,,,기준값 없음,2
롯데케미칼 주식회사,화학,사업보고서 (2025.12),20260312001296,별도 감사보고서 · 색인: 16. 차입금및사채 · 수동 입력(replace),7,45050.0,,,,45050.0,45050.0,+0.0%,+0.0%,,,,일치(1% 안),7
에스케이지오센트릭 주식회사,화학,사업보고서 (2025.12),20260316000965,별도 감사보고서 · 색인: 13. 사채 및 차입금,21,22800.0,5997.1,금융상품 장부금액 표,+280.2%,22771.8,22800.0,+0.0%,+0.1%,,,,일치(1% 안),21
금호석유화학 주식회사,화학,사업보고서 (2025.12),20260318001268,별도 감사보고서 · 색인: 16. 차입금 · 수동 입력(replace),6,6688.6,6688.6,금융상품 장부금액 표,+0.0%,3345.2,4113.6,+62.6%,+99.9%,,,,일치(1% 안),6
에스지씨에너지 주식회사,발전·에너지,사업보고서 (2025.12),20260312001227,별도 감사보고서 · 색인: 17. 차입금및사채,11,7758.8,,,,7756.9,7756.9,+0.0%,+0.0%,,,,일치(1% 안),9
주식회사 포스코퓨처엠,시멘트·비금속,사업보고서 (2025.12),20260312000826,별도 감사보고서 · 색인: 20. 차입금 및 사채 · 수동 입력(replace),3,35106.8,,,,35106.8,,,-0.0%,,,,일치(1% 안),3
한일현대시멘트 주식회사,시멘트·비금속,,, · 제외: 2025-11-01 한일시멘트에 흡수합병 — 차입금은 제조 94곳 한일시멘트 결과에 포함,0,0.0,,,,,,,,,,,제외,0
고려아연 주식회사,철강·금속,사업보고서 (2025.12),20260316000929,별도 감사보고서 · 목차: 22. 장단기차입금 · 수동 입력(replace),7,40893.0,,,,40893.0,,,-0.0%,,,,일치(1% 안),7
주식회사 포스코인터내셔널,발전·에너지,사업보고서 (2025.12),20260318001030,별도 감사보고서 · 색인: 15. 차입금 및 사채,44,46005.7,45925.0,자본관리 표,+0.2%,45925.0,,,+0.2%,,,,일치(1% 안),31
삼성디스플레이 주식회사,전자·반도체,감사보고서 (2025.12),20260318000377,별도 감사보고서 · 색인: 13. 차입금,3,20956.1,,,,20956.1,,,+0.0%,,,,일치(1% 안),2
삼성전자 주식회사,전자·반도체,사업보고서 (2025.12),20260310002820,"별도 감사보고서 · 색인: 12. 차입금, 13. 사채",5,381756.6,,,,390506.8,,,-2.2%,,,,근접(1~11%),3
엘지디스플레이(주),전자·반도체,사업보고서 (2025.12),20260311003822,별도 감사보고서 · 차입금 주석 없음,0,0.0,88342.1,자본관리 표,-100.0%,,,,,,,,차입금 없음(주석 없음),0
에스케이하이닉스 주식회사,전자·반도체,사업보고서 (2025.12),20260317000635,별도 감사보고서 · 색인: 15. 차입금,36,204257.2,201604.5,자본관리 표,+1.3%,201604.5,201604.5,+1.3%,+1.3%,,,,근접(1~11%),7
SK이노베이션(주),발전·에너지,사업보고서 (2025.12),20260316000827,별도 감사보고서 · 색인: 15. 사채 및 차입금,37,115181.2,70868.4,금융상품 장부금액 표,+62.5%,114718.0,115181.2,+0.0%,+0.4%,,,,일치(1% 안),36
현대자동차 주식회사,자동차,사업보고서 (2025.12),20260318001394,별도 감사보고서 · 색인: 14. 차입금 및 사채,7,28750.5,0.3,금융상품 장부금액 표,+11057765.4%,28750.0,,,+0.0%,,,,일치(1% 안),4
씨지앤율촌전력 주식회사,발전·에너지,감사보고서 (2025.12),20260401001077,별도 감사보고서 · 목차: 7. 장기차입금보고기간종료일 현재의 당사,5,2536.1,,,,2536.1,,,-0.0%,,,,일치(1% 안),1
지에스이피에스,발전·에너지,사업보고서 (2025.12),20260318000150,별도 감사보고서 · 색인: 20. 차입금 및 사채 · 수동 입력(replace),3,6793.4,6793.4,금융상품 장부금액 표,-0.0%,6793.4,2599.3,+161.3%,-0.0%,,,,일치(1% 안),3
한국남동발전,발전·에너지,사업보고서 (2025.12),20260331002847,"별도 감사보고서 · 목차: 19. 차입금, 사채 및 유동화채무",63,41547.0,0.0,금융상품 장부금액 표,,41547.0,41547.0,+0.0%,+0.0%,,,,일치(1% 안),62
한국남부발전 주식회사,발전·에너지,사업보고서 (2025.12),20260330000716,별도 감사보고서 · 색인: 21. 차입금 및 사채,79,49764.5,49690.9,자본관리 표,+0.1%,49764.5,49764.5,+0.0%,+0.0%,,,,일치(1% 안),79
한국동서발전 주식회사,발전·에너지,사업보고서 (2025.12),20260331003494,별도 감사보고서 · 색인: 19. 차입금 및 사채,55,37646.8,,,,,37646.8,+0.0%,,,,,일치(1% 안),54
한국서부발전,발전·에너지,사업보고서 (2025.12),20260331003348,별도 감사보고서 · 목차: 20. 차입금및사채,105,61658.1,61568.0,자본관리 표,+0.1%,61658.1,61658.1,+0.0%,+0.0%,,,,일치(1% 안),103
한국수력원자력,발전·에너지,사업보고서 (2025.12),20260331003643,별도 감사보고서 · 목차: 18. 차입금 및 사채,126,135673.2,,,,145042.4,145042.4,-6.5%,-6.5%,,,,근접(1~11%),125
한국중부발전,발전·에너지,사업보고서 (2025.12),20260331003093,별도 감사보고서 · 색인(금융부채): 20. 금융부채,87,70218.6,0.0,금융상품 장부금액 표,,70218.6,70128.5,+0.1%,+0.0%,,,,일치(1% 안),84
한국지역난방공사,발전·에너지,,, · 수동 입력(replace),1,34775.2,,,,,,,,,,,기준값 없음,1
(주)한주,발전·에너지,감사보고서 (2025.12),20260323000380,별도 감사보고서 · 색인: 11. 차입금,9,667.7,667.7,자본관리 표,+0.0%,667.7,,,+0.0%,,,,일치(1% 안),5
GS파워,발전·에너지,사업보고서 (2025.12),20260327001158,별도 감사보고서 · 색인: 12. 차입금 및 사채,32,17712.7,,,,17690.4,,,+0.1%,,,,일치(1% 안),25
한화에너지주식회사,발전·에너지,사업보고서 (2025.12),20260331003788,별도 감사보고서 · 색인: 19. 차입금,16,23230.9,23212.8,금융상품 장부금액 표,+0.1%,23212.8,,,+0.1%,,,,일치(1% 안),16
평택에너지앤파워 주식회사,발전·에너지,사업보고서 (2025.12),20260331003806,별도 감사보고서 · 색인: 19. 차입금 및 사채,12,5486.2,2076.2,금융상품 장부금액 표,+164.2%,5494.6,5494.6,-0.2%,-0.2%,,,,일치(1% 안),12
디에스파워 주식회사,발전·에너지,감사보고서 (2025.12),20260327000602,별도 감사보고서 · 색인: 15. 차입금,13,4489.7,,,,4489.7,,,-0.0%,,,,일치(1% 안),10
대구그린파워(주),발전·에너지,감사보고서 (2025.12),20260327000067,별도 감사보고서 · 전체 훑기(주석 구역 안) · 수동 입력(replace),12,2220.2,,,,2220.2,,,+0.0%,,,,일치(1% 안),12
동두천드림파워,발전·에너지,감사보고서 (2025.12),20260325000743,별도 감사보고서 · 색인: 16. 차입금및사채,8,7825.9,410.0,금융상품 장부금액 표,+1808.6%,7805.5,7805.5,+0.3%,+0.3%,,,,일치(1% 안),7
주식회사 대륜발전,발전·에너지,감사보고서 (2025.12),20260402002211,"별도 감사보고서 · 색인: 13. 장기차입금 및 유동성장기부채, 14. 단기차입금",4,3619.3,,,,3619.3,,,-0.0%,,,,일치(1% 안),2
포천파워(주),발전·에너지,감사보고서 (2025.12),20260331001540,별도 감사보고서 · 색인: 14. 차입금,3,4534.2,4416.8,자본관리 표,+2.7%,4416.8,,,+2.7%,,,,근접(1~11%),2
(주)에스파워,발전·에너지,사업보고서 (2025.12),20260331000693,별도 감사보고서 · 색인: 13. 차입부채,5,3998.3,,,,2198.3,2200.0,+81.7%,+81.9%,,,,확인 필요,5
(주)지에스동해전력,발전·에너지,감사보고서 (2025.12),20260325000859,별도 감사보고서 · 색인: 18. 장기차입금,1,8400.0,,,,8289.0,,,+1.3%,,,,근접(1~11%),1
포천민자발전 주식회사,발전·에너지,감사보고서 (2025.12),20260407000132,별도 감사보고서 · 목차: 6. 차입금,5,6662.0,,,,6662.0,,,-0.0%,,,,일치(1% 안),4
내포그린에너지(주),발전·에너지,감사보고서 (2025.12),20260401002312,별도 감사보고서 · 목차: 6. 차입금 · 수동 입력(replace),11,5419.5,,,,5419.5,,,+0.0%,,,,일치(1% 안),11
파주에너지서비스,발전·에너지,사업보고서 (2025.12),20260331003505,별도 감사보고서 · 색인: 16. 차입금 및 사채,14,5515.3,815.2,자본관리 표,+576.5%,5505.7,,,+0.2%,,,,일치(1% 안),13
OCI SE 주식회사,발전·에너지,감사보고서 (2025.12),20260326000051,별도 감사보고서 · 색인(금융부채): 12. 금융부채 · 수동 입력(replace),2,1984.0,1984.0,자본관리 표,+0.0%,,,,,,,,일치(1% 안),2
춘천에너지 주식회사,발전·에너지,감사보고서 (2025.12),20260402000181,별도 감사보고서 · 목차: 9. 장기차입금 · 수동 입력(replace),11,3609.3,,,,3609.3,,,+0.0%,,,,일치(1% 안),11
나래에너지서비스 주식회사,발전·에너지,사업보고서 (2025.12),20260331002405,별도 감사보고서 · 색인: 19. 사채 및 차입금,6,3000.0,0.0,자본관리 표,,2992.7,,,+0.2%,,,,일치(1% 안),6
코스포영남파워 주식회사,발전·에너지,감사보고서 (2025.12),20260406001557,별도 감사보고서 · 목차: 15. 차입금,3,1956.4,,,,,1956.4,+0.0%,,,,,일치(1% 안),2
고성그린파워 주식회사,발전·에너지,감사보고서 (2025.12),20260327000289,별도 감사보고서 · 색인: 16. 차입금,3,36633.5,,,,36501.5,36633.5,+0.0%,+0.4%,,,,일치(1% 안),2
엘지유플러스(주),기타 비제조,사업보고서 (2025.12),20260313000442,별도 감사보고서 · 색인: 17. 차입금 및 사채,4,53792.4,64646.2,자본관리 표,-16.8%,53710.0,,,+0.2%,,,,일치(1% 안),4
주식회사 케이티,기타 비제조,사업보고서 (2025.12),20260323001553,별도 감사보고서 · 색인: 15. 차입금 · 수동 입력(replace),6,70905.8,70687.1,자본관리 표,+0.3%,70687.1,,,+0.3%,,,,일치(1% 안),6
에스케이텔레콤 주식회사,기타 비제조,사업보고서 (2025.12),20260318000532,별도 감사보고서 · 색인: 15. 차입금 및 사채 · 수동 입력(replace),5,67113.4,6300.0,자본관리 표,+965.3%,67113.4,,,+0.0%,,,,일치(1% 안),5
강릉에코파워(주),발전·에너지,감사보고서 (2025.12),20260402002604,별도 감사보고서 · 색인: 13. 차입금,4,46083.0,46083.0,자본관리 표,+0.0%,46083.0,,,+0.0%,,,,일치(1% 안),4
신평택발전(주),발전·에너지,감사보고서 (2025.12),20260327000198,별도 감사보고서 · 색인: 12. 차입금,17,5785.0,,,,5770.2,5785.0,+0.0%,+0.3%,,,,일치(1% 안),17
한국철도공사,운수·항공,,, · 제외: 공공기관 — B2B 대상 아님(2026-10-01 결정),0,0.0,,,,,,,,,,,제외,0
