account,group,layer,sector,mfg_eok,assets_jo,share_assets,share_table,check,check_note,value_basis,col_basis,cols,mfg_rows,unit,doc_basis,rcept_no,report_nm,audit_note
케이디비생명보험주식회사,생명보험,공공기관 종속,생명보험,50.09,17.2045,0.029,0.02,분자 채택,표 합계/총자산 1.43,감사보고서,장부 자산 열 합 (가로형 표),당기손익-공정가치측정금융자산 | 기타포괄손익-공정가치측정금융자산 | 상각후원가측정유가증권 | 상각후원가측정대출채권 및 상각후원가측정기타금융자산 | 위험회피목적파생상품자산,(단위:백만원) 제조업,백만원,별도 감사보고서,20260331004180,사업보고서 (2025.12),합계 줄 없음 — 줄 합을 합계로 · 검산②: 표 합계/총자산 1.43 · 검산③: FISIS 일치(둘 다 거의 0)
산은캐피탈㈜,카드·캐피탈,공공기관 종속,금융리스,3017.74,12.1433,2.485,5.46,분자 채택,검산①: 업종 줄 합 ≠ 합계,감사보고서,장부 자산 열 합,대출채권 STAGE 1 지역별 | 대출채권 STAGE 2 지역별 | 대출채권 STAGE 3 지역별,제조업,천원,별도 감사보고서,20260330001754,사업보고서 (2025.12),검산①: 업종 줄 합 ≠ 합계 · 가계·개인 줄 없음(기업만)
농협생명보험(주),생명보험,비상장 비종속(대기업집단),생명보험,14710.19,52.62,2.796,3.31,성공,,감사보고서,장부 자산 열 합,당기손익-공정가치측정금융자산 장부금액 | 기타포괄손익-공정가치측정금융자산 장부금액 | 상각후원가측정유가증권 장부금액,제조업,백만원,별도 감사보고서,20260331002277,사업보고서 (2025.12),가계·개인 줄 없음(기업만)
농협금융지주(주),금융지주,비상장 비종속(대기업집단),금융지주,67459.84,27.45,24.576,65.54,성공,,감사보고서,합계 열 기준,합 계,제조업,백만원,연결감사보고서,20260331004252,사업보고서 (2025.12),가계·개인 줄 없음(기업만)
흥국생명보험(주),생명보험,비상장 비종속(대기업집단),생명보험,6116.91,23.84,2.566,2.52,성공,,감사보고서,장부 자산 열 합 (가로형 표),당기손익-공정가치측정금융자산 | 기타포괄손익-공정가치측정금융자산 | 상각후원가측정금융자산,산업별 편중도 제조업,백만원,별도 감사보고서,20260331004251,사업보고서 (2025.12),합계 줄 없음 — 줄 합을 합계로 · 가계·개인 줄 없음(기업만)
엔에이치농협캐피탈(주),카드·캐피탈,비상장 비종속(대기업집단),카드·할부금융,9515.07,10.31,9.229,11.81,성공,,감사보고서,장부 자산 열 합,일반대출 | 할부금융자산 | 리스/렌탈채권 | 기타,제조업,천원,별도 감사보고서,20260331003329,사업보고서 (2025.12),가계·개인 줄 없음(기업만)
㈜애큐온캐피탈,카드·캐피탈,비상장 비종속(독립·외국계),카드·할부금융,5017.03,4.2102,11.916,9.43,분자 채택,표 합계/총자산 1.26,감사보고서,장부 자산 열 합 (가로형 표),상각후원가측정대출채권 | 할부금융자산 | 리스자산 | 총장부금액,기업 제조업,천원,별도 감사보고서,20260331001467,사업보고서 (2025.12),검산②: 표 합계/총자산 1.26
엠지캐피탈㈜,카드·캐피탈,비상장 비종속(독립·외국계),금융리스,138.0,3.2594,0.423,2.8,성공,,감사보고서,장부 자산 열 합,취득원가 | 당기말,공동기업 한국투자제조혁신제1호사모투자합자회사,원,별도 감사보고서,20260320000614,사업보고서 (2025.12),
한국투자증권,증권,비상장 종속,증권,22201.05,108.14,2.053,7.97,성공,,감사보고서,장부 자산 열 합,(단위: 천원) 대출채권 | (단위: 천원) 장부금액,제조업,천원,사업보고서 별도 주석,20260515000880,[기재정정]사업보고서 (2025.12),가계·개인 줄 없음(기업만)
KB증권,증권,비상장 종속,증권,3394.1,76.46,0.444,1.93,성공,,감사보고서,장부 자산 열 합,(단위: 천원) 상각후원가측정대출채권 | (단위: 천원) 장부금액,제조업,천원,별도 감사보고서,20260324000784,사업보고서 (2025.12),
하나증권,증권,비상장 종속,증권,21823.13,64.48,3.384,4.02,분자 채택,검산①: 업종 줄 합 ≠ 합계,감사보고서,장부 자산 열 합,원화 | 외화,당기손익-공정가치 측정금융자산 제조업 + 기타포괄손익-공정가치측정금융자산 제조업 + 기업대출 제조업,천원,사업보고서 별도 주석,20260316001131,[기재정정]사업보고서 (2025.12),검산①: 업종 줄 합 ≠ 합계
KB캐피탈,카드·캐피탈,비상장 종속,금융리스,2010.13,18.16,1.107,2.23,성공,,감사보고서,장부 자산 열 합,(단위:천원) 당기말 여신잔액 | (단위:천원) 당기말 장부금액,제조업,천원,사업보고서 별도 주석,20260331004951,[기재정정]사업보고서 (2025.12),가계·개인 줄 없음(기업만)
우리금융캐피탈㈜,카드·캐피탈,비상장 종속,금융리스,6348.41,12.36,5.136,3.84,분자 채택,검산①: 업종 줄 합 ≠ 합계 · 표 합계/총자산 1.34,감사보고서,장부 자산 열 합,(단위: 백만원) 제32(당)기 장부금액 | (단위: 백만원) 제31(전)기 장부금액,기업대출 제조업,백만원,별도 감사보고서,20260313000957,사업보고서 (2025.12),검산①: 업종 줄 합 ≠ 합계 · 검산②: 표 합계/총자산 1.34
BNK캐피탈(주),카드·캐피탈,비상장 종속,금융리스,6612.53,10.5,6.298,8.72,성공,,감사보고서,장부 자산 열 합,현금및예치금 | 대출채권 | 수취채권 | 할부금융자산 | 리스채권,제조업,천원,별도 감사보고서,20260331002980,사업보고서 (2025.12),가계·개인 줄 없음(기업만)
JB우리캐피탈(주),카드·캐피탈,비상장 종속,카드·할부금융,1899.57,10.23,1.857,1.76,성공,,감사보고서,장부 자산 열 합 (가로형 표),당기손익-공정가치측정금융자산 | 위험회피파생상품자산 | 상각후원가측정대출채권 | 금융리스채권 | 기타자산,제조업,천원,별도 감사보고서,20260318000673,사업보고서 (2025.12),
(주)iM증권,증권,비상장 종속,증권,2743.99,10.15,2.703,3.14,성공,,감사보고서,장부 자산 열 합,(단위: 천원) 난내금융자산 현금및예치금 | (단위: 천원) 난내금융자산 당기손익-공정가치측정금융자산 | (단위: 천원) 난내금융자산 기타포괄손익-공정가치측정금융자산 | (단위: 천원) 난내금융자산 상각후원가측정 대출채권 | (단위: 천원) 난내금융자산 파생상품자산 | (단위: 천원) 난내금융자산 기타금융자산,기업 제조업,천원,별도 감사보고서,20260325000480,[첨부추가]사업보고서 (2025.12),
하나생명보험,생명보험,비상장 종속,생명보험,555.65,6.98,0.796,1.07,성공,,감사보고서,장부 자산 열 합 (가로형 표),당기손익-공정가치측정금융자산 | 기타포괄손익-공정가치금융자산 | 기타대출금 | 기타 | 파생상품자산,제조업,천원,별도 감사보고서,20260325000201,감사보고서 (2025.12),가계·개인 줄 없음(기업만) · 검산③: FISIS 일치
(주)iM라이프생명보험,생명보험,비상장 종속,생명보험,406.44,6.84,0.594,0.66,성공,,감사보고서,장부 자산 열 합,(단위: 백만원) 제39(당)기 당기손익-공정가치측정 금융자산 | (단위: 백만원) 제39(당)기 기타포괄손익-공정가치측정 금융자산 | (단위: 백만원) 제39(당)기 상각후원가측정대출채권및수취채권 | (단위: 백만원) 제39(당)기 위험회피파생상품자산,기 업 제조업,백만원,별도 감사보고서,20260406004393,감사보고서 (2025.12),검산③: FISIS 일치(둘 다 거의 0)
한국투자캐피탈,카드·캐피탈,비상장 종속,여신금융,460.52,6.13,0.751,0.44,분자 채택,표 합계/총자산 1.70,감사보고서,장부 자산 열 합,(단위: 백만원) 대출채권 | (단위: 백만원) 장부금액,제조업,백만원,별도 감사보고서,20260330000990,사업보고서 (2025.12),검산②: 표 합계/총자산 1.69
(주)iM캐피탈,카드·캐피탈,비상장 종속,금융리스,3373.29,5.44,6.201,7.08,성공,,감사보고서,장부 자산 열 합,(단위 : 백만원) 제 17(당) 기말 당기손익-공정가치측정금융자산 | (단위 : 백만원) 제 17(당) 기말 대출채권 | (단위 : 백만원) 제 17(당) 기말 할부금융자산 | (단위 : 백만원) 제 17(당) 기말 금융리스자산,기 업 제조업,백만원,사업보고서 별도 주석,20260515000290,[기재정정]사업보고서 (2025.12),
키움캐피탈,카드·캐피탈,비상장 종속,기타 여신금융,1689.81,3.14,5.382,7.45,성공,,감사보고서,장부 자산 열 합,(단위 : 천원) 대출채권 | (단위 : 천원) 기타의 수취채권,제조업,천원,별도 감사보고서,20260327001677,사업보고서 (2025.12),
우리벤처파트너스㈜,기타,비상장 종속,기타 금융(확인 필요),155.99,0.38,4.105,28.77,성공,,감사보고서,장부 자산 열 합,(단위: 천원) 공정가치 당기손익-공정가치측정 금융자산 지분증권 및 출자금 | (단위: 천원) 수준3 투입변수 범위 당기손익-공정가치측정 금융자산 지분증권 및 출자금,A사(제조업) 보통주 + A사(제조업) 우선주 + A사(제조업) 우선주 + A사(제조업) 우선주 + A사(제조업) 우선주 + B사(제조업) 보통주 + F사 보통주(제조업) + G사 보통주(제조업),천원,별도 감사보고서,20260325000111,감사보고서 (2025.12),합계 줄 없음 — 줄 합을 합계로 · 가계·개인 줄 없음(기업만)
한국투자프라이빗에쿼티,기타,비상장 종속,그외 기타 금융,47.49,0.2,2.375,1.4,분자 채택,표 합계/총자산 1.70,감사보고서,장부 자산 열 합,기 초 | 취득(처분) | 배당금 | 지분법손익 | 지분법자본변동 | 기 말,관계기업및공동지배기업 한국투자제조혁신사모투자합자회사,원,별도 감사보고서,20260327000791,감사보고서 (2025.12),가계·개인 줄 없음(기업만) · 검산②: 표 합계/총자산 1.70
신한벤처투자,자산운용·신탁,비상장 종속,신탁·집합투자,13.39,0.18,0.744,10.19,성공,,감사보고서,장부 자산 열 합 (가로형 표),은행 | 채무증권,제조업,백만원,별도 감사보고서,20260325000206,감사보고서 (2025.12),
다올자산운용㈜,자산운용·신탁,비상장 종속,신탁·집합투자,64.79,0.07,9.256,31.29,성공,,감사보고서,단일 금액 열,(단위: 천원) 소송금액,정보통신공제조합(*3) 다올자산운용,천원,별도 감사보고서,20260319000324,감사보고서 (2025.12),합계 줄 없음 — 줄 합을 합계로 · 가계·개인 줄 없음(기업만)
(주)iM유페이,기타,비상장 종속,그외 기타 금융,0.01,0.04,0.003,0.02,성공,,감사보고서,장부 자산 열 합,(단위: 원) 제 17(당) 기말 | (단위: 원) 제 16(전) 기말,제조업,원,별도 감사보고서,20260331000244,감사보고서 (2025.12),가계·개인 줄 없음(기업만)
현대캐피탈,카드·캐피탈,비상장 종속(명단 밖 코스피 모회사),카드·할부금융,4667.76,42.52,1.098,1.62,성공,,감사보고서,단일 금액 열,(단위: 백만원) 당기말 장부금액,제조업,백만원,별도 감사보고서,20260318001032,사업보고서 (2025.12),
한국투자금융지주(주),금융지주,상장,금융지주,25679.74,136.16,1.886,4.38,성공,,감사보고서,장부 자산 열 합,(단위: 백만원) 대출채권 | (단위: 백만원) 장부금액,제조업,백만원,연결감사보고서,20260319001006,사업보고서 (2025.12),가계·개인 줄 없음(기업만)
(주)아이엠금융지주,금융지주,상장,금융지주,106266.19,98.86,10.749,11.32,성공,,감사보고서,장부 자산 열 합,(단위 : 백만원) 제 15(당) 기말 난내금융자산 예치금 | (단위 : 백만원) 제 15(당) 기말 난내금융자산 당기손익 공정가치측정금융자산 | (단위 : 백만원) 제 15(당) 기말 난내금융자산 기타포괄손익공정가치측정금융자산 | (단위 : 백만원) 제 15(당) 기말 난내금융자산 상각후원가 측정유가증권 | (단위 : 백만원) 제 15(당) 기말 난내금융자산 상각후원가 측정대출채권 | (단위 : 백만원) 제 15(당) 기말 난내금융자산 파생상품자산 | (단위 : 백만원) 제 15(당) 기말 난내금융자산 재보험자산 | (단위 : 백만원) 제 15(당) 기말 난내금융자산 기타금융자산,기업 제조업,백만원,사업보고서 연결 주석,20260515000720,[기재정정]사업보고서 (2025.12),
엔에이치투자증권(주),증권,상장,증권,51839.49,83.39,6.217,7.31,성공,,감사보고서,장부 자산 열 합 (가로형 표),상각후원가측정금융자산 기업 | 상각후원가측정금융자산 소매 | 당기손익-공정가치금융자산 당기손익-공정가치측정채무증권 | 당기손익-공정가치금융자산 당기손익-공정가치측정대출채권 | 당기손익-공정가치금융자산 파생상품자산 | 당기손익-공정가치금융자산 기타 | 기타포괄손익-공정가치금융자산 기타포괄손익-공정가치채무증권,제조업,백만원,별도 감사보고서,20260313000771,사업보고서 (2025.12),
흥국화재해상보험(주),손해보험,상장,손해보험,3621.72,12.5,2.897,1.89,분자 채택,표 합계/총자산 1.54,감사보고서,장부 자산 열 합 (가로형 표),현금및예치금 | 당기손익-공정가치측정금융자산 | 기타포괄손익-공정가치측정금융자산 | 위험회피목적파생상품자산 | 상각후원가측정대출채권,(단위: 백만원) 제조업,백만원,별도 감사보고서,20260319001047,사업보고서 (2025.12),합계 줄 없음 — 줄 합을 합계로 · 검산②: 표 합계/총자산 1.54 · 검산③: FISIS 일치
유진투자증권(주),증권,상장,증권,1476.94,11.05,1.337,5.63,성공,,감사보고서,장부 자산 열 합,(단위 : 천원) 상각후원가측정대출채권 | (단위 : 천원) 장부금액,제조업,천원,별도 감사보고서,20260318000844,사업보고서 (2025.12),
