account,rank,report,rcept_no,doc_basis,rows,parsed_eok,doc_total_eok,doc_total_src,gap_doc,bs_total_eok,gap_bs,api_eok,api_fs,gap_api,check,named_lenders
(주)케이비아이텍,폐기물,감사보고서 (2025.12),20260406003275,별도 감사보고서 · 차입금 주석 없음,0,0.0,,,,,,,,,차입금 없음(주석 없음),0
NC울산(주),폐기물,감사보고서 (2025.12),20260407002976,별도 감사보고서 · 전체 훑기(주석 구역 안),1,0.1,,,,0.1,+0.0%,,,,일치(1% 안),1
부경산업(주),폐기물,감사보고서 (2025.12),20260331002403,별도 감사보고서 · 목차: 10. 차입금,6,52.4,,,,52.4,+0.0%,,,,일치(1% 안),3
한국환경개발(주),폐기물,감사보고서 (2025.12),20260410001588,별도 감사보고서 · 차입금 주석 없음,0,0.0,,,,,,,,,차입금 없음(주석 없음),0
(주)케이비아이국인산업,폐기물,감사보고서 (2025.12),20260406002346,별도 감사보고서 · 목차: 7. 장ㆍ단기차입금,12,496.1,,,,496.1,+0.0%,,,,일치(1% 안),6
비노텍 주식회사,폐기물,감사보고서 (2025.12),20260409002643,별도 감사보고서 · 차입금 주석 없음,0,0.0,,,,,,,,,차입금 없음(주석 없음),0
리뉴에너지경인 주식회사,폐기물,감사보고서 (2025.12),20260331000220,별도 감사보고서 · 차입금 주석 없음,0,0.0,,,,,,,,,차입금 없음(주석 없음),0
주식회사 GS반월열병합발전,발전·에너지,감사보고서 (2025.12),20260323000362,별도 감사보고서 · 색인: 13. 차입금,3,1690.0,,,,1689.3,+0.0%,,,,일치(1% 안),2
경산제지 주식회사,제지,감사보고서 (2025.12),20260330001285,별도 감사보고서 · 차입금 주석 없음,0,0.0,,,,,,,,,차입금 없음(주석 없음),0
(주)아진피앤피,제지,감사보고서 (2025.12),20260414001320,"별도 감사보고서 · 색인: 15. 차입금, 16. 사채    보고기간종료일 현재 사채",28,2159.5,,,,2159.5,-0.0%,,,,일치(1% 안),21
블루산업개발 주식회사,제지,사업보고서 (2025.12),20260323001405,별도 감사보고서 · 색인: 23. 차입금,5,548.3,,,,606.5,-9.6%,,,,근접(1~11%),3
주식회사 한국알스트롬,제지,감사보고서 (2025.12),20260406003161,별도 감사보고서 · 차입금 주석 없음,0,0.0,,,,,,,,,차입금 없음(주석 없음),0
태림페이퍼주식회사,제지,감사보고서 (2025.12),20260330000101,별도 감사보고서 · 색인: 18. 차입금,26,4704.9,4704.9,자본관리 표,+0.0%,4684.4,+0.4%,,,,일치(1% 안),10
에이치디현대오일뱅크,정유,사업보고서 (2025.12),20260330000992,별도 감사보고서 · 차입금 주석 없음,0,0.0,,,,,,,,,차입금 없음(주석 없음),0
지에스칼텍스 주식회사,정유,사업보고서 (2025.12),20260331004120,별도 감사보고서 · 목차: 27. 사채 및 차입금,31,30676.4,,,,,,,,,기준값 없음,27
에스케이에너지 주식회사,정유,사업보고서 (2025.12),20260316001108,별도 감사보고서 · 색인: 12. 사채당기말 및 전기말 현재 발행된,18,19000.0,,,,18978.7,+0.1%,,,,일치(1% 안),18
S-Oil(주),정유,사업보고서 (2025.12),20260320000559,별도 감사보고서 · 색인: 20. 차입금,43,75418.4,38135.0,자본관리 표,+97.8%,75353.4,+0.1%,,,,일치(1% 안),43
에스케이엔무브 주식회사,정유,,,,0,0.0,,,,,,,,,기준값 없음,0
SK인천석유화학(주),정유,사업보고서 (2025.12),20260316000998,별도 감사보고서 · 색인: 11. 사채 및 차입금,29,39838.8,,,,19893.1,+100.3%,,,,확인 필요,29
주식회사 팜한농,화학,사업보고서 (2025.12),20260313001266,별도 감사보고서 · 색인: 14. 차입금,3,3798.3,,,,3963.2,-4.2%,,,,근접(1~11%),2
한화임팩트 주식회사,화학,감사보고서 (2025.12),20260324000839,별도 감사보고서 · 색인: 14. 차입금 및 사채,21,9325.5,,,,9000.5,+3.6%,,,,근접(1~11%),11
롯데정밀화학 주식회사,화학,사업보고서 (2025.12),20260311004005,별도 감사보고서 · 차입금 주석 없음,0,0.0,,,,,,,,,차입금 없음(주석 없음),0
주식회사 카프로,화학,사업보고서 (2025.12),20260323000718,별도 감사보고서 · 색인: 16. 차입금 및 사채,15,1333.0,1183.5,자본관리 표,+12.6%,1183.5,+12.6%,,,,확인 필요,9
린데코리아 주식회사,화학,감사보고서 (2025.12),20260408003250,별도 감사보고서 · 목차: 10. 차입금,2,67.4,,,,67.4,+0.0%,,,,일치(1% 안),2
삼양이노켐 주식회사,화학,감사보고서 (2025.12),20260324000101,별도 감사보고서 · 색인: 12. 차입금,0,0.0,,,,1035.5,-100.0%,,,,확인 필요,0
롯데에너지머티리얼즈(주),전자·반도체,사업보고서 (2025.12),20260310002974,별도 감사보고서 · 색인: 18. 차입금,4,1550.0,1550.0,자본관리 표,+0.0%,1550.0,+0.0%,,,,일치(1% 안),3
주식회사 디비하이텍,전자·반도체,사업보고서 (2025.12),20260316001250,별도 감사보고서 · 색인: 17. 차입금,2,315.6,,,,1140.1,-72.3%,,,,확인 필요,2
에스케이실트론 주식회사,전자·반도체,사업보고서 (2025.12),20260331003949,별도 감사보고서 · 색인: 16. 사채 및 차입금,23,19782.0,19547.7,자본관리 표,+1.2%,19547.7,+1.2%,,,,근접(1~11%),20
에스케이하이닉스 주식회사,전자·반도체,사업보고서 (2025.12),20260317000635,별도 감사보고서 · 색인: 15. 차입금,36,204257.2,201604.5,자본관리 표,+1.3%,201604.5,+1.3%,,,,근접(1~11%),7
솔브레인에스엘디 주식회사,전자·반도체,감사보고서 (2025.12),20260403000478,별도 감사보고서 · 색인: 17. 차입금,0,0.0,,,,80.0,-100.0%,,,,확인 필요,0
에스케이키파운드리 주식회사,전자·반도체,감사보고서 (2025.12),20260401000214,별도 감사보고서 · 색인: 15. 차입금,3,1032.9,,,,1032.9,+0.0%,,,,일치(1% 안),2
(주)이녹스첨단소재,전자·반도체,사업보고서 (2025.12),20260318001197,별도 감사보고서 · 색인: 20. 차입금 및 사채,6,1290.0,0.0,금융부채 범주별 표,,1448.3,-10.9%,,,,근접(1~11%),3
안산도시개발(주),발전·에너지,감사보고서 (2025.12),20260327000368,별도 감사보고서 · 전체 훑기(주석 구역 안),5,203.8,,,,204.7,-0.4%,,,,일치(1% 안),3
인천종합에너지(주),발전·에너지,감사보고서 (2025.12),20260323001189,별도 감사보고서 · 색인: 13. 차입금,0,0.0,,,,1647.9,-100.0%,,,,확인 필요,0
한국남동발전,발전·에너지,사업보고서 (2025.12),20260331002847,"별도 감사보고서 · 목차: 19. 차입금, 사채 및 유동화채무",63,41547.0,0.0,금융상품 장부금액 표,,41547.0,+0.0%,,,,일치(1% 안),62
한국남부발전 주식회사,발전·에너지,사업보고서 (2025.12),20260330000716,별도 감사보고서 · 색인: 21. 차입금 및 사채,79,49764.5,49690.9,자본관리 표,+0.1%,49764.5,+0.0%,,,,일치(1% 안),79
한화에너지주식회사,발전·에너지,사업보고서 (2025.12),20260331003788,별도 감사보고서 · 색인: 19. 차입금,16,23230.9,23212.8,금융상품 장부금액 표,+0.1%,23212.8,+0.1%,,,,일치(1% 안),16
나래에너지서비스 주식회사,발전·에너지,사업보고서 (2025.12),20260331002405,별도 감사보고서 · 색인: 19. 사채 및 차입금,6,3000.0,0.0,자본관리 표,,2992.7,+0.2%,,,,일치(1% 안),6
경기그린에너지(주),발전·에너지,감사보고서 (2025.12),20260331002181,별도 감사보고서 · 목차: 14. 차입금,9,450.1,,,,,,,,,기준값 없음,8
주식회사 에코프로에이피,화학,감사보고서 (2025.12),20260325000200,별도 감사보고서 · 색인: 15. 차입금,7,492.1,492.1,자본관리 표,+0.0%,492.1,+0.0%,,,,일치(1% 안),6
나투라페이퍼 주식회사,제지,감사보고서 (2025.12),20260402000876,별도 감사보고서 · 색인: 17. 차입금,6,583.4,583.4,자본관리 표,+0.0%,583.4,-0.0%,,,,일치(1% 안),4
신대양제지반월(주),제지,감사보고서 (2025.12),20260407001147,별도 감사보고서 · 전체 훑기(주석 구역 안),0,0.0,,,,,,,,,기준값 없음,0
강릉에코파워(주),발전·에너지,감사보고서 (2025.12),20260402002604,별도 감사보고서 · 색인: 13. 차입금,4,46083.0,46083.0,자본관리 표,+0.0%,46083.0,+0.0%,,,,일치(1% 안),4
에이치디현대오씨아이 주식회사,화학,감사보고서 (2025.12),20260403000112,별도 감사보고서 · 차입금 주석 없음,0,0.0,0.0,자본관리 표,+0.0%,,,,,,차입금 없음(원문 총계 0),0
제이셋스태츠칩팩코리아(유),전자·반도체,감사보고서 (2025.12),20260403001307,별도 감사보고서 · 목차: 10. 차입금,0,0.0,,,,2666.3,-100.0%,,,,확인 필요,0
(주)온셀텍,전자·반도체,감사보고서 (2025.12),20260406000867,별도 감사보고서 · 전체 훑기(주석 구역 안),0,0.0,,,,,,,,,기준값 없음,0
(주)우익반도체,전자·반도체,감사보고서 (2025.12),20260402001118,별도 감사보고서 · 목차: 9. 장 ·단기차입금,4,232.7,,,,232.7,+0.0%,,,,일치(1% 안),2
에스케이피아이씨글로벌 주식회사,화학,감사보고서 (2025.12),20260318000639,별도 감사보고서 · 목차: 16. 장ㆍ단기차입금,8,1093.5,,,,2419.3,-54.8%,,,,확인 필요,8
주식회사 진에어,운수·항공,사업보고서 (2025.12),20260318000946,별도 감사보고서 · 차입금 주석 없음,0,0.0,,,,,,,,,차입금 없음(주석 없음),0
(주)중앙고속,운수·항공,감사보고서 (2025.12),20260401004435,별도 감사보고서 · 전체 훑기(주석 구역 안),0,0.0,,,,,,,,,기준값 없음,0
(주)대원운수,운수·항공,감사보고서 (2025.12),20260408000914,별도 감사보고서 · 목차: 10. 단ㆍ장기차입금 등,4,285.5,,,,285.5,-0.0%,,,,일치(1% 안),2
(주)한진,운수·항공,사업보고서 (2025.12),20260316001427,별도 감사보고서 · 색인: 19. 차입금 등,11,3210.0,,,,10648.0,-69.9%,,,,확인 필요,6
(주)엘엑스판토스,운수·항공,사업보고서 (2025.12),20260318000917,별도 감사보고서 · 색인: 12. 차입금 및 사채,23,6633.6,,,,6628.3,+0.1%,,,,일치(1% 안),12
