account,n33,eok33,n32,eok32,n33_eu,alloc32_mt,n_broker33,n_broker32,s33,s32,s3_avg,s3_max,lender_type,exposure_order
한국산업은행,58,102005.4,79,313322.9,13,246.93,0,0,2,2,2,2,은행,1
하나은행,41,12764.8,41,116881.3,7,55.74,0,0,2,2,2,2,은행,2
신한은행,31,12167.3,46,94830.0,4,95.26,0,0,2,2,2,2,은행,3
한국수출입은행,28,17468.0,37,60364.8,7,48.87,0,0,2,2,2,2,은행,4
㈜우리은행,27,6424.6,37,202105.7,2,77.77,0,0,2,2,2,2,은행,5
국민은행,22,3337.4,29,28219.9,0,49.7,0,0,2,1,2,2,은행,6
농협은행(주),17,2525.7,32,62539.4,2,122.07,0,0,2,2,2,2,은행,7
중소기업은행,16,1255.6,7,2891.0,1,6.38,0,0,2,1,2,2,은행,8
(주)부산은행,6,2033.1,4,1861.8,0,0.17,0,0,1,1,1,1,은행,9
한국씨티은행,3,450.0,2,250.0,0,3.89,0,0,1,1,1,1,은행,10
한국스탠다드차타드은행,2,260.7,4,7660.7,0,3.59,0,0,1,1,1,1,은행,11
(주)경남은행,2,106.8,4,266.1,0,1.97,0,0,1,1,1,1,은행,12
(주)광주은행,2,220.8,2,220.8,0,0.25,0,0,1,1,1,1,은행,13
(주)iM뱅크,2,202.6,0,0.0,1,0.0,0,0,1,0,1,1,은행,14
수협은행,1,50.0,3,830.5,0,5.55,0,0,1,1,1,1,은행,15
신한카드,1,4064.1,1,4064.1,1,62.98,0,0,1,1,1,1,카드·캐피탈,16
KB캐피탈,1,1.9,1,1.9,0,0.03,0,0,1,1,1,1,카드·캐피탈,17
현대커머셜(주),1,5.0,0,0.0,0,0.0,0,0,1,0,1,1,카드·캐피탈,18
교보생명보험(주),0,0.0,5,25333.8,0,9.97,0,0,0,1,1,1,보험,19
삼성생명보험(주),0,0.0,5,6506.6,0,10.96,0,0,0,1,1,1,보험,20
농협생명보험(주),0,0.0,3,934.7,0,5.4,0,0,0,1,1,1,보험,21
흥국생명보험(주),0,0.0,2,510.9,0,3.14,0,0,0,1,1,1,보험,22
KB손해보험,0,0.0,2,869.4,0,4.2,0,0,0,1,1,1,보험,23
한화생명보험(주),0,0.0,2,500.3,0,3.85,0,0,0,1,1,1,보험,24
삼성화재해상보험(주),0,0.0,2,590.4,0,3.14,0,0,0,1,1,1,보험,25
삼성카드(주),0,0.0,2,431.7,0,1.06,0,0,0,1,1,1,카드·캐피탈,26
농협손해보험(주),0,0.0,1,238.3,0,1.55,0,0,0,1,1,1,보험,27
롯데캐피탈(주),0,0.0,1,253.8,0,2.62,0,0,0,1,1,1,카드·캐피탈,28
KB라이프생명,0,0.0,1,238.3,0,1.55,0,0,0,1,1,1,보험,29
동양생명보험㈜,0,0.0,1,386.3,0,1.58,0,0,0,1,1,1,보험,30
아이비케이연금보험㈜,0,0.0,1,176.8,0,1.23,0,0,0,1,1,1,보험,31
DB손해보험(주),0,0.0,1,579.4,0,1.58,0,0,0,1,1,1,보험,32
현대해상화재보험(주),0,0.0,1,627.7,0,1.58,0,0,0,1,1,1,보험,33
미래에셋생명보험(주),0,0.0,1,33133.5,0,6.4,0,0,0,1,1,1,보험,34
롯데손해보험(주),0,0.0,1,181.2,0,2.62,0,0,0,1,1,1,보험,35
신용보증기금,0,0.0,0,0.0,0,0.0,0,0,0,0,0,0,기타,36
한국무역보험공사,0,0.0,0,0.0,0,0.0,0,0,0,0,0,0,보험,37
기술보증기금,0,0.0,0,0.0,0,0.0,0,0,0,0,0,0,기타,38
케이디비생명보험주식회사,0,0.0,0,0.0,0,0.0,0,0,0,0,0,0,보험,39
산은캐피탈㈜,0,0.0,0,0.0,0,0.0,0,0,0,0,0,0,카드·캐피탈,40
토스뱅크(주),0,0.0,0,0.0,0,0.0,0,0,0,0,0,0,은행,41
농협금융지주(주),0,0.0,0,0.0,0,0.0,0,0,0,0,0,0,기타,42
(주)에스비아이저축은행,0,0.0,0,0.0,0,0.0,0,0,0,0,0,0,은행,43
(주)오케이저축은행,0,0.0,0,0.0,0,0.0,0,0,0,0,0,0,은행,44
엔에이치농협캐피탈(주),0,0.0,0,0.0,0,0.0,0,0,0,0,0,0,카드·캐피탈,45
토스증권(주),0,0.0,0,0.0,0,0.0,0,0,0,0,0,0,증권·운용,46
미래에셋캐피탈(주),0,0.0,0,0.0,0,0.0,0,0,0,0,0,0,카드·캐피탈,47
미래에셋자산운용(주),0,0.0,0,0.0,0,0.0,0,0,0,0,0,0,증권·운용,48
농업협동조합자산관리회사,0,0.0,0,0.0,0,0.0,0,0,0,0,0,0,기타,49
쿠팡페이(주),0,0.0,0,0.0,0,0.0,0,0,0,0,0,0,기타,50
오케이넥스트(주),0,0.0,0,0.0,0,0.0,0,0,0,0,0,0,기타,51
(주)예가람저축은행,0,0.0,0,0.0,0,0.0,0,0,0,0,0,0,은행,52
(주)고려저축은행,0,0.0,0,0.0,0,0.0,0,0,0,0,0,0,은행,53
엔에이치저축은행(주),0,0.0,0,0.0,0,0.0,0,0,0,0,0,0,은행,54
메트라이프생명보험(주),0,0.0,0,0.0,0,0.0,0,0,0,0,0,0,보험,55
롯데카드㈜,0,0.0,0,0.0,0,0.0,0,0,0,0,0,0,카드·캐피탈,56
에이아이에이생명보험 주식회사,0,0.0,0,0.0,0,0.0,0,0,0,0,0,0,보험,57
푸본현대생명보험주식회사,0,0.0,0,0.0,0,0.0,0,0,0,0,0,0,보험,58
비엠더블유파이낸셜서비스코리아㈜,0,0.0,0,0.0,0,0.0,0,0,0,0,0,0,기타,59
라이나생명보험주식회사,0,0.0,0,0.0,0,0.0,0,0,0,0,0,0,보험,60
노무라금융투자주식회사,0,0.0,0,0.0,0,0.0,0,0,0,0,0,0,기타,61
웰컴저축은행,0,0.0,0,0.0,0,0.0,0,0,0,0,0,0,은행,62
애큐온저축은행,0,0.0,0,0.0,0,0.0,0,0,0,0,0,0,은행,63
㈜애큐온캐피탈,0,0.0,0,0.0,0,0.0,0,0,0,0,0,0,카드·캐피탈,64
예별손해보험 주식회사,0,0.0,0,0.0,0,0.0,0,0,0,0,0,0,보험,65
메르세데스벤츠파이낸셜서비스코리아㈜,0,0.0,0,0.0,0,0.0,0,0,0,0,0,0,기타,66
엠지캐피탈㈜,0,0.0,0,0.0,0,0.0,0,0,0,0,0,0,카드·캐피탈,67
오릭스캐피탈코리아㈜,0,0.0,0,0.0,0,0.0,0,0,0,0,0,0,카드·캐피탈,68
한국 에스지증권 주식회사,0,0.0,0,0.0,0,0.0,0,0,0,0,0,0,증권·운용,69
비엔피파리바카디프생명보험주식회사,0,0.0,0,0.0,0,0.0,0,0,0,0,0,0,보험,70
제이티친애저축은행,0,0.0,0,0.0,0,0.0,0,0,0,0,0,0,은행,71
케이프투자증권,0,0.0,0,0.0,0,0.0,0,3,0,0,0,0,증권·운용,72
페퍼저축은행,0,0.0,0,0.0,0,0.0,0,0,0,0,0,0,은행,73
제이티저축은행,0,0.0,0,0.0,0,0.0,0,0,0,0,0,0,은행,74
오에스비저축은행,0,0.0,0,0.0,0,0.0,0,0,0,0,0,0,은행,75
모아저축은행,0,0.0,0,0.0,0,0.0,0,0,0,0,0,0,은행,76
상상인저축은행,0,0.0,0,0.0,0,0.0,0,0,0,0,0,0,은행,77
한국투자증권,0,0.0,0,0.0,0,0.0,0,0,0,0,0,0,증권·운용,78
KB증권,0,0.0,0,0.0,0,0.0,2,7,0,0,0,0,증권·운용,79
메리츠증권(주),0,0.0,0,0.0,0,0.0,0,4,0,0,0,0,증권·운용,80
하나증권,0,0.0,0,0.0,0,0.0,1,2,0,0,0,0,증권·운용,81
신한라이프생명보험,0,0.0,0,0.0,0,0.0,0,0,0,0,0,0,보험,82
신한투자증권,0,0.0,0,0.0,0,0.0,0,2,0,0,0,0,증권·운용,83
메리츠화재해상보험(주),0,0.0,0,0.0,0,0.0,0,0,0,0,0,0,보험,84
KB국민카드,0,0.0,0,0.0,0,0.0,0,0,0,0,0,0,카드·캐피탈,85
(주)전북은행,0,0.0,0,0.0,0,0.0,0,0,0,0,0,0,은행,86
에이비엘생명보험㈜,0,0.0,0,0.0,0,0.0,0,0,0,0,0,0,보험,87
하나캐피탈,0,0.0,0,0.0,0,0.0,0,0,0,0,0,0,카드·캐피탈,88
㈜우리카드,0,0.0,0,0.0,0,0.0,0,0,0,0,0,0,카드·캐피탈,89
하나카드,0,0.0,0,0.0,0,0.0,0,0,0,0,0,0,카드·캐피탈,90
신한캐피탈,0,0.0,0,0.0,0,0.0,0,0,0,0,0,0,카드·캐피탈,91
우리금융캐피탈㈜,0,0.0,0,0.0,0,0.0,0,0,0,0,0,0,카드·캐피탈,92
㈜아이비케이캐피탈,0,0.0,0,0.0,0,0.0,0,0,0,0,0,0,카드·캐피탈,93
DB생명,0,0.0,0,0.0,0,0.0,0,0,0,0,0,0,보험,94
BNK캐피탈(주),0,0.0,0,0.0,0,0.0,0,0,0,0,0,0,카드·캐피탈,95
아이비케이투자증권㈜,0,0.0,0,0.0,0,0.0,0,0,0,0,0,0,증권·운용,96
JB우리캐피탈(주),0,0.0,0,0.0,0,0.0,0,0,0,0,0,0,카드·캐피탈,97
(주)iM증권,0,0.0,0,0.0,0,0.0,0,0,0,0,0,0,증권·운용,98
(주)BNK투자증권,0,0.0,0,0.0,0,0.0,0,4,0,0,0,0,증권·운용,99
㈜우리투자증권,0,0.0,0,0.0,0,0.0,0,1,0,0,0,0,증권·운용,100
한국투자저축은행,0,0.0,0,0.0,0,0.0,0,0,0,0,0,0,은행,101
하나생명보험,0,0.0,0,0.0,0,0.0,0,0,0,0,0,0,보험,102
(주)iM라이프생명보험,0,0.0,0,0.0,0,0.0,0,0,0,0,0,0,보험,103
한국투자캐피탈,0,0.0,0,0.0,0,0.0,0,0,0,0,0,0,카드·캐피탈,104
(주)iM캐피탈,0,0.0,0,0.0,0,0.0,0,0,0,0,0,0,카드·캐피탈,105
삼성선물(주),0,0.0,0,0.0,0,0.0,0,0,0,0,0,0,기타,106
대신에프앤아이,0,0.0,0,0.0,0,0.0,0,0,0,0,0,0,기타,107
㈜다올저축은행,0,0.0,0,0.0,0,0.0,0,0,0,0,0,0,은행,108
키움캐피탈,0,0.0,0,0.0,0,0.0,0,0,0,0,0,0,카드·캐피탈,109
DB저축은행,0,0.0,0,0.0,0,0.0,0,0,0,0,0,0,은행,110
신한저축은행,0,0.0,0,0.0,0,0.0,0,0,0,0,0,0,은행,111
하나에프앤아이,0,0.0,0,0.0,0,0.0,0,0,0,0,0,0,기타,112
하나저축은행,0,0.0,0,0.0,0,0.0,0,0,0,0,0,0,은행,113
하나손해보험,0,0.0,0,0.0,0,0.0,0,0,0,0,0,0,보험,114
㈜카카오페이증권,0,0.0,0,0.0,0,0.0,0,0,0,0,0,0,증권·운용,115
대신저축은행,0,0.0,0,0.0,0,0.0,0,0,0,0,0,0,은행,116
KB저축은행,0,0.0,0,0.0,0,0.0,0,0,0,0,0,0,은행,117
㈜우리금융저축은행,0,0.0,0,0.0,0,0.0,0,0,0,0,0,0,은행,118
키움에프앤아이,0,0.0,0,0.0,0,0.0,0,0,0,0,0,0,기타,119
삼성자산운용,0,0.0,0,0.0,0,0.0,0,0,0,0,0,0,증권·운용,120
키움저축은행,0,0.0,0,0.0,0,0.0,0,0,0,0,0,0,은행,121
(주)BNK저축은행,0,0.0,0,0.0,0,0.0,0,0,0,0,0,0,은행,122
KB인베스트먼트,0,0.0,0,0.0,0,0.0,0,0,0,0,0,0,기타,123
키움YES저축은행,0,0.0,0,0.0,0,0.0,0,0,0,0,0,0,은행,124
㈜아이비케이저축은행,0,0.0,0,0.0,0,0.0,0,0,0,0,0,0,은행,125
한화자산운용,0,0.0,0,0.0,0,0.0,0,0,0,0,0,0,증권·운용,126
한화저축은행,0,0.0,0,0.0,0,0.0,0,0,0,0,0,0,은행,127
우리금융에프앤아이㈜,0,0.0,0,0.0,0,0.0,0,0,0,0,0,0,기타,128
KB부동산신탁,0,0.0,0,0.0,0,0.0,0,0,0,0,0,0,기타,129
미래에셋벤처투자㈜,0,0.0,0,0.0,0,0.0,0,0,0,0,0,0,기타,130
NH선물,0,0.0,0,0.0,0,0.0,0,0,0,0,0,0,기타,131
하나자산신탁,0,0.0,0,0.0,0,0.0,0,0,0,0,0,0,기타,132
신한자산신탁,0,0.0,0,0.0,0,0.0,0,0,0,0,0,0,기타,133
한국투자부동산신탁,0,0.0,0,0.0,0,0.0,0,0,0,0,0,0,기타,134
KB자산운용,0,0.0,0,0.0,0,0.0,0,0,0,0,0,0,증권·운용,135
DB캐피탈,0,0.0,0,0.0,0,0.0,0,0,0,0,0,0,카드·캐피탈,136
한국투자파트너스,0,0.0,0,0.0,0,0.0,0,0,0,0,0,0,기타,137
유진투자선물(주),0,0.0,0,0.0,0,0.0,0,0,0,0,0,0,기타,138
㈜엠에스상호저축은행,0,0.0,0,0.0,0,0.0,0,0,0,0,0,0,은행,139
한국투자리얼에셋운용,0,0.0,0,0.0,0,0.0,0,0,0,0,0,0,기타,140
우리벤처파트너스㈜,0,0.0,0,0.0,0,0.0,0,0,0,0,0,0,기타,141
신한EZ손해보험,0,0.0,0,0.0,0,0.0,0,0,0,0,0,0,보험,142
하나대체투자자산운용,0,0.0,0,0.0,0,0.0,0,0,0,0,0,0,증권·운용,143
신한자산운용,0,0.0,0,0.0,0,0.0,0,0,0,0,0,0,증권·운용,144
우리자산신탁㈜,0,0.0,0,0.0,0,0.0,0,0,0,0,0,0,기타,145
키움투자자산운용,0,0.0,0,0.0,0,0.0,0,0,0,0,0,0,증권·운용,146
BNK자산운용(주),0,0.0,0,0.0,0,0.0,0,0,0,0,0,0,증권·운용,147
우리자산운용㈜,0,0.0,0,0.0,0,0.0,0,0,0,0,0,0,증권·운용,148
한국투자프라이빗에쿼티,0,0.0,0,0.0,0,0.0,0,0,0,0,0,0,기타,149
삼성SRA자산운용,0,0.0,0,0.0,0,0.0,0,0,0,0,0,0,증권·운용,150
신한벤처투자,0,0.0,0,0.0,0,0.0,0,0,0,0,0,0,기타,151
신영부동산신탁,0,0.0,0,0.0,0,0.0,0,0,0,0,0,0,기타,152
현대인베스트먼트자산운용,0,0.0,0,0.0,0,0.0,0,0,0,0,0,0,증권·운용,153
㈜카카오페이손해보험,0,0.0,0,0.0,0,0.0,0,0,0,0,0,0,보험,154
신영자산운용,0,0.0,0,0.0,0,0.0,0,0,0,0,0,0,증권·운용,155
하나벤처스,0,0.0,0,0.0,0,0.0,0,0,0,0,0,0,기타,156
키움인베스트먼트,0,0.0,0,0.0,0,0.0,0,0,0,0,0,0,기타,157
우리프라이빗에퀴티자산운용㈜,0,0.0,0,0.0,0,0.0,0,0,0,0,0,0,증권·운용,158
아이비케이자산운용㈜,0,0.0,0,0.0,0,0.0,0,0,0,0,0,0,증권·운용,159
JB자산운용(주),0,0.0,0,0.0,0,0.0,0,0,0,0,0,0,증권·운용,160
엔에이치헤지자산운용,0,0.0,0,0.0,0,0.0,0,0,0,0,0,0,증권·운용,161
㈜아이비케이벤처투자,0,0.0,0,0.0,0,0.0,0,0,0,0,0,0,기타,162
키움프라이빗에쿼티,0,0.0,0,0.0,0,0.0,0,0,0,0,0,0,기타,163
유안타인베스트먼트,0,0.0,0,0.0,0,0.0,0,0,0,0,0,0,기타,164
에스케이에스프라이빗에쿼티㈜,0,0.0,0,0.0,0,0.0,0,0,0,0,0,0,기타,165
(주)iM에셋자산운용,0,0.0,0,0.0,0,0.0,0,0,0,0,0,0,증권·운용,166
JB인베스트먼트(주),0,0.0,0,0.0,0,0.0,0,0,0,0,0,0,기타,167
DB자산운용,0,0.0,0,0.0,0,0.0,0,0,0,0,0,0,증권·운용,168
다올자산운용㈜,0,0.0,0,0.0,0,0.0,0,0,0,0,0,0,증권·운용,169
BNK벤처투자(주),0,0.0,0,0.0,0,0.0,0,0,0,0,0,0,기타,170
대신자산운용,0,0.0,0,0.0,0,0.0,0,0,0,0,0,0,증권·운용,171
유진자산운용(주),0,0.0,0,0.0,0,0.0,0,0,0,0,0,0,증권·운용,172
(주)iM유페이,0,0.0,0,0.0,0,0.0,0,0,0,0,0,0,기타,173
핀크,0,0.0,0,0.0,0,0.0,0,0,0,0,0,0,기타,174
한국투자액셀러레이터,0,0.0,0,0.0,0,0.0,0,0,0,0,0,0,기타,175
(주)iM투자파트너스,0,0.0,0,0.0,0,0.0,0,0,0,0,0,0,기타,176
메리츠대체투자운용(주),0,0.0,0,0.0,0,0.0,0,0,0,0,0,0,기타,177
대신프라이빗에쿼티,0,0.0,0,0.0,0,0.0,0,0,0,0,0,0,기타,178
다올프라이빗에쿼티㈜,0,0.0,0,0.0,0,0.0,0,0,0,0,0,0,기타,179
현대하임자산운용,0,0.0,0,0.0,0,0.0,0,0,0,0,0,0,증권·운용,180
케이티비프라이빗에쿼티,0,0.0,0,0.0,0,0.0,0,0,0,0,0,0,기타,181
현대캐피탈,0,0.0,0,0.0,0,0.0,0,0,0,0,0,0,카드·캐피탈,182
현대카드,0,0.0,0,0.0,0,0.0,0,0,0,0,0,0,카드·캐피탈,183
LS증권㈜,0,0.0,0,0.0,0,0.0,0,0,0,0,0,0,증권·운용,184
비씨카드㈜,0,0.0,0,0.0,0,0.0,0,0,0,0,0,0,카드·캐피탈,185
네이버파이낸셜 주식회사,0,0.0,0,0.0,0,0.0,0,0,0,0,0,0,기타,186
아폴로코리아 주식회사,0,0.0,0,0.0,0,0.0,0,0,0,0,0,0,기타,187
한화에비에이션㈜,0,0.0,0,0.0,0,0.0,0,0,0,0,0,0,기타,188
(주)참저축은행,0,0.0,0,0.0,0,0.0,0,0,0,0,0,0,은행,189
(주)코람코자산신탁,0,0.0,0,0.0,0,0.0,0,0,0,0,0,0,기타,190
한국자산캐피탈,0,0.0,0,0.0,0,0.0,0,0,0,0,0,0,카드·캐피탈,191
롯데오토리스㈜,0,0.0,0,0.0,0,0.0,0,0,0,0,0,0,기타,192
㈜카카오벤처스,0,0.0,0,0.0,0,0.0,0,0,0,0,0,0,기타,193
에이치씨씨홀딩스 주식회사,0,0.0,0,0.0,0,0.0,0,0,0,0,0,0,기타,194
무림캐피탈,0,0.0,0,0.0,0,0.0,0,0,0,0,0,0,카드·캐피탈,195
엔에이치엔페이코㈜,0,0.0,0,0.0,0,0.0,0,0,0,0,0,0,기타,196
부국캐피탈㈜,0,0.0,0,0.0,0,0.0,0,0,0,0,0,0,카드·캐피탈,197
유리자산운용㈜,0,0.0,0,0.0,0,0.0,0,0,0,0,0,0,증권·운용,198
우신벤처투자(주),0,0.0,0,0.0,0,0.0,0,0,0,0,0,0,기타,199
㈜YG인베스트먼트,0,0.0,0,0.0,0,0.0,0,0,0,0,0,0,기타,200
엔에이치엔인베스트먼트㈜,0,0.0,0,0.0,0,0.0,0,0,0,0,0,0,기타,201
주식회사 솔루엠코스메틱,0,0.0,0,0.0,0,0.0,0,0,0,0,0,0,기타,202
아이엠엠하임코인베스트먼트원,0,0.0,0,0.0,0,0.0,0,0,0,0,0,0,기타,203
스틱벤처스(주),0,0.0,0,0.0,0,0.0,0,0,0,0,0,0,기타,204
코레이트자산운용,0,0.0,0,0.0,0,0.0,0,0,0,0,0,0,증권·운용,205
동원기술투자㈜,0,0.0,0,0.0,0,0.0,0,0,0,0,0,0,기타,206
(주)엔코어벤처스,0,0.0,0,0.0,0,0.0,0,0,0,0,0,0,기타,207
씨제이인베스트먼트(주),0,0.0,0,0.0,0,0.0,0,0,0,0,0,0,기타,208
삼호그린인베스트먼트(주),0,0.0,0,0.0,0,0.0,0,0,0,0,0,0,기타,209
㈜케이티인베스트먼트,0,0.0,0,0.0,0,0.0,0,0,0,0,0,0,기타,210
㈜삼천리인베스트먼트,0,0.0,0,0.0,0,0.0,0,0,0,0,0,0,기타,211
주식회사 에스티엑스해운,0,0.0,0,0.0,0,0.0,0,0,0,0,0,0,기타,212
에이치티알헤시라스 주식회사,0,0.0,0,0.0,0,0.0,0,0,0,0,0,0,기타,213
KD인베스트먼트,0,0.0,0,0.0,0,0.0,0,0,0,0,0,0,기타,214
삼천리자산운용㈜,0,0.0,0,0.0,0,0.0,0,0,0,0,0,0,증권·운용,215
㈜BSK인베스트먼트,0,0.0,0,0.0,0,0.0,0,0,0,0,0,0,기타,216
㈜케이씨투자파트너스,0,0.0,0,0.0,0,0.0,0,0,0,0,0,0,기타,217
스틱얼터너티브자산운용(주),0,0.0,0,0.0,0,0.0,0,0,0,0,0,0,증권·운용,218
㈜블루캐스트인베스트먼트,0,0.0,0,0.0,0,0.0,0,0,0,0,0,0,기타,219
GS벤처스,0,0.0,0,0.0,0,0.0,0,0,0,0,0,0,기타,220
(주)토니인베스트먼트,0,0.0,0,0.0,0,0.0,0,0,0,0,0,0,기타,221
프롤로그벤처스 주식회사,0,0.0,0,0.0,0,0.0,0,0,0,0,0,0,기타,222
SGC파트너스(주),0,0.0,0,0.0,0,0.0,0,0,0,0,0,0,기타,223
(주)엘에프인베스트먼트,0,0.0,0,0.0,0,0.0,0,0,0,0,0,0,기타,224
아르케 인베스트먼트,0,0.0,0,0.0,0,0.0,0,0,0,0,0,0,기타,225
㈜두산인베스트먼트,0,0.0,0,0.0,0,0.0,0,0,0,0,0,0,기타,226
㈜에스비파트너스,0,0.0,0,0.0,0,0.0,0,0,0,0,0,0,기타,227
(주)에스제이엠 인베스트먼트,0,0.0,0,0.0,0,0.0,0,0,0,0,0,0,기타,228
㈜SBS네오파트너스,0,0.0,0,0.0,0,0.0,0,0,0,0,0,0,기타,229
(주)에프앤에프파트너스,0,0.0,0,0.0,0,0.0,0,0,0,0,0,0,기타,230
(주)디비기술투자,0,0.0,0,0.0,0,0.0,0,0,0,0,0,0,기타,231
엑스플로인베스트먼트㈜,0,0.0,0,0.0,0,0.0,0,0,0,0,0,0,기타,232
㈜에스퓨처스,0,0.0,0,0.0,0,0.0,0,0,0,0,0,0,기타,233
(주)LX벤처스,0,0.0,0,0.0,0,0.0,0,0,0,0,0,0,기타,234
동국인베스트먼트(주),0,0.0,0,0.0,0,0.0,0,0,0,0,0,0,기타,235
(주)세아기술투자,0,0.0,0,0.0,0,0.0,0,0,0,0,0,0,기타,236
(주)미래에스피씨,0,0.0,0,0.0,0,0.0,0,0,0,0,0,0,기타,237
효성벤처스(주),0,0.0,0,0.0,0,0.0,0,0,0,0,0,0,기타,238
㈜스카이워크자산운용,0,0.0,0,0.0,0,0.0,0,0,0,0,0,0,증권·운용,239
한화인베스트먼트㈜,0,0.0,0,0.0,0,0.0,0,0,0,0,0,0,기타,240
(주)다이나믹벤처스,0,0.0,0,0.0,0,0.0,0,0,0,0,0,0,기타,241
KPS파트너스(주),0,0.0,0,0.0,0,0.0,0,0,0,0,0,0,기타,242
(주)창원혁신산단개발자산관리,0,0.0,0,0.0,0,0.0,0,0,0,0,0,0,기타,243
대웅인베스트먼트,0,0.0,0,0.0,0,0.0,0,0,0,0,0,0,기타,244
삼익매츠벤처스(주),0,0.0,0,0.0,0,0.0,0,0,0,0,0,0,기타,245
(주)유씨에이치파트너스,0,0.0,0,0.0,0,0.0,0,0,0,0,0,0,기타,246
메리츠캐피탈㈜ ,0,0.0,0,0.0,0,0.0,0,0,0,0,0,0,카드·캐피탈,247
(주)KB금융지주,0,0.0,0,0.0,0,0.0,0,0,0,0,0,0,기타,248
(주)신한금융지주회사,0,0.0,0,0.0,0,0.0,0,0,0,0,0,0,기타,249
(주)하나금융지주,0,0.0,0,0.0,0,0.0,0,0,0,0,0,0,기타,250
(주)우리금융지주,0,0.0,0,0.0,0,0.0,0,0,0,0,0,0,기타,251
(주)BNK금융지주,0,0.0,0,0.0,0,0.0,0,0,0,0,0,0,기타,252
미래에셋증권(주),0,0.0,0,0.0,0,0.0,0,1,0,0,0,0,증권·운용,253
한국투자금융지주(주),0,0.0,0,0.0,0,0.0,0,0,0,0,0,0,기타,254
(주)메리츠금융지주,0,0.0,0,0.0,0,0.0,0,0,0,0,0,0,기타,255
(주)아이엠금융지주,0,0.0,0,0.0,0,0.0,0,0,0,0,0,0,기타,256
엔에이치투자증권(주),0,0.0,0,0.0,0,0.0,0,0,0,0,0,0,증권·운용,257
키움증권(주),0,0.0,0,0.0,0,0.0,0,1,0,0,0,0,증권·운용,258
삼성증권(주),0,0.0,0,0.0,0,0.0,0,1,0,0,0,0,증권·운용,259
주식회사 카카오뱅크,0,0.0,0,0.0,0,0.0,0,0,0,0,0,0,은행,260
(주)JB금융지주,0,0.0,0,0.0,0,0.0,0,0,0,0,0,0,기타,261
대신증권(주),0,0.0,0,0.0,0,0.0,0,1,0,0,0,0,증권·운용,262
주식회사 케이뱅크,0,0.0,0,0.0,0,0.0,0,0,0,0,0,0,은행,263
한화손해보험(주),0,0.0,0,0.0,0,0.0,0,0,0,0,0,0,보험,264
유안타증권(주),0,0.0,0,0.0,0,0.0,0,5,0,0,0,0,증권·운용,265
교보증권(주),0,0.0,0,0.0,0,0.0,0,1,0,0,0,0,증권·운용,266
한화투자증권(주),0,0.0,0,0.0,0,0.0,0,3,0,0,0,0,증권·운용,267
코리안리재보험(주),0,0.0,0,0.0,0,0.0,0,0,0,0,0,0,보험,268
DB증권(주),0,0.0,0,0.0,0,0.0,0,2,0,0,0,0,증권·운용,269
흥국화재해상보험(주),0,0.0,0,0.0,0,0.0,0,0,0,0,0,0,보험,270
현대차증권(주),0,0.0,0,0.0,0,0.0,0,3,0,0,0,0,증권·운용,271
유진투자증권(주),0,0.0,0,0.0,0,0.0,0,3,0,0,0,0,증권·운용,272
다올투자증권(주),0,0.0,0,0.0,0,0.0,0,3,0,0,0,0,증권·운용,273
신영증권(주),0,0.0,0,0.0,0,0.0,0,0,0,0,0,0,증권·운용,274
서울보증보험(주),0,0.0,0,0.0,0,0.0,0,0,0,0,0,0,보험,275
(주)제주은행,0,0.0,0,0.0,0,0.0,0,0,0,0,0,0,은행,276
SK증권(주),0,0.0,0,0.0,0,0.0,0,1,0,0,0,0,증권·운용,277
주식회사 카카오페이,0,0.0,0,0.0,0,0.0,0,0,0,0,0,0,기타,278
