account,report_unit,s2,s2_basis,disclosed,coverage_pct,dq_score,data_year,evidence_from,source,recheck
한국산업은행,한국산업은행,2,미공시 확인,N,,,2025,한국산업은행,"국회 의원실 자료 보도(폴리뉴스, 이전 조사)",2
한국수출입은행,한국수출입은행,2,근거 없음(미공시로 봄),U,,,,한국수출입은행,메트로신문(PCAF 가입 의결 2023-04) + 뉴스토마토(2023 연차보고서 TCFD 부록 2024-10),1
신용보증기금,신용보증기금,2,근거 없음(미공시로 봄),U,,,,신용보증기금,프레시안(PCAF-KOREA 발족 2022-11),1
한국무역보험공사,한국무역보험공사,2,근거 없음(미공시로 봄),,,,,,,
기술보증기금,기술보증기금,2,근거 없음(미공시로 봄),,,,,,,
케이디비생명보험주식회사,한국산업은행,2,미공시 확인,N,,,2025,한국산업은행,"국회 의원실 자료 보도(폴리뉴스, 이전 조사)",2
산은캐피탈㈜,한국산업은행,2,미공시 확인,N,,,2025,한국산업은행,"국회 의원실 자료 보도(폴리뉴스, 이전 조사)",2
농협은행(주),농협금융지주(주),1,공시(확인),Y,,,2025,농협금융지주(주),이전 조사(보고서 발간 보도) + 더나은미래,1
교보생명보험(주),교보생명보험(주),1,공시(확인),Y,92.6,,2025,교보생명보험(주),이전 조사(보고서 인용 보도),1
농협생명보험(주),농협금융지주(주),1,공시(확인),Y,,,2025,농협금융지주(주),이전 조사(보고서 발간 보도) + 더나은미래,1
토스뱅크(주),토스뱅크(주),2,근거 없음(미공시로 봄),,,,,,,
농협금융지주(주),농협금융지주(주),1,공시(확인),Y,,,2025,농협금융지주(주),이전 조사(보고서 발간 보도) + 더나은미래,1
흥국생명보험(주),흥국생명보험(주),2,근거 없음(미공시로 봄),,,,,,,
현대커머셜(주),현대커머셜(주),2,근거 없음(미공시로 봄),,,,,,,
(주)에스비아이저축은행,(주)에스비아이저축은행,2,근거 없음(미공시로 봄),,,,,,,
농협손해보험(주),농협금융지주(주),1,공시(확인),Y,,,2025,농협금융지주(주),이전 조사(보고서 발간 보도) + 더나은미래,1
(주)오케이저축은행,(주)오케이저축은행,2,근거 없음(미공시로 봄),,,,,,,
엔에이치농협캐피탈(주),농협금융지주(주),1,공시(확인),Y,,,2025,농협금융지주(주),이전 조사(보고서 발간 보도) + 더나은미래,1
롯데캐피탈(주),롯데캐피탈(주),2,근거 없음(미공시로 봄),,,,,,,
토스증권(주),토스증권(주),2,근거 없음(미공시로 봄),,,,,,,
미래에셋캐피탈(주),미래에셋캐피탈(주),2,근거 없음(미공시로 봄),,,,,,,
미래에셋자산운용(주),미래에셋자산운용(주),2,근거 없음(미공시로 봄),,,,,,,
농업협동조합자산관리회사,농업협동조합자산관리회사,2,근거 없음(미공시로 봄),,,,,,,
쿠팡페이(주),쿠팡페이(주),2,근거 없음(미공시로 봄),,,,,,,
오케이넥스트(주),오케이넥스트(주),2,근거 없음(미공시로 봄),,,,,,,
(주)예가람저축은행,(주)고려저축은행,2,근거 없음(미공시로 봄),,,,,,,
(주)고려저축은행,(주)고려저축은행,2,근거 없음(미공시로 봄),,,,,,,
엔에이치저축은행(주),농협금융지주(주),1,공시(확인),Y,,,2025,농협금융지주(주),이전 조사(보고서 발간 보도) + 더나은미래,1
한국스탠다드차타드은행,한국스탠다드차타드은행,2,근거 없음(미공시로 봄),,,,,,,
수협은행,수협은행,2,근거 없음(미공시로 봄),,,,,,,
한국씨티은행,한국씨티은행,2,근거 없음(미공시로 봄),,,,,,,
메트라이프생명보험(주),메트라이프생명보험(주),2,근거 없음(미공시로 봄),,,,,,,
롯데카드㈜,롯데카드㈜,2,근거 없음(미공시로 봄),,,,,,,
에이아이에이생명보험 주식회사,에이아이에이생명보험 주식회사,2,근거 없음(미공시로 봄),,,,,,,
푸본현대생명보험주식회사,푸본현대생명보험주식회사,2,근거 없음(미공시로 봄),,,,,,,
비엠더블유파이낸셜서비스코리아㈜,비엠더블유파이낸셜서비스코리아㈜,2,근거 없음(미공시로 봄),,,,,,,
라이나생명보험주식회사,라이나생명보험주식회사,2,근거 없음(미공시로 봄),,,,,,,
노무라금융투자주식회사,노무라금융투자주식회사,2,근거 없음(미공시로 봄),,,,,,,
웰컴저축은행,웰컴저축은행,2,근거 없음(미공시로 봄),,,,,,,
애큐온저축은행,㈜애큐온캐피탈,2,근거 없음(미공시로 봄),,,,,,,
㈜애큐온캐피탈,㈜애큐온캐피탈,2,근거 없음(미공시로 봄),,,,,,,
예별손해보험 주식회사,예별손해보험 주식회사,2,근거 없음(미공시로 봄),,,,,,,
메르세데스벤츠파이낸셜서비스코리아㈜,메르세데스벤츠파이낸셜서비스코리아㈜,2,근거 없음(미공시로 봄),,,,,,,
엠지캐피탈㈜,엠지캐피탈㈜,2,근거 없음(미공시로 봄),,,,,,,
오릭스캐피탈코리아㈜,오릭스캐피탈코리아㈜,2,근거 없음(미공시로 봄),,,,,,,
한국 에스지증권 주식회사,한국 에스지증권 주식회사,2,근거 없음(미공시로 봄),,,,,,,
비엔피파리바카디프생명보험주식회사,비엔피파리바카디프생명보험주식회사,2,근거 없음(미공시로 봄),,,,,,,
제이티친애저축은행,제이티친애저축은행,2,근거 없음(미공시로 봄),,,,,,,
케이프투자증권,케이프투자증권,2,근거 없음(미공시로 봄),,,,,,,
페퍼저축은행,페퍼저축은행,2,근거 없음(미공시로 봄),,,,,,,
제이티저축은행,제이티저축은행,2,근거 없음(미공시로 봄),,,,,,,
오에스비저축은행,오에스비저축은행,2,근거 없음(미공시로 봄),,,,,,,
모아저축은행,모아저축은행,2,근거 없음(미공시로 봄),,,,,,,
상상인저축은행,상상인저축은행,2,근거 없음(미공시로 봄),,,,,,,
국민은행,(주)KB금융지주,0,공시(확인),Y,84.8,3.2,2025,(주)KB금융지주,KB ESG사업부장 회계기준원 세미나 발표(조세금융신문 보도) + 회사 보도자료(한국경제),2
신한은행,(주)신한금융지주회사,1,공시(확인),Y,,,2025,(주)신한금융지주회사,스마트투데이,1
하나은행,(주)하나금융지주,1,공시(확인),Y,,,2025,(주)하나금융지주,하나금융그룹 홈페이지 ESG Reporting(지속가능경영·TCFD·KSSB 보고서),1
㈜우리은행,(주)우리금융지주,1,공시(확인),Y,,,2025,(주)우리금융지주,뉴스핌,1
한국투자증권,한국투자금융지주(주),2,근거 없음(미공시로 봄),,,,,,,
(주)부산은행,(주)BNK금융지주,1,공시(약함),Y,,,2025,(주)BNK금융지주,"메트로신문(SBTi 인증·PCAF 측정 시스템 2024-05, 2025 보고서 2026-06)",1
KB증권,(주)KB금융지주,0,공시(확인),Y,84.8,3.2,2025,(주)KB금융지주,KB ESG사업부장 회계기준원 세미나 발표(조세금융신문 보도) + 회사 보도자료(한국경제),2
(주)iM뱅크,(주)아이엠금융지주,1,공시(확인),Y,,,2021,(주)아이엠금융지주,iM금융그룹 공식 홈페이지,2
메리츠증권(주),(주)메리츠금융지주,2,근거 없음(미공시로 봄),,,,,,,
하나증권,(주)하나금융지주,1,공시(확인),Y,,,2025,(주)하나금융지주,하나금융그룹 홈페이지 ESG Reporting(지속가능경영·TCFD·KSSB 보고서),1
신한라이프생명보험,(주)신한금융지주회사,1,공시(확인),Y,,,2025,(주)신한금융지주회사,스마트투데이,1
(주)경남은행,(주)BNK금융지주,1,공시(약함),Y,,,2025,(주)BNK금융지주,"메트로신문(SBTi 인증·PCAF 측정 시스템 2024-05, 2025 보고서 2026-06)",1
신한투자증권,(주)신한금융지주회사,1,공시(확인),Y,,,2025,(주)신한금융지주회사,스마트투데이,1
KB손해보험,(주)KB금융지주,0,공시(확인),Y,84.8,3.2,2025,(주)KB금융지주,KB ESG사업부장 회계기준원 세미나 발표(조세금융신문 보도) + 회사 보도자료(한국경제),2
메리츠화재해상보험(주),(주)메리츠금융지주,2,근거 없음(미공시로 봄),,,,,,,
신한카드,(주)신한금융지주회사,1,공시(확인),Y,,,2025,(주)신한금융지주회사,스마트투데이,1
KB라이프생명,(주)KB금융지주,0,공시(확인),Y,84.8,3.2,2025,(주)KB금융지주,KB ESG사업부장 회계기준원 세미나 발표(조세금융신문 보도) + 회사 보도자료(한국경제),2
동양생명보험㈜,(주)우리금융지주,1,공시(확인),Y,,,2025,(주)우리금융지주,뉴스핌,1
(주)광주은행,(주)JB금융지주,1,공시(확인),Y,,,2021,(주)JB금융지주,JB금융 보도자료(전북일보 게재) + 메트로신문,1
KB국민카드,(주)KB금융지주,0,공시(확인),Y,84.8,3.2,2025,(주)KB금융지주,KB ESG사업부장 회계기준원 세미나 발표(조세금융신문 보도) + 회사 보도자료(한국경제),2
(주)전북은행,(주)JB금융지주,1,공시(확인),Y,,,2021,(주)JB금융지주,JB금융 보도자료(전북일보 게재) + 메트로신문,1
에이비엘생명보험㈜,(주)우리금융지주,1,공시(확인),Y,,,2025,(주)우리금융지주,뉴스핌,1
하나캐피탈,(주)하나금융지주,1,공시(확인),Y,,,2025,(주)하나금융지주,하나금융그룹 홈페이지 ESG Reporting(지속가능경영·TCFD·KSSB 보고서),1
KB캐피탈,(주)KB금융지주,0,공시(확인),Y,84.8,3.2,2025,(주)KB금융지주,KB ESG사업부장 회계기준원 세미나 발표(조세금융신문 보도) + 회사 보도자료(한국경제),2
㈜우리카드,(주)우리금융지주,1,공시(확인),Y,,,2025,(주)우리금융지주,뉴스핌,1
하나카드,(주)하나금융지주,1,공시(확인),Y,,,2025,(주)하나금융지주,하나금융그룹 홈페이지 ESG Reporting(지속가능경영·TCFD·KSSB 보고서),1
아이비케이연금보험㈜,중소기업은행,1,공시(확인),Y,,,2025,중소기업은행,"국회 의원실 자료 보도(이전 조사) + 스마트투데이(SBTi 인증, 2024)",1
신한캐피탈,(주)신한금융지주회사,1,공시(확인),Y,,,2025,(주)신한금융지주회사,스마트투데이,1
우리금융캐피탈㈜,(주)우리금융지주,1,공시(확인),Y,,,2025,(주)우리금융지주,뉴스핌,1
㈜아이비케이캐피탈,중소기업은행,1,공시(확인),Y,,,2025,중소기업은행,"국회 의원실 자료 보도(이전 조사) + 스마트투데이(SBTi 인증, 2024)",1
DB생명,DB손해보험(주),1,공시(확인),Y,,,2025,DB손해보험(주),뉴스토마토(기후솔루션 분석 인용),2
BNK캐피탈(주),(주)BNK금융지주,1,공시(약함),Y,,,2025,(주)BNK금융지주,"메트로신문(SBTi 인증·PCAF 측정 시스템 2024-05, 2025 보고서 2026-06)",1
아이비케이투자증권㈜,중소기업은행,1,공시(확인),Y,,,2025,중소기업은행,"국회 의원실 자료 보도(이전 조사) + 스마트투데이(SBTi 인증, 2024)",1
JB우리캐피탈(주),(주)JB금융지주,1,공시(확인),Y,,,2021,(주)JB금융지주,JB금융 보도자료(전북일보 게재) + 메트로신문,1
(주)iM증권,(주)아이엠금융지주,1,공시(확인),Y,,,2021,(주)아이엠금융지주,iM금융그룹 공식 홈페이지,2
(주)BNK투자증권,(주)BNK금융지주,1,공시(약함),Y,,,2025,(주)BNK금융지주,"메트로신문(SBTi 인증·PCAF 측정 시스템 2024-05, 2025 보고서 2026-06)",1
㈜우리투자증권,(주)우리금융지주,1,공시(확인),Y,,,2025,(주)우리금융지주,뉴스핌,1
한국투자저축은행,한국투자금융지주(주),2,근거 없음(미공시로 봄),,,,,,,
하나생명보험,(주)하나금융지주,1,공시(확인),Y,,,2025,(주)하나금융지주,하나금융그룹 홈페이지 ESG Reporting(지속가능경영·TCFD·KSSB 보고서),1
(주)iM라이프생명보험,(주)아이엠금융지주,1,공시(확인),Y,,,2021,(주)아이엠금융지주,iM금융그룹 공식 홈페이지,2
한국투자캐피탈,한국투자금융지주(주),2,근거 없음(미공시로 봄),,,,,,,
(주)iM캐피탈,(주)아이엠금융지주,1,공시(확인),Y,,,2021,(주)아이엠금융지주,iM금융그룹 공식 홈페이지,2
삼성선물(주),삼성증권(주),2,근거 없음(미공시로 봄),,,,,,,
대신에프앤아이,대신증권(주),2,근거 없음(미공시로 봄),,,,,,,
㈜다올저축은행,다올투자증권(주),2,근거 없음(미공시로 봄),,,,,,,
키움캐피탈,키움증권(주),2,근거 없음(미공시로 봄),,,,,,,
DB저축은행,DB증권(주),2,근거 없음(미공시로 봄),,,,,,,
신한저축은행,(주)신한금융지주회사,1,공시(확인),Y,,,2025,(주)신한금융지주회사,스마트투데이,1
하나에프앤아이,(주)하나금융지주,1,공시(확인),Y,,,2025,(주)하나금융지주,하나금융그룹 홈페이지 ESG Reporting(지속가능경영·TCFD·KSSB 보고서),1
하나저축은행,(주)하나금융지주,1,공시(확인),Y,,,2025,(주)하나금융지주,하나금융그룹 홈페이지 ESG Reporting(지속가능경영·TCFD·KSSB 보고서),1
하나손해보험,(주)하나금융지주,1,공시(확인),Y,,,2025,(주)하나금융지주,하나금융그룹 홈페이지 ESG Reporting(지속가능경영·TCFD·KSSB 보고서),1
㈜카카오페이증권,주식회사 카카오페이,2,근거 없음(미공시로 봄),,,,,,,
대신저축은행,대신증권(주),2,근거 없음(미공시로 봄),,,,,,,
KB저축은행,(주)KB금융지주,0,공시(확인),Y,84.8,3.2,2025,(주)KB금융지주,KB ESG사업부장 회계기준원 세미나 발표(조세금융신문 보도) + 회사 보도자료(한국경제),2
㈜우리금융저축은행,(주)우리금융지주,1,공시(확인),Y,,,2025,(주)우리금융지주,뉴스핌,1
키움에프앤아이,키움증권(주),2,근거 없음(미공시로 봄),,,,,,,
삼성자산운용,삼성생명보험(주),1,공시(확인),Y,,,2024,삼성생명보험(주),아시아경제·다음(2025-07-10),1
키움저축은행,키움증권(주),2,근거 없음(미공시로 봄),,,,,,,
(주)BNK저축은행,(주)BNK금융지주,1,공시(약함),Y,,,2025,(주)BNK금융지주,"메트로신문(SBTi 인증·PCAF 측정 시스템 2024-05, 2025 보고서 2026-06)",1
KB인베스트먼트,(주)KB금융지주,0,공시(확인),Y,84.8,3.2,2025,(주)KB금융지주,KB ESG사업부장 회계기준원 세미나 발표(조세금융신문 보도) + 회사 보도자료(한국경제),2
키움YES저축은행,키움증권(주),2,근거 없음(미공시로 봄),,,,,,,
㈜아이비케이저축은행,중소기업은행,1,공시(확인),Y,,,2025,중소기업은행,"국회 의원실 자료 보도(이전 조사) + 스마트투데이(SBTi 인증, 2024)",1
한화자산운용,한화생명보험(주),1,공시(약함),Y,,,2023,한화생명보험(주),쿠키뉴스,1
한화저축은행,한화생명보험(주),1,공시(약함),Y,,,2023,한화생명보험(주),쿠키뉴스,1
우리금융에프앤아이㈜,(주)우리금융지주,1,공시(확인),Y,,,2025,(주)우리금융지주,뉴스핌,1
KB부동산신탁,(주)KB금융지주,0,공시(확인),Y,84.8,3.2,2025,(주)KB금융지주,KB ESG사업부장 회계기준원 세미나 발표(조세금융신문 보도) + 회사 보도자료(한국경제),2
미래에셋벤처투자㈜,미래에셋증권(주),1,공시(약함),Y,,,2022,미래에셋증권(주),"딜사이트(2023-06) + 한경비즈니스(2025 보고서 분석, 2026-07)",1
NH선물,엔에이치투자증권(주),1,공시(확인),Y,,,2024,엔에이치투자증권(주),서드앵글·농민신문,2
하나자산신탁,(주)하나금융지주,1,공시(확인),Y,,,2025,(주)하나금융지주,하나금융그룹 홈페이지 ESG Reporting(지속가능경영·TCFD·KSSB 보고서),1
신한자산신탁,(주)신한금융지주회사,1,공시(확인),Y,,,2025,(주)신한금융지주회사,스마트투데이,1
한국투자부동산신탁,한국투자금융지주(주),2,근거 없음(미공시로 봄),,,,,,,
KB자산운용,(주)KB금융지주,0,공시(확인),Y,84.8,3.2,2025,(주)KB금융지주,KB ESG사업부장 회계기준원 세미나 발표(조세금융신문 보도) + 회사 보도자료(한국경제),2
DB캐피탈,DB손해보험(주),1,공시(확인),Y,,,2025,DB손해보험(주),뉴스토마토(기후솔루션 분석 인용),2
한국투자파트너스,한국투자금융지주(주),2,근거 없음(미공시로 봄),,,,,,,
유진투자선물(주),유진투자증권(주),2,근거 없음(미공시로 봄),,,,,,,
㈜엠에스상호저축은행,SK증권(주),1,공시(확인),Y,,,2025,SK증권(주),SK증권 보도자료(한국경제 게재),2
한국투자리얼에셋운용,한국투자금융지주(주),2,근거 없음(미공시로 봄),,,,,,,
우리벤처파트너스㈜,(주)우리금융지주,1,공시(확인),Y,,,2025,(주)우리금융지주,뉴스핌,1
신한EZ손해보험,(주)신한금융지주회사,1,공시(확인),Y,,,2025,(주)신한금융지주회사,스마트투데이,1
하나대체투자자산운용,(주)하나금융지주,1,공시(확인),Y,,,2025,(주)하나금융지주,하나금융그룹 홈페이지 ESG Reporting(지속가능경영·TCFD·KSSB 보고서),1
신한자산운용,(주)신한금융지주회사,1,공시(확인),Y,,,2025,(주)신한금융지주회사,스마트투데이,1
우리자산신탁㈜,(주)우리금융지주,1,공시(확인),Y,,,2025,(주)우리금융지주,뉴스핌,1
키움투자자산운용,키움증권(주),2,근거 없음(미공시로 봄),,,,,,,
BNK자산운용(주),(주)BNK금융지주,1,공시(약함),Y,,,2025,(주)BNK금융지주,"메트로신문(SBTi 인증·PCAF 측정 시스템 2024-05, 2025 보고서 2026-06)",1
우리자산운용㈜,(주)우리금융지주,1,공시(확인),Y,,,2025,(주)우리금융지주,뉴스핌,1
한국투자프라이빗에쿼티,한국투자금융지주(주),2,근거 없음(미공시로 봄),,,,,,,
삼성SRA자산운용,삼성생명보험(주),1,공시(확인),Y,,,2024,삼성생명보험(주),아시아경제·다음(2025-07-10),1
신한벤처투자,(주)신한금융지주회사,1,공시(확인),Y,,,2025,(주)신한금융지주회사,스마트투데이,1
신영부동산신탁,신영증권(주),2,근거 없음(미공시로 봄),,,,,,,
현대인베스트먼트자산운용,현대해상화재보험(주),1,공시(확인),Y,,,2023,현대해상화재보험(주),쿠키뉴스,2
㈜카카오페이손해보험,주식회사 카카오페이,2,근거 없음(미공시로 봄),,,,,,,
신영자산운용,신영증권(주),2,근거 없음(미공시로 봄),,,,,,,
하나벤처스,(주)하나금융지주,1,공시(확인),Y,,,2025,(주)하나금융지주,하나금융그룹 홈페이지 ESG Reporting(지속가능경영·TCFD·KSSB 보고서),1
키움인베스트먼트,키움증권(주),2,근거 없음(미공시로 봄),,,,,,,
우리프라이빗에퀴티자산운용㈜,(주)우리금융지주,1,공시(확인),Y,,,2025,(주)우리금융지주,뉴스핌,1
아이비케이자산운용㈜,중소기업은행,1,공시(확인),Y,,,2025,중소기업은행,"국회 의원실 자료 보도(이전 조사) + 스마트투데이(SBTi 인증, 2024)",1
JB자산운용(주),(주)JB금융지주,1,공시(확인),Y,,,2021,(주)JB금융지주,JB금융 보도자료(전북일보 게재) + 메트로신문,1
엔에이치헤지자산운용,엔에이치투자증권(주),1,공시(확인),Y,,,2024,엔에이치투자증권(주),서드앵글·농민신문,2
㈜아이비케이벤처투자,중소기업은행,1,공시(확인),Y,,,2025,중소기업은행,"국회 의원실 자료 보도(이전 조사) + 스마트투데이(SBTi 인증, 2024)",1
키움프라이빗에쿼티,키움증권(주),2,근거 없음(미공시로 봄),,,,,,,
유안타인베스트먼트,유안타증권(주),2,근거 없음(미공시로 봄),,,,,,,
에스케이에스프라이빗에쿼티㈜,SK증권(주),1,공시(확인),Y,,,2025,SK증권(주),SK증권 보도자료(한국경제 게재),2
(주)iM에셋자산운용,(주)아이엠금융지주,1,공시(확인),Y,,,2021,(주)아이엠금융지주,iM금융그룹 공식 홈페이지,2
JB인베스트먼트(주),(주)JB금융지주,1,공시(확인),Y,,,2021,(주)JB금융지주,JB금융 보도자료(전북일보 게재) + 메트로신문,1
DB자산운용,DB증권(주),2,근거 없음(미공시로 봄),,,,,,,
다올자산운용㈜,다올투자증권(주),2,근거 없음(미공시로 봄),,,,,,,
BNK벤처투자(주),(주)BNK금융지주,1,공시(약함),Y,,,2025,(주)BNK금융지주,"메트로신문(SBTi 인증·PCAF 측정 시스템 2024-05, 2025 보고서 2026-06)",1
대신자산운용,대신증권(주),2,근거 없음(미공시로 봄),,,,,,,
유진자산운용(주),유진투자증권(주),2,근거 없음(미공시로 봄),,,,,,,
(주)iM유페이,(주)아이엠금융지주,1,공시(확인),Y,,,2021,(주)아이엠금융지주,iM금융그룹 공식 홈페이지,2
핀크,(주)하나금융지주,1,공시(확인),Y,,,2025,(주)하나금융지주,하나금융그룹 홈페이지 ESG Reporting(지속가능경영·TCFD·KSSB 보고서),1
한국투자액셀러레이터,한국투자금융지주(주),2,근거 없음(미공시로 봄),,,,,,,
(주)iM투자파트너스,(주)아이엠금융지주,1,공시(확인),Y,,,2021,(주)아이엠금융지주,iM금융그룹 공식 홈페이지,2
메리츠대체투자운용(주),(주)메리츠금융지주,2,근거 없음(미공시로 봄),,,,,,,
대신프라이빗에쿼티,대신증권(주),2,근거 없음(미공시로 봄),,,,,,,
다올프라이빗에쿼티㈜,다올투자증권(주),2,근거 없음(미공시로 봄),,,,,,,
현대하임자산운용,현대해상화재보험(주),1,공시(확인),Y,,,2023,현대해상화재보험(주),쿠키뉴스,2
케이티비프라이빗에쿼티,다올투자증권(주),2,근거 없음(미공시로 봄),,,,,,,
현대캐피탈,현대캐피탈,2,근거 없음(미공시로 봄),,,,,,,
현대카드,현대카드,2,근거 없음(미공시로 봄),,,,,,,
LS증권㈜,LS증권㈜,2,근거 없음(미공시로 봄),,,,,,,
비씨카드㈜,비씨카드㈜,2,근거 없음(미공시로 봄),,,,,,,
네이버파이낸셜 주식회사,네이버파이낸셜 주식회사,2,근거 없음(미공시로 봄),,,,,,,
아폴로코리아 주식회사,아폴로코리아 주식회사,2,근거 없음(미공시로 봄),,,,,,,
한화에비에이션㈜,한화에비에이션㈜,2,근거 없음(미공시로 봄),,,,,,,
(주)참저축은행,(주)참저축은행,2,근거 없음(미공시로 봄),,,,,,,
(주)코람코자산신탁,(주)코람코자산신탁,2,근거 없음(미공시로 봄),,,,,,,
한국자산캐피탈,한국자산캐피탈,2,근거 없음(미공시로 봄),,,,,,,
롯데오토리스㈜,롯데오토리스㈜,2,근거 없음(미공시로 봄),,,,,,,
㈜카카오벤처스,㈜카카오벤처스,2,근거 없음(미공시로 봄),,,,,,,
에이치씨씨홀딩스 주식회사,에이치씨씨홀딩스 주식회사,2,근거 없음(미공시로 봄),,,,,,,
무림캐피탈,무림캐피탈,2,근거 없음(미공시로 봄),,,,,,,
엔에이치엔페이코㈜,엔에이치엔페이코㈜,2,근거 없음(미공시로 봄),,,,,,,
부국캐피탈㈜,부국캐피탈㈜,2,근거 없음(미공시로 봄),,,,,,,
유리자산운용㈜,유리자산운용㈜,2,근거 없음(미공시로 봄),,,,,,,
우신벤처투자(주),우신벤처투자(주),2,근거 없음(미공시로 봄),,,,,,,
㈜YG인베스트먼트,㈜YG인베스트먼트,2,근거 없음(미공시로 봄),,,,,,,
엔에이치엔인베스트먼트㈜,엔에이치엔인베스트먼트㈜,2,근거 없음(미공시로 봄),,,,,,,
주식회사 솔루엠코스메틱,주식회사 솔루엠코스메틱,2,근거 없음(미공시로 봄),,,,,,,
아이엠엠하임코인베스트먼트원,아이엠엠하임코인베스트먼트원,2,근거 없음(미공시로 봄),,,,,,,
스틱벤처스(주),스틱벤처스(주),2,근거 없음(미공시로 봄),,,,,,,
코레이트자산운용,코레이트자산운용,2,근거 없음(미공시로 봄),,,,,,,
동원기술투자㈜,동원기술투자㈜,2,근거 없음(미공시로 봄),,,,,,,
(주)엔코어벤처스,(주)엔코어벤처스,2,근거 없음(미공시로 봄),,,,,,,
씨제이인베스트먼트(주),씨제이인베스트먼트(주),2,근거 없음(미공시로 봄),,,,,,,
삼호그린인베스트먼트(주),삼호그린인베스트먼트(주),2,근거 없음(미공시로 봄),,,,,,,
㈜케이티인베스트먼트,㈜케이티인베스트먼트,2,근거 없음(미공시로 봄),,,,,,,
㈜삼천리인베스트먼트,㈜삼천리인베스트먼트,2,근거 없음(미공시로 봄),,,,,,,
주식회사 에스티엑스해운,주식회사 에스티엑스해운,2,근거 없음(미공시로 봄),,,,,,,
에이치티알헤시라스 주식회사,에이치티알헤시라스 주식회사,2,근거 없음(미공시로 봄),,,,,,,
KD인베스트먼트,KD인베스트먼트,2,근거 없음(미공시로 봄),,,,,,,
삼천리자산운용㈜,삼천리자산운용㈜,2,근거 없음(미공시로 봄),,,,,,,
㈜BSK인베스트먼트,㈜BSK인베스트먼트,2,근거 없음(미공시로 봄),,,,,,,
㈜케이씨투자파트너스,㈜케이씨투자파트너스,2,근거 없음(미공시로 봄),,,,,,,
스틱얼터너티브자산운용(주),스틱얼터너티브자산운용(주),2,근거 없음(미공시로 봄),,,,,,,
㈜블루캐스트인베스트먼트,㈜블루캐스트인베스트먼트,2,근거 없음(미공시로 봄),,,,,,,
GS벤처스,GS벤처스,2,근거 없음(미공시로 봄),,,,,,,
(주)토니인베스트먼트,(주)토니인베스트먼트,2,근거 없음(미공시로 봄),,,,,,,
프롤로그벤처스 주식회사,프롤로그벤처스 주식회사,2,근거 없음(미공시로 봄),,,,,,,
SGC파트너스(주),SGC파트너스(주),2,근거 없음(미공시로 봄),,,,,,,
(주)엘에프인베스트먼트,(주)엘에프인베스트먼트,2,근거 없음(미공시로 봄),,,,,,,
아르케 인베스트먼트,아르케 인베스트먼트,2,근거 없음(미공시로 봄),,,,,,,
㈜두산인베스트먼트,㈜두산인베스트먼트,2,근거 없음(미공시로 봄),,,,,,,
㈜에스비파트너스,㈜에스비파트너스,2,근거 없음(미공시로 봄),,,,,,,
(주)에스제이엠 인베스트먼트,(주)에스제이엠 인베스트먼트,2,근거 없음(미공시로 봄),,,,,,,
㈜SBS네오파트너스,㈜SBS네오파트너스,2,근거 없음(미공시로 봄),,,,,,,
(주)에프앤에프파트너스,(주)에프앤에프파트너스,2,근거 없음(미공시로 봄),,,,,,,
(주)디비기술투자,(주)디비기술투자,2,근거 없음(미공시로 봄),,,,,,,
엑스플로인베스트먼트㈜,엑스플로인베스트먼트㈜,2,근거 없음(미공시로 봄),,,,,,,
㈜에스퓨처스,㈜에스퓨처스,2,근거 없음(미공시로 봄),,,,,,,
(주)LX벤처스,(주)LX벤처스,2,근거 없음(미공시로 봄),,,,,,,
동국인베스트먼트(주),동국인베스트먼트(주),2,근거 없음(미공시로 봄),,,,,,,
(주)세아기술투자,(주)세아기술투자,2,근거 없음(미공시로 봄),,,,,,,
(주)미래에스피씨,(주)미래에스피씨,2,근거 없음(미공시로 봄),,,,,,,
효성벤처스(주),효성벤처스(주),2,근거 없음(미공시로 봄),,,,,,,
㈜스카이워크자산운용,㈜스카이워크자산운용,2,근거 없음(미공시로 봄),,,,,,,
한화인베스트먼트㈜,한화인베스트먼트㈜,2,근거 없음(미공시로 봄),,,,,,,
(주)다이나믹벤처스,(주)다이나믹벤처스,2,근거 없음(미공시로 봄),,,,,,,
KPS파트너스(주),KPS파트너스(주),2,근거 없음(미공시로 봄),,,,,,,
(주)창원혁신산단개발자산관리,(주)창원혁신산단개발자산관리,2,근거 없음(미공시로 봄),,,,,,,
대웅인베스트먼트,대웅인베스트먼트,2,근거 없음(미공시로 봄),,,,,,,
삼익매츠벤처스(주),삼익매츠벤처스(주),2,근거 없음(미공시로 봄),,,,,,,
(주)유씨에이치파트너스,(주)유씨에이치파트너스,2,근거 없음(미공시로 봄),,,,,,,
메리츠캐피탈㈜ ,(주)메리츠금융지주,2,근거 없음(미공시로 봄),,,,,,,
(주)KB금융지주,(주)KB금융지주,0,공시(확인),Y,84.8,3.2,2025,(주)KB금융지주,KB ESG사업부장 회계기준원 세미나 발표(조세금융신문 보도) + 회사 보도자료(한국경제),2
(주)신한금융지주회사,(주)신한금융지주회사,1,공시(확인),Y,,,2025,(주)신한금융지주회사,스마트투데이,1
(주)하나금융지주,(주)하나금융지주,1,공시(확인),Y,,,2025,(주)하나금융지주,하나금융그룹 홈페이지 ESG Reporting(지속가능경영·TCFD·KSSB 보고서),1
(주)우리금융지주,(주)우리금융지주,1,공시(확인),Y,,,2025,(주)우리금융지주,뉴스핌,1
중소기업은행,중소기업은행,1,공시(확인),Y,,,2025,중소기업은행,"국회 의원실 자료 보도(이전 조사) + 스마트투데이(SBTi 인증, 2024)",1
삼성생명보험(주),삼성생명보험(주),1,공시(확인),Y,,,2024,삼성생명보험(주),아시아경제·다음(2025-07-10),1
한화생명보험(주),한화생명보험(주),1,공시(약함),Y,,,2023,한화생명보험(주),쿠키뉴스,1
(주)BNK금융지주,(주)BNK금융지주,1,공시(약함),Y,,,2025,(주)BNK금융지주,"메트로신문(SBTi 인증·PCAF 측정 시스템 2024-05, 2025 보고서 2026-06)",1
미래에셋증권(주),미래에셋증권(주),1,공시(약함),Y,,,2022,미래에셋증권(주),"딜사이트(2023-06) + 한경비즈니스(2025 보고서 분석, 2026-07)",1
한국투자금융지주(주),한국투자금융지주(주),2,근거 없음(미공시로 봄),,,,,,,
(주)메리츠금융지주,(주)메리츠금융지주,2,근거 없음(미공시로 봄),,,,,,,
(주)아이엠금융지주,(주)아이엠금융지주,1,공시(확인),Y,,,2021,(주)아이엠금융지주,iM금융그룹 공식 홈페이지,2
삼성화재해상보험(주),삼성화재해상보험(주),1,공시(확인),Y,,,2023,삼성화재해상보험(주),쿠키뉴스,2
엔에이치투자증권(주),엔에이치투자증권(주),1,공시(확인),Y,,,2024,엔에이치투자증권(주),서드앵글·농민신문,2
키움증권(주),키움증권(주),2,근거 없음(미공시로 봄),,,,,,,
삼성증권(주),삼성증권(주),2,근거 없음(미공시로 봄),,,,,,,
주식회사 카카오뱅크,주식회사 카카오뱅크,2,근거 없음(미공시로 봄),,,,,,,
DB손해보험(주),DB손해보험(주),1,공시(확인),Y,,,2025,DB손해보험(주),뉴스토마토(기후솔루션 분석 인용),2
(주)JB금융지주,(주)JB금융지주,1,공시(확인),Y,,,2021,(주)JB금융지주,JB금융 보도자료(전북일보 게재) + 메트로신문,1
현대해상화재보험(주),현대해상화재보험(주),1,공시(확인),Y,,,2023,현대해상화재보험(주),쿠키뉴스,2
대신증권(주),대신증권(주),2,근거 없음(미공시로 봄),,,,,,,
미래에셋생명보험(주),미래에셋생명보험(주),2,근거 없음(미공시로 봄),,,,,,,
삼성카드(주),삼성카드(주),1,공시(약함),Y,,,2024,삼성카드(주),아시아경제(보고서 범위)·SK증권 리포트(지분 71.87%),1
주식회사 케이뱅크,주식회사 케이뱅크,2,근거 없음(미공시로 봄),,,,,,,
한화손해보험(주),한화손해보험(주),1,공시(확인),Y,,,2023,한화손해보험(주),기후솔루션 연구보고서(시민단체),1
유안타증권(주),유안타증권(주),2,근거 없음(미공시로 봄),,,,,,,
교보증권(주),교보증권(주),1,공시(확인),Y,,,2025,교보증권(주),머니투데이방송(MTN),2
한화투자증권(주),한화투자증권(주),2,근거 없음(미공시로 봄),,,,,,,
롯데손해보험(주),롯데손해보험(주),2,근거 없음(미공시로 봄),,,,,,,
코리안리재보험(주),코리안리재보험(주),2,근거 없음(미공시로 봄),,,,,,,
DB증권(주),DB증권(주),2,근거 없음(미공시로 봄),,,,,,,
흥국화재해상보험(주),흥국화재해상보험(주),2,근거 없음(미공시로 봄),,,,,,,
현대차증권(주),현대차증권(주),2,근거 없음(미공시로 봄),,,,,,,
유진투자증권(주),유진투자증권(주),2,근거 없음(미공시로 봄),,,,,,,
다올투자증권(주),다올투자증권(주),2,근거 없음(미공시로 봄),,,,,,,
신영증권(주),신영증권(주),2,근거 없음(미공시로 봄),,,,,,,
서울보증보험(주),서울보증보험(주),2,근거 없음(미공시로 봄),,,,,,,
(주)제주은행,(주)제주은행,1,공시(약함),Y,,,2025,(주)제주은행,KOSRI(신한금융 2022 ESG 보고서 보고범위),1
SK증권(주),SK증권(주),1,공시(확인),Y,,,2025,SK증권(주),SK증권 보도자료(한국경제 게재),2
주식회사 카카오페이,주식회사 카카오페이,2,근거 없음(미공시로 봄),,,,,,,
