account,group,layer,sector,fail_type,reason,mfg_eok,share_table,total_to_assets,rcept_no,report_nm,code_src,found_kinds,diag
교보생명보험(주),생명보험,비상장 비종속(대기업집단),생명보험,검토,표 위치: 주석 밖 · 표 합계/총자산 0.04,73.79,0.14,0.042,20260813001068,[기재정정]사업보고서 (2025.12),이름,반기보고서 · 분기보고서 · 사업보고서,주석 제조 표 0 · 문서 전체 제조 표 4 · 주석 '산업별·업종별' 5
현대커머셜(주),카드·캐피탈,비상장 비종속(대기업집단),여신금융,원문 오류,"DART 원문 오류 014: 20260319001234 <?xml version=""1.0"" encoding=""UTF-8"" standalone=""",,,,20260319001234,[첨부정정]사업보고서 (2025.12),이름,반기보고서 · 분기보고서 · 사업보고서,
농협손해보험(주),손해보험,비상장 비종속(대기업집단),손해보험,보고서 없음,,,,,,,고유번호 없음,,
롯데캐피탈(주),카드·캐피탈,비상장 비종속(대기업집단),카드·할부금융,표 없음,,,,,20260331001823,사업보고서 (2025.12),이름,반기보고서 · 분기보고서 · 사업보고서,주석 제조 표 0 · 문서 전체 제조 표 1 · 주석 '산업별·업종별' 0
토스증권(주),증권,비상장 비종속(대기업집단),증권,표 없음,문서에 제조 표 없음,,,,20260401004239,감사보고서 (2025.12),이름,감사보고서 · 연결감사보고서,주석 제조 표 0 · 문서 전체 제조 표 0 · 주석 '산업별·업종별' 0
미래에셋캐피탈(주),카드·캐피탈,비상장 비종속(대기업집단),카드·할부금융,검토,표 위치: 주석 밖,1957.65,14.17,0.215,20260331004191,사업보고서 (2025.12),이름,반기보고서 · 분기보고서 · 사업보고서,주석 제조 표 0 · 문서 전체 제조 표 2 · 주석 '산업별·업종별' 0
미래에셋자산운용(주),자산운용·신탁,비상장 비종속(대기업집단),신탁·집합투자,표 없음,산업별 문맥 없음,,,,20260323001202,사업보고서 (2025.12),이름,반기보고서 · 분기보고서 · 사업보고서,주석 제조 표 0 · 문서 전체 제조 표 1 · 주석 '산업별·업종별' 0
농업협동조합자산관리회사,기타,비상장 비종속(대기업집단),금융지원 서비스,보고서 없음,,,,,,,보고서 없음,,
쿠팡페이(주),기타,비상장 비종속(대기업집단),금융지원 서비스,표 없음,문서에 제조 표 없음,,,,20260410003556,감사보고서 (2025.12),이름,감사보고서,주석 제조 표 0 · 문서 전체 제조 표 0 · 주석 '산업별·업종별' 0
오케이넥스트(주),기타,비상장 비종속(대기업집단),그외 기타 금융,표 없음,문서에 제조 표 없음,,,,20260403001904,감사보고서 (2025.12),이름,감사보고서 · 연결감사보고서,주석 제조 표 0 · 문서 전체 제조 표 0 · 주석 '산업별·업종별' 0
메트라이프생명보험(주),생명보험,비상장 비종속(독립·외국계),생명보험,표 없음,문서에 제조 표 없음,,,,20260403003824,감사보고서 (2025.12),명단,감사보고서 · 연결감사보고서,주석 제조 표 0 · 문서 전체 제조 표 0 · 주석 '산업별·업종별' 2
롯데카드㈜,카드·캐피탈,비상장 비종속(독립·외국계),카드·할부금융,검토,표 합계/총자산 1.90,2149.99,0.48,1.895,20260327001072,사업보고서 (2025.12),명단,반기보고서 · 분기보고서 · 사업보고서,주석 제조 표 1 · 문서 전체 제조 표 5 · 주석 '산업별·업종별' 1
에이아이에이생명보험 주식회사,생명보험,비상장 비종속(독립·외국계),생명보험,표 못 읽음,본문 줄 부족,,,,20260407002100,감사보고서 (2025.12),명단,감사보고서 · 연결감사보고서,주석 제조 표 2 · 문서 전체 제조 표 2 · 주석 '산업별·업종별' 3
푸본현대생명보험주식회사,생명보험,비상장 비종속(독립·외국계),생명보험,검토,단위 못 찾음 — 비중만 · 제조업 금액 없음(단위 없음),,25.58,,20260420000334,[기재정정]사업보고서 (2025.12),명단,반기보고서 · 분기보고서 · 사업보고서,주석 제조 표 2 · 문서 전체 제조 표 4 · 주석 '산업별·업종별' 2
비엠더블유파이낸셜서비스코리아㈜,카드·캐피탈,비상장 비종속(독립·외국계),금융리스,표 없음,문서에 제조 표 없음,,,,20260403003529,감사보고서 (2025.12),명단,감사보고서 · 연결감사보고서,주석 제조 표 0 · 문서 전체 제조 표 0 · 주석 '산업별·업종별' 0
라이나생명보험주식회사,생명보험,비상장 비종속(독립·외국계),생명보험,표 없음,문서에 제조 표 없음,,,,20260406004538,감사보고서 (2025.12),명단,감사보고서 · 연결감사보고서,주석 제조 표 0 · 문서 전체 제조 표 0 · 주석 '산업별·업종별' 1
노무라금융투자주식회사,기타,비상장 비종속(독립·외국계),기타 금융서비스(확인 필요),표 없음,문서에 제조 표 없음,,,,20260703000067,감사보고서 (2026.03),명단,감사보고서,주석 제조 표 0 · 문서 전체 제조 표 0 · 주석 '산업별·업종별' 0
예별손해보험 주식회사,손해보험,비상장 비종속(독립·외국계),손해보험,보고서 없음,,,,,,,보고서 없음,,
메르세데스벤츠파이낸셜서비스코리아㈜,카드·캐피탈,비상장 비종속(독립·외국계),카드·할부금융,표 없음,문서에 제조 표 없음,,,,20260331002445,사업보고서 (2025.12),명단,반기보고서 · 분기보고서 · 사업보고서,주석 제조 표 0 · 문서 전체 제조 표 0 · 주석 '산업별·업종별' 0
오릭스캐피탈코리아㈜,카드·캐피탈,비상장 비종속(독립·외국계),금융리스,원문 오류,"DART 원문 오류 014: 20260723000080 <?xml version=""1.0"" encoding=""UTF-8"" standalone=""",,,,20260723000080,[첨부정정]사업보고서 (2026.03),명단,반기보고서 · 분기보고서 · 사업보고서,
한국 에스지증권 주식회사,증권,비상장 비종속(독립·외국계),증권,표 없음,문서에 제조 표 없음,,,,20260403000991,감사보고서 (2025.12),명단,감사보고서,주석 제조 표 0 · 문서 전체 제조 표 0 · 주석 '산업별·업종별' 1
비엔피파리바카디프생명보험주식회사,생명보험,비상장 비종속(독립·외국계),재보험,표 없음,문서에 제조 표 없음,,,,20260406004430,감사보고서 (2025.12),명단,감사보고서,주석 제조 표 0 · 문서 전체 제조 표 0 · 주석 '산업별·업종별' 1
케이프투자증권,증권,비상장 비종속(독립·외국계),증권,표 없음,문서에 제조 표 없음,,,,20260408000152,감사보고서 (2025.12),명단,감사보고서 · 연결감사보고서,주석 제조 표 0 · 문서 전체 제조 표 0 · 주석 '산업별·업종별' 0
메리츠증권(주),증권,비상장 종속,증권,표 못 읽음,본문 줄 부족,,,,20260401004248,[기재정정]사업보고서 (2025.12),명단,반기보고서 · 분기보고서 · 사업보고서,주석 제조 표 2 · 문서 전체 제조 표 7 · 주석 '산업별·업종별' 2
신한라이프생명보험,생명보험,비상장 종속,생명보험,검토,표 합계/총자산 1.95,9628.35,0.83,1.945,20260331004136,[기재정정]사업보고서 (2025.12),명단,반기보고서 · 분기보고서 · 사업보고서,주석 제조 표 2 · 문서 전체 제조 표 4 · 주석 '산업별·업종별' 2
신한투자증권,증권,비상장 종속,증권,검토,표 합계/총자산 3.15,21520.78,1.3,3.153,20260325000632,사업보고서 (2025.12),명단,반기보고서 · 분기보고서 · 사업보고서,주석 제조 표 2 · 문서 전체 제조 표 9 · 주석 '산업별·업종별' 4
KB손해보험,손해보험,비상장 종속,손해보험,검토,표 합계/총자산 1.74,10617.9,1.34,1.743,20260331003209,[기재정정]사업보고서 (2025.12),명단,반기보고서 · 분기보고서 · 사업보고서,주석 제조 표 2 · 문서 전체 제조 표 4 · 주석 '산업별·업종별' 1
메리츠화재해상보험(주),손해보험,비상장 종속,손해보험,원문 오류,"DART 원문 오류 014: 20260401000273 <?xml version=""1.0"" encoding=""UTF-8"" standalone=""",,,,20260401000273,[첨부정정]사업보고서 (2025.12),명단,반기보고서 · 분기보고서 · 사업보고서,
신한카드,카드·캐피탈,비상장 종속,카드·할부금융,검토,표 합계/총자산 1.80,4852.37,0.65,1.797,20260318001276,사업보고서 (2025.12),명단,반기보고서 · 분기보고서 · 사업보고서,주석 제조 표 2 · 문서 전체 제조 표 8 · 주석 '산업별·업종별' 2
KB라이프생명,생명보험,비상장 종속,생명보험,검토,검산③: FISIS 차이 39%,1139.22,5.81,0.055,20260331003664,[기재정정]사업보고서 (2025.12),명단,반기보고서 · 분기보고서 · 사업보고서,주석 제조 표 1 · 문서 전체 제조 표 2 · 주석 '산업별·업종별' 2
동양생명보험㈜,생명보험,비상장 종속,생명보험,표 없음,본문 줄 부족,,,,20260331004234,[기재정정]사업보고서 (2025.12),명단,반기보고서 · 분기보고서 · 사업보고서,주석 제조 표 0 · 문서 전체 제조 표 4 · 주석 '산업별·업종별' 0
KB국민카드,카드·캐피탈,비상장 종속,카드·할부금융,검토,표 합계/총자산 1.81,4329.39,0.79,1.808,20260313000876,사업보고서 (2025.12),명단,반기보고서 · 분기보고서 · 사업보고서,주석 제조 표 2 · 문서 전체 제조 표 8 · 주석 '산업별·업종별' 2
에이비엘생명보험㈜,생명보험,비상장 종속,생명보험,원문 오류,"DART 원문 오류 014: 20260406003191 <?xml version=""1.0"" encoding=""UTF-8"" standalone=""",,,,20260406003191,[첨부정정]사업보고서 (2025.12),명단,반기보고서 · 분기보고서 · 사업보고서,
하나캐피탈,카드·캐피탈,비상장 종속,카드·할부금융,원문 오류,"DART 원문 오류 014: 20260410003360 <?xml version=""1.0"" encoding=""UTF-8"" standalone=""",,,,20260410003360,[첨부정정]사업보고서 (2025.12),명단,반기보고서 · 분기보고서 · 사업보고서,
㈜우리카드,카드·캐피탈,비상장 종속,카드·할부금융,검토,표 합계/총자산 5.30,41735.44,4.57,5.304,20260312000533,사업보고서 (2025.12),명단,반기보고서 · 분기보고서 · 사업보고서,주석 제조 표 2 · 문서 전체 제조 표 9 · 주석 '산업별·업종별' 2
하나카드,카드·캐피탈,비상장 종속,카드·할부금융,검토,표 합계/총자산 3.83,10425.46,1.81,3.833,20260814002150,[기재정정]사업보고서 (2025.12),명단,반기보고서 · 분기보고서 · 사업보고서,주석 제조 표 2 · 문서 전체 제조 표 4 · 주석 '산업별·업종별' 1
아이비케이연금보험㈜,생명보험,비상장 종속,생명보험,표 없음,문서에 제조 표 없음,,,,20260331004893,감사보고서 (2025.12),명단,감사보고서,주석 제조 표 0 · 문서 전체 제조 표 0 · 주석 '산업별·업종별' 4
신한캐피탈,카드·캐피탈,비상장 종속,금융리스,검토,표 합계/총자산 5.09,17598.81,2.79,5.09,20260331003674,사업보고서 (2025.12),명단,반기보고서 · 분기보고서 · 사업보고서,주석 제조 표 3 · 문서 전체 제조 표 13 · 주석 '산업별·업종별' 2
㈜아이비케이캐피탈,카드·캐피탈,비상장 종속,기타 여신금융,검토,표 위치: 주석 밖 · 표 합계/총자산 2.08,2454.58,0.98,2.076,20260330000480,사업보고서 (2025.12),명단,반기보고서 · 분기보고서 · 사업보고서,주석 제조 표 1 · 문서 전체 제조 표 5 · 주석 '산업별·업종별' 0
DB생명,생명보험,비상장 종속,생명보험,표 없음,문서에 제조 표 없음,,,,20260327000191,사업보고서 (2025.12),명단,반기보고서 · 분기보고서 · 사업보고서,주석 제조 표 0 · 문서 전체 제조 표 0 · 주석 '산업별·업종별' 3
아이비케이투자증권㈜,증권,비상장 종속,증권,표 없음,문서에 제조 표 없음,,,,20260331003956,사업보고서 (2025.12),명단,반기보고서 · 분기보고서 · 사업보고서,주석 제조 표 0 · 문서 전체 제조 표 0 · 주석 '산업별·업종별' 0
(주)BNK투자증권,증권,비상장 종속,증권,표 없음,문서에 제조 표 없음,,,,20260317000647,사업보고서 (2025.12),명단,반기보고서 · 분기보고서 · 사업보고서,주석 제조 표 0 · 문서 전체 제조 표 0 · 주석 '산업별·업종별' 0
㈜우리투자증권,증권,비상장 종속,증권,표 못 읽음,본문 줄 부족,,,,20260327000598,감사보고서 (2025.12),명단,감사보고서 · 반기보고서 · 분기보고서 · 연결감사보고서,주석 제조 표 2 · 문서 전체 제조 표 2 · 주석 '산업별·업종별' 3
삼성선물(주),증권,비상장 종속,선물,표 없음,문서에 제조 표 없음,,,,20260325001044,감사보고서 (2025.12),명단,감사보고서,주석 제조 표 0 · 문서 전체 제조 표 0 · 주석 '산업별·업종별' 1
대신에프앤아이,기타,비상장 종속,그외 기타 금융,표 없음,본문 줄 부족,,,,20260331003686,사업보고서 (2025.12),명단,반기보고서 · 분기보고서 · 사업보고서,주석 제조 표 0 · 문서 전체 제조 표 2 · 주석 '산업별·업종별' 1
하나에프앤아이,자산운용·신탁,비상장 종속,신탁·집합투자,검토,표 위치: 주석 밖 · 표 합계/총자산 2.06,153.5,0.26,2.059,20260330001829,사업보고서 (2025.12),명단,반기보고서 · 분기보고서 · 사업보고서,주석 제조 표 0 · 문서 전체 제조 표 2 · 주석 '산업별·업종별' 1
하나손해보험,손해보험,비상장 종속,손해보험,표 없음,문서에 제조 표 없음,,,,20260325000538,감사보고서 (2025.12),명단,감사보고서 · 연결감사보고서,주석 제조 표 0 · 문서 전체 제조 표 0 · 주석 '산업별·업종별' 2
㈜카카오페이증권,증권,비상장 종속,증권,표 없음,문서에 제조 표 없음,,,,20260331000818,감사보고서 (2025.12),명단,감사보고서,주석 제조 표 0 · 문서 전체 제조 표 0 · 주석 '산업별·업종별' 0
키움에프앤아이,기타,비상장 종속,그외 기타 금융,표 없음,본문 줄 부족,,,,20260330001696,사업보고서 (2025.12),명단,반기보고서 · 분기보고서 · 사업보고서,주석 제조 표 0 · 문서 전체 제조 표 2 · 주석 '산업별·업종별' 1
삼성자산운용,자산운용·신탁,비상장 종속,신탁·집합투자,표 없음,문서에 제조 표 없음,,,,20260331003633,감사보고서 (2025.12),명단,감사보고서 · 연결감사보고서,주석 제조 표 0 · 문서 전체 제조 표 0 · 주석 '산업별·업종별' 0
KB인베스트먼트,자산운용·신탁,비상장 종속,신탁·집합투자,표 없음,문서에 제조 표 없음,,,,20260324000528,감사보고서 (2025.12),명단,감사보고서 · 연결감사보고서,주석 제조 표 0 · 문서 전체 제조 표 0 · 주석 '산업별·업종별' 1
한화자산운용,자산운용·신탁,비상장 종속,신탁·집합투자,표 없음,문서에 제조 표 없음,,,,20260330001010,감사보고서 (2025.12),명단,감사보고서 · 연결감사보고서,주석 제조 표 0 · 문서 전체 제조 표 0 · 주석 '산업별·업종별' 0
우리금융에프앤아이㈜,기타,비상장 종속,그외 기타 금융,표 없음,문서에 제조 표 없음,,,,20260327000927,사업보고서 (2025.12),명단,반기보고서 · 분기보고서 · 사업보고서,주석 제조 표 0 · 문서 전체 제조 표 0 · 주석 '산업별·업종별' 1
KB부동산신탁,기타,비상장 종속,그외 기타 금융,표 없음,문서에 제조 표 없음,,,,20260326000369,감사보고서 (2025.12),명단,감사보고서,주석 제조 표 0 · 문서 전체 제조 표 0 · 주석 '산업별·업종별' 1
미래에셋벤처투자㈜,기타,비상장 종속,기타 금융(확인 필요),표 없음,문서에 제조 표 없음,,,,20260313001348,사업보고서 (2025.12),명단,반기보고서 · 분기보고서 · 사업보고서,주석 제조 표 0 · 문서 전체 제조 표 0 · 주석 '산업별·업종별' 0
NH선물,증권,비상장 종속,선물,표 없음,문서에 제조 표 없음,,,,20260325001176,감사보고서 (2025.12),명단,감사보고서,주석 제조 표 0 · 문서 전체 제조 표 0 · 주석 '산업별·업종별' 0
하나자산신탁,자산운용·신탁,비상장 종속,신탁·집합투자,표 없음,문서에 제조 표 없음,,,,20260327000736,감사보고서 (2025.12),명단,감사보고서,주석 제조 표 0 · 문서 전체 제조 표 0 · 주석 '산업별·업종별' 0
신한자산신탁,기타,비상장 종속,그외 기타 금융,검토,표 위치: 주석 밖,35.17,0.95,0.421,20260327001629,사업보고서 (2025.12),명단,반기보고서 · 분기보고서 · 사업보고서,주석 제조 표 0 · 문서 전체 제조 표 1 · 주석 '산업별·업종별' 0
한국투자부동산신탁,자산운용·신탁,비상장 종속,신탁·집합투자,표 없음,문서에 제조 표 없음,,,,20260330000086,감사보고서 (2025.12),명단,감사보고서,주석 제조 표 0 · 문서 전체 제조 표 0 · 주석 '산업별·업종별' 0
KB자산운용,자산운용·신탁,비상장 종속,신탁·집합투자,표 없음,문서에 제조 표 없음,,,,20260407001470,감사보고서 (2025.12),명단,감사보고서 · 연결감사보고서,주석 제조 표 0 · 문서 전체 제조 표 0 · 주석 '산업별·업종별' 1
DB캐피탈,카드·캐피탈,비상장 종속,카드·할부금융,표 없음,문서에 제조 표 없음,,,,20260331002655,사업보고서 (2025.12),명단,반기보고서 · 분기보고서 · 사업보고서,주석 제조 표 0 · 문서 전체 제조 표 0 · 주석 '산업별·업종별' 0
한국투자파트너스,자산운용·신탁,비상장 종속,신탁·집합투자,표 없음,문서에 제조 표 없음,,,,20260402000061,감사보고서 (2025.12),명단,감사보고서,주석 제조 표 0 · 문서 전체 제조 표 0 · 주석 '산업별·업종별' 0
유진투자선물(주),증권,비상장 종속,선물,표 없음,문서에 제조 표 없음,,,,20260327001474,감사보고서 (2025.12),명단,감사보고서,주석 제조 표 0 · 문서 전체 제조 표 0 · 주석 '산업별·업종별' 1
한국투자리얼에셋운용,자산운용·신탁,비상장 종속,신탁·집합투자,표 없음,문서에 제조 표 없음,,,,20260310002101,감사보고서 (2025.12),명단,감사보고서,주석 제조 표 0 · 문서 전체 제조 표 0 · 주석 '산업별·업종별' 0
신한EZ손해보험,손해보험,비상장 종속,손해보험,보고서 없음,,,,,,,고유번호 없음,,
하나대체투자자산운용,자산운용·신탁,비상장 종속,신탁·집합투자,표 없음,문서에 제조 표 없음,,,,20260323000358,감사보고서 (2025.12),명단,감사보고서 · 연결감사보고서,주석 제조 표 0 · 문서 전체 제조 표 0 · 주석 '산업별·업종별' 0
신한자산운용,자산운용·신탁,비상장 종속,신탁·집합투자,표 없음,문서에 제조 표 없음,,,,20260331003094,감사보고서 (2025.12),명단,감사보고서 · 연결감사보고서,주석 제조 표 0 · 문서 전체 제조 표 0 · 주석 '산업별·업종별' 0
우리자산신탁㈜,기타,비상장 종속,그외 기타 금융,표 없음,문서에 제조 표 없음,,,,20260323000354,감사보고서 (2025.12),명단,감사보고서,주석 제조 표 0 · 문서 전체 제조 표 0 · 주석 '산업별·업종별' 2
키움투자자산운용,자산운용·신탁,비상장 종속,신탁·집합투자,표 없음,문서에 제조 표 없음,,,,20260331004123,감사보고서 (2025.12),명단,감사보고서,주석 제조 표 0 · 문서 전체 제조 표 0 · 주석 '산업별·업종별' 0
BNK자산운용(주),자산운용·신탁,비상장 종속,신탁·집합투자,원문 오류,"DART 원문 오류 014: 20260916000281 <?xml version=""1.0"" encoding=""UTF-8"" standalone=""",,,,20260916000281,[첨부정정]감사보고서 (2025.12),명단,감사보고서 · 연결감사보고서,
우리자산운용㈜,자산운용·신탁,비상장 종속,신탁·집합투자,표 없음,문서에 제조 표 없음,,,,20260323000365,감사보고서 (2025.12),명단,감사보고서 · 연결감사보고서,주석 제조 표 0 · 문서 전체 제조 표 0 · 주석 '산업별·업종별' 2
삼성SRA자산운용,자산운용·신탁,비상장 종속,신탁·집합투자,보고서 없음,,,,,,,고유번호 없음,,
신영부동산신탁,자산운용·신탁,비상장 종속,신탁·집합투자,표 없음,문서에 제조 표 없음,,,,20260618000206,감사보고서 (2026.03),명단,감사보고서,주석 제조 표 0 · 문서 전체 제조 표 0 · 주석 '산업별·업종별' 0
현대인베스트먼트자산운용,기타,비상장 종속,금융지원 서비스,표 없음,문서에 제조 표 없음,,,,20260324000185,감사보고서 (2025.12),명단,감사보고서,주석 제조 표 0 · 문서 전체 제조 표 0 · 주석 '산업별·업종별' 1
㈜카카오페이손해보험,손해보험,비상장 종속,손해보험,표 없음,문서에 제조 표 없음,,,,20260323001537,감사보고서 (2025.12),명단,감사보고서,주석 제조 표 0 · 문서 전체 제조 표 0 · 주석 '산업별·업종별' 0
신영자산운용,자산운용·신탁,비상장 종속,신탁·집합투자,표 없음,문서에 제조 표 없음,,,,20260619000205,감사보고서 (2026.03),명단,감사보고서,주석 제조 표 0 · 문서 전체 제조 표 0 · 주석 '산업별·업종별' 0
하나벤처스,자산운용·신탁,비상장 종속,신탁·집합투자,표 없음,문서에 제조 표 없음,,,,20260325000142,감사보고서 (2025.12),명단,감사보고서,주석 제조 표 0 · 문서 전체 제조 표 0 · 주석 '산업별·업종별' 0
키움인베스트먼트,자산운용·신탁,비상장 종속,신탁·집합투자,표 없음,문서에 제조 표 없음,,,,20260306000849,[기재정정]감사보고서 (2025.12),명단,감사보고서,주석 제조 표 0 · 문서 전체 제조 표 0 · 주석 '산업별·업종별' 1
우리프라이빗에퀴티자산운용㈜,기타,비상장 종속,그외 기타 금융,표 없음,문서에 제조 표 없음,,,,20260320000924,감사보고서 (2025.12),명단,감사보고서,주석 제조 표 0 · 문서 전체 제조 표 0 · 주석 '산업별·업종별' 0
아이비케이자산운용㈜,자산운용·신탁,비상장 종속,신탁·집합투자,표 없음,문서에 제조 표 없음,,,,20260401001733,감사보고서 (2025.12),명단,감사보고서,주석 제조 표 0 · 문서 전체 제조 표 0 · 주석 '산업별·업종별' 0
JB자산운용(주),자산운용·신탁,비상장 종속,신탁·집합투자,표 없음,문서에 제조 표 없음,,,,20260403001636,감사보고서 (2025.12),명단,감사보고서,주석 제조 표 0 · 문서 전체 제조 표 0 · 주석 '산업별·업종별' 0
엔에이치헤지자산운용,자산운용·신탁,비상장 종속,신탁·집합투자,표 없음,문서에 제조 표 없음,,,,20260326000156,감사보고서 (2025.12),명단,감사보고서,주석 제조 표 0 · 문서 전체 제조 표 0 · 주석 '산업별·업종별' 0
㈜아이비케이벤처투자,카드·캐피탈,비상장 종속,기타 여신금융,표 없음,문서에 제조 표 없음,,,,20260403003846,감사보고서 (2025.12),명단,감사보고서,주석 제조 표 0 · 문서 전체 제조 표 0 · 주석 '산업별·업종별' 0
키움프라이빗에쿼티,기타,비상장 종속,그외 기타 금융,표 없음,문서에 제조 표 없음,,,,20260320000950,감사보고서 (2025.12),명단,감사보고서,주석 제조 표 0 · 문서 전체 제조 표 0 · 주석 '산업별·업종별' 0
유안타인베스트먼트,자산운용·신탁,비상장 종속,신탁·집합투자,표 없음,문서에 제조 표 없음,,,,20260403003716,감사보고서 (2025.12),명단,감사보고서 · 연결감사보고서,주석 제조 표 0 · 문서 전체 제조 표 0 · 주석 '산업별·업종별' 0
에스케이에스프라이빗에쿼티㈜,자산운용·신탁,비상장 종속,신탁·집합투자,표 없음,문서에 제조 표 없음,,,,20260401001976,감사보고서 (2025.12),명단,감사보고서,주석 제조 표 0 · 문서 전체 제조 표 0 · 주석 '산업별·업종별' 0
(주)iM에셋자산운용,자산운용·신탁,비상장 종속,신탁·집합투자,표 없음,문서에 제조 표 없음,,,,20260330001441,감사보고서 (2025.12),명단,감사보고서,주석 제조 표 0 · 문서 전체 제조 표 0 · 주석 '산업별·업종별' 0
JB인베스트먼트(주),자산운용·신탁,비상장 종속,신탁·집합투자,표 없음,문서에 제조 표 없음,,,,20260403000301,감사보고서 (2025.12),음역,감사보고서,주석 제조 표 0 · 문서 전체 제조 표 0 · 주석 '산업별·업종별' 0
DB자산운용,자산운용·신탁,비상장 종속,신탁·집합투자,표 없음,문서에 제조 표 없음,,,,20260324000369,감사보고서 (2025.12),명단,감사보고서,주석 제조 표 0 · 문서 전체 제조 표 0 · 주석 '산업별·업종별' 0
BNK벤처투자(주),자산운용·신탁,비상장 종속,신탁·집합투자,표 없음,문서에 제조 표 없음,,,,20260327000060,감사보고서 (2025.12),명단,감사보고서,주석 제조 표 0 · 문서 전체 제조 표 0 · 주석 '산업별·업종별' 0
대신자산운용,자산운용·신탁,비상장 종속,신탁·집합투자,표 없음,문서에 제조 표 없음,,,,20260324000061,감사보고서 (2025.12),명단,감사보고서,주석 제조 표 0 · 문서 전체 제조 표 0 · 주석 '산업별·업종별' 0
유진자산운용(주),자산운용·신탁,비상장 종속,신탁·집합투자,표 없음,문서에 제조 표 없음,,,,20260327001577,감사보고서 (2025.12),명단,감사보고서,주석 제조 표 0 · 문서 전체 제조 표 0 · 주석 '산업별·업종별' 1
핀크,기타,비상장 종속,금융지원 서비스,표 없음,문서에 제조 표 없음,,,,20260403000511,감사보고서 (2025.12),명단,감사보고서,주석 제조 표 0 · 문서 전체 제조 표 0 · 주석 '산업별·업종별' 0
한국투자액셀러레이터,자산운용·신탁,비상장 종속,신탁·집합투자,보고서 없음,,,,,,,보고서 없음,,
(주)iM투자파트너스,기타,비상장 종속,그외 기타 금융,보고서 없음,,,,,,,보고서 없음,,
메리츠대체투자운용(주),자산운용·신탁,비상장 종속,신탁·집합투자,보고서 없음,,,,,,,보고서 없음,,
대신프라이빗에쿼티,자산운용·신탁,비상장 종속,신탁·집합투자,보고서 없음,,,,,,,보고서 없음,,
다올프라이빗에쿼티㈜,자산운용·신탁,비상장 종속,신탁·집합투자,보고서 없음,,,,,,,보고서 없음,,
현대하임자산운용,자산운용·신탁,비상장 종속,신탁·집합투자,보고서 없음,,,,,,,보고서 없음,,
케이티비프라이빗에쿼티,기타,비상장 종속,그외 기타 금융,보고서 없음,,,,,,,보고서 없음,,
현대카드,카드·캐피탈,비상장 종속(명단 밖 코스피 모회사),카드·할부금융,검토,표 합계/총자산 0.04,3341.87,31.61,0.039,20260318001407,사업보고서 (2025.12),명단,반기보고서 · 분기보고서 · 사업보고서,주석 제조 표 1 · 문서 전체 제조 표 4 · 주석 '산업별·업종별' 1
LS증권㈜,증권,비상장 종속(명단 밖 코스피 모회사),증권,검토,표 위치: 주석 밖 · 표 합계/총자산 0.02,700.0,33.06,0.02,20260316000923,[기재정정]사업보고서 (2025.12),명단,반기보고서 · 분기보고서 · 사업보고서,주석 제조 표 0 · 문서 전체 제조 표 2 · 주석 '산업별·업종별' 1
비씨카드㈜,카드·캐피탈,비상장 종속(명단 밖 코스피 모회사),카드·할부금융,표 없음,문서에 제조 표 없음,,,,20260327001174,사업보고서 (2025.12),명단,반기보고서 · 분기보고서 · 사업보고서,주석 제조 표 0 · 문서 전체 제조 표 0 · 주석 '산업별·업종별' 0
네이버파이낸셜 주식회사,기타,비상장 종속(명단 밖 코스피 모회사),금융지원 서비스,표 없음,,,,,20260324000380,감사보고서 (2025.12),명단,감사보고서,주석 제조 표 0 · 문서 전체 제조 표 1 · 주석 '산업별·업종별' 0
아폴로코리아 주식회사,기타,비상장 종속(명단 밖 코스피 모회사),그외 기타 금융,표 없음,문서에 제조 표 없음,,,,20260403002176,감사보고서 (2025.12),명단,감사보고서,주석 제조 표 0 · 문서 전체 제조 표 0 · 주석 '산업별·업종별' 0
한화에비에이션㈜,기타,비상장 종속(명단 밖 코스피 모회사),그외 기타 금융,표 없음,문서에 제조 표 없음,,,,20260330000627,감사보고서 (2025.12),명단,감사보고서,주석 제조 표 0 · 문서 전체 제조 표 0 · 주석 '산업별·업종별' 0
(주)코람코자산신탁,자산운용·신탁,비상장 종속(명단 밖 코스피 모회사),신탁·집합투자,표 없음,문서에 제조 표 없음,,,,20260330000420,감사보고서 (2025.12),명단,감사보고서 · 연결감사보고서,주석 제조 표 0 · 문서 전체 제조 표 0 · 주석 '산업별·업종별' 0
한국자산캐피탈,카드·캐피탈,비상장 종속(명단 밖 코스피 모회사),카드·할부금융,표 없음,문서에 제조 표 없음,,,,20260331000100,감사보고서 (2025.12),명단,감사보고서,주석 제조 표 0 · 문서 전체 제조 표 0 · 주석 '산업별·업종별' 0
롯데오토리스㈜,카드·캐피탈,비상장 종속(명단 밖 코스피 모회사),여신금융,표 없음,산업별 문맥 없음,,,,20260330000281,사업보고서 (2025.12),명단,반기보고서 · 분기보고서 · 사업보고서,주석 제조 표 0 · 문서 전체 제조 표 2 · 주석 '산업별·업종별' 0
㈜카카오벤처스,기타,비상장 종속(명단 밖 코스피 모회사),그외 기타 금융,표 없음,문서에 제조 표 없음,,,,20260327000724,감사보고서 (2025.12),명단,감사보고서,주석 제조 표 0 · 문서 전체 제조 표 0 · 주석 '산업별·업종별' 0
에이치씨씨홀딩스 주식회사,기타,비상장 종속(명단 밖 코스피 모회사),그외 기타 금융,표 못 읽음,본문 줄 부족,,,,20260327000181,감사보고서 (2025.12),명단,감사보고서 · 연결감사보고서,주석 제조 표 1 · 문서 전체 제조 표 1 · 주석 '산업별·업종별' 0
무림캐피탈,카드·캐피탈,비상장 종속(명단 밖 코스피 모회사),금융리스,표 없음,문서에 제조 표 없음,,,,20260325000991,감사보고서 (2025.12),명단,감사보고서,주석 제조 표 0 · 문서 전체 제조 표 0 · 주석 '산업별·업종별' 0
엔에이치엔페이코㈜,기타,비상장 종속(명단 밖 코스피 모회사),금융지원 서비스,표 못 읽음,산업별 문맥 없음,,,,20260327000620,감사보고서 (2025.12),명단,감사보고서,주석 제조 표 1 · 문서 전체 제조 표 1 · 주석 '산업별·업종별' 0
부국캐피탈㈜,카드·캐피탈,비상장 종속(명단 밖 코스피 모회사),기타 여신금융,표 없음,문서에 제조 표 없음,,,,20260402003045,감사보고서 (2025.12),명단,감사보고서,주석 제조 표 0 · 문서 전체 제조 표 0 · 주석 '산업별·업종별' 0
유리자산운용㈜,기타,비상장 종속(명단 밖 코스피 모회사),금융지원 서비스,표 없음,문서에 제조 표 없음,,,,20260402003747,감사보고서 (2025.12),명단,감사보고서,주석 제조 표 0 · 문서 전체 제조 표 0 · 주석 '산업별·업종별' 0
우신벤처투자(주),기타,비상장 종속(명단 밖 코스피 모회사),개발금융기관,표 없음,문서에 제조 표 없음,,,,20260522000445,[기재정정]감사보고서 (2025.12),명단,감사보고서,주석 제조 표 0 · 문서 전체 제조 표 0 · 주석 '산업별·업종별' 0
㈜YG인베스트먼트,자산운용·신탁,비상장 종속(명단 밖 코스피 모회사),신탁·집합투자,보고서 없음,,,,,,,보고서 없음,,
엔에이치엔인베스트먼트㈜,카드·캐피탈,비상장 종속(명단 밖 코스피 모회사),기타 여신금융,표 없음,문서에 제조 표 없음,,,,20260326000536,감사보고서 (2025.12),명단,감사보고서,주석 제조 표 0 · 문서 전체 제조 표 0 · 주석 '산업별·업종별' 0
주식회사 솔루엠코스메틱,기타,비상장 종속(명단 밖 코스피 모회사),기타 금융(확인 필요),보고서 없음,,,,,,,보고서 없음,,
아이엠엠하임코인베스트먼트원,자산운용·신탁,비상장 종속(명단 밖 코스피 모회사),신탁·집합투자,보고서 없음,,,,,,,고유번호 없음,,
스틱벤처스(주),자산운용·신탁,비상장 종속(명단 밖 코스피 모회사),신탁·집합투자,표 없음,문서에 제조 표 없음,,,,20260402000880,감사보고서 (2025.12),명단,감사보고서,주석 제조 표 0 · 문서 전체 제조 표 0 · 주석 '산업별·업종별' 0
코레이트자산운용,기타,비상장 종속(명단 밖 코스피 모회사),금융지원 서비스,표 없음,문서에 제조 표 없음,,,,20260331000686,사업보고서 (2025.12),명단,반기보고서 · 분기보고서 · 사업보고서,주석 제조 표 0 · 문서 전체 제조 표 0 · 주석 '산업별·업종별' 0
동원기술투자㈜,카드·캐피탈,비상장 종속(명단 밖 코스피 모회사),기타 여신금융,보고서 없음,,,,,,,보고서 없음,,
(주)엔코어벤처스,자산운용·신탁,비상장 종속(명단 밖 코스피 모회사),신탁·집합투자,보고서 없음,,,,,,,고유번호 없음,,
씨제이인베스트먼트(주),기타,비상장 종속(명단 밖 코스피 모회사),기타 금융(확인 필요),표 없음,문서에 제조 표 없음,,,,20260331000946,감사보고서 (2025.12),명단,감사보고서,주석 제조 표 0 · 문서 전체 제조 표 0 · 주석 '산업별·업종별' 0
삼호그린인베스트먼트(주),자산운용·신탁,비상장 종속(명단 밖 코스피 모회사),신탁·집합투자,보고서 없음,,,,,,,보고서 없음,,
㈜케이티인베스트먼트,카드·캐피탈,비상장 종속(명단 밖 코스피 모회사),기타 여신금융,보고서 없음,,,,,,,보고서 없음,,
㈜삼천리인베스트먼트,자산운용·신탁,비상장 종속(명단 밖 코스피 모회사),신탁·집합투자,보고서 없음,,,,,,,보고서 없음,,
주식회사 에스티엑스해운,자산운용·신탁,비상장 종속(명단 밖 코스피 모회사),신탁·집합투자,보고서 없음,,,,,,,보고서 없음,,
에이치티알헤시라스 주식회사,기타,비상장 종속(명단 밖 코스피 모회사),기타 금융(확인 필요),보고서 없음,,,,,,,보고서 없음,,
KD인베스트먼트,자산운용·신탁,비상장 종속(명단 밖 코스피 모회사),신탁·집합투자,보고서 없음,,,,,,,고유번호 없음,,
삼천리자산운용㈜,자산운용·신탁,비상장 종속(명단 밖 코스피 모회사),신탁·집합투자,보고서 없음,,,,,,,보고서 없음,,
㈜BSK인베스트먼트,자산운용·신탁,비상장 종속(명단 밖 코스피 모회사),신탁·집합투자,보고서 없음,,,,,,,고유번호 없음,,
㈜케이씨투자파트너스,자산운용·신탁,비상장 종속(명단 밖 코스피 모회사),신탁·집합투자,보고서 없음,,,,,,,고유번호 없음,,
스틱얼터너티브자산운용(주),자산운용·신탁,비상장 종속(명단 밖 코스피 모회사),신탁·집합투자,표 없음,문서에 제조 표 없음,,,,20260326001050,감사보고서 (2025.12),명단,감사보고서,주석 제조 표 0 · 문서 전체 제조 표 0 · 주석 '산업별·업종별' 0
㈜블루캐스트인베스트먼트,자산운용·신탁,비상장 종속(명단 밖 코스피 모회사),신탁·집합투자,보고서 없음,,,,,,,고유번호 없음,,
GS벤처스,자산운용·신탁,비상장 종속(명단 밖 코스피 모회사),신탁·집합투자,보고서 없음,,,,,,,보고서 없음,,
(주)토니인베스트먼트,카드·캐피탈,비상장 종속(명단 밖 코스피 모회사),기타 여신금융,보고서 없음,,,,,,,보고서 없음,,
프롤로그벤처스 주식회사,자산운용·신탁,비상장 종속(명단 밖 코스피 모회사),신탁·집합투자,보고서 없음,,,,,,,보고서 없음,,
SGC파트너스(주),자산운용·신탁,비상장 종속(명단 밖 코스피 모회사),신탁·집합투자,보고서 없음,,,,,,,고유번호 없음,,
(주)엘에프인베스트먼트,자산운용·신탁,비상장 종속(명단 밖 코스피 모회사),신탁·집합투자,보고서 없음,,,,,,,고유번호 없음,,
아르케 인베스트먼트,자산운용·신탁,비상장 종속(명단 밖 코스피 모회사),신탁·집합투자,보고서 없음,,,,,,,고유번호 없음,,
㈜두산인베스트먼트,자산운용·신탁,비상장 종속(명단 밖 코스피 모회사),신탁·집합투자,보고서 없음,,,,,,,보고서 없음,,
㈜에스비파트너스,기타,비상장 종속(명단 밖 코스피 모회사),금융지원 서비스,보고서 없음,,,,,,,보고서 없음,,
(주)에스제이엠 인베스트먼트,자산운용·신탁,비상장 종속(명단 밖 코스피 모회사),신탁·집합투자,보고서 없음,,,,,,,고유번호 없음,,
㈜SBS네오파트너스,자산운용·신탁,비상장 종속(명단 밖 코스피 모회사),신탁·집합투자,보고서 없음,,,,,,,고유번호 없음,,
(주)에프앤에프파트너스,자산운용·신탁,비상장 종속(명단 밖 코스피 모회사),신탁·집합투자,보고서 없음,,,,,,,고유번호 없음,,
(주)디비기술투자,카드·캐피탈,비상장 종속(명단 밖 코스피 모회사),기타 여신금융,보고서 없음,,,,,,,보고서 없음,,
엑스플로인베스트먼트㈜,자산운용·신탁,비상장 종속(명단 밖 코스피 모회사),신탁·집합투자,보고서 없음,,,,,,,보고서 없음,,
㈜에스퓨처스,기타,비상장 종속(명단 밖 코스피 모회사),그외 기타 금융,보고서 없음,,,,,,,보고서 없음,,
(주)LX벤처스,자산운용·신탁,비상장 종속(명단 밖 코스피 모회사),신탁·집합투자,보고서 없음,,,,,,,고유번호 없음,,
동국인베스트먼트(주),자산운용·신탁,비상장 종속(명단 밖 코스피 모회사),신탁·집합투자,보고서 없음,,,,,,,보고서 없음,,
(주)세아기술투자,자산운용·신탁,비상장 종속(명단 밖 코스피 모회사),신탁·집합투자,보고서 없음,,,,,,,보고서 없음,,
(주)미래에스피씨,자산운용·신탁,비상장 종속(명단 밖 코스피 모회사),신탁·집합투자,보고서 없음,,,,,,,보고서 없음,,
효성벤처스(주),자산운용·신탁,비상장 종속(명단 밖 코스피 모회사),신탁·집합투자,보고서 없음,,,,,,,보고서 없음,,
㈜스카이워크자산운용,자산운용·신탁,비상장 종속(명단 밖 코스피 모회사),신탁·집합투자,보고서 없음,,,,,,,보고서 없음,,
한화인베스트먼트㈜,자산운용·신탁,비상장 종속(명단 밖 코스피 모회사),신탁·집합투자,보고서 없음,,,,,,,보고서 없음,,
(주)다이나믹벤처스,자산운용·신탁,비상장 종속(명단 밖 코스피 모회사),신탁·집합투자,보고서 없음,,,,,,,고유번호 없음,,
KPS파트너스(주),자산운용·신탁,비상장 종속(명단 밖 코스피 모회사),신탁·집합투자,보고서 없음,,,,,,,고유번호 없음,,
(주)창원혁신산단개발자산관리,자산운용·신탁,비상장 종속(명단 밖 코스피 모회사),신탁·집합투자,보고서 없음,,,,,,,보고서 없음,,
대웅인베스트먼트,자산운용·신탁,비상장 종속(명단 밖 코스피 모회사),신탁·집합투자,보고서 없음,,,,,,,고유번호 없음,,
삼익매츠벤처스(주),자산운용·신탁,비상장 종속(명단 밖 코스피 모회사),신탁·집합투자,보고서 없음,,,,,,,고유번호 없음,,
(주)유씨에이치파트너스,자산운용·신탁,비상장 종속(명단 밖 코스피 모회사),신탁·집합투자,보고서 없음,,,,,,,고유번호 없음,,
메리츠캐피탈㈜ ,카드·캐피탈,비상장 종속(손자회사),여신금융,원문 오류,"DART 원문 오류 014: 20260331002642 <?xml version=""1.0"" encoding=""UTF-8"" standalone=""",,,,20260331002642,[첨부정정]사업보고서 (2025.12),명단,감사보고서 · 반기보고서 · 분기보고서 · 사업보고서 · 연결감사보고서,
(주)KB금융지주,금융지주,상장,금융지주,원문 오류,"DART 원문 오류 014: 20260619000667 <?xml version=""1.0"" encoding=""UTF-8"" standalone=""",,,,20260619000667,[기재정정]사업보고서 (2025.12),명단,반기보고서 · 분기보고서 · 사업보고서,
(주)신한금융지주회사,금융지주,상장,금융지주,검토,표 합계/총자산 1.82,702557.32,4.91,1.82,20260318000826,사업보고서 (2025.12),명단,반기보고서 · 분기보고서 · 사업보고서,주석 제조 표 2 · 문서 전체 제조 표 10 · 주석 '산업별·업종별' 4
(주)하나금융지주,금융지주,상장,금융지주,검토,표 위치: 주석 밖,701370.0,28.69,0.362,20260814004019,[기재정정]사업보고서 (2025.12),명단,반기보고서 · 분기보고서 · 사업보고서,주석 제조 표 0 · 문서 전체 제조 표 11 · 주석 '산업별·업종별' 0
(주)우리금융지주,금융지주,상장,금융지주,표 못 읽음,본문 줄 부족,,,,20260313001235,사업보고서 (2025.12),명단,반기보고서 · 분기보고서 · 사업보고서,주석 제조 표 7 · 문서 전체 제조 표 21 · 주석 '산업별·업종별' 4
삼성생명보험(주),생명보험,상장,생명보험,검토,표 위치: 주석 밖 · 검산③: FISIS 차이 494%,154694.88,3.31,1.333,20260331004244,[기재정정]사업보고서 (2025.12),명단,반기보고서 · 분기보고서 · 사업보고서,주석 제조 표 0 · 문서 전체 제조 표 5 · 주석 '산업별·업종별' 0
한화생명보험(주),생명보험,상장,생명보험,표 없음,문서에 제조 표 없음,,,,20260331003585,[기재정정]사업보고서 (2025.12),명단,반기보고서 · 분기보고서 · 사업보고서,주석 제조 표 0 · 문서 전체 제조 표 0 · 주석 '산업별·업종별' 0
(주)BNK금융지주,금융지주,상장,금융지주,표 못 읽음,산업별 문맥 없음,,,,20260318001147,사업보고서 (2025.12),명단,반기보고서 · 분기보고서 · 사업보고서,주석 제조 표 2 · 문서 전체 제조 표 7 · 주석 '산업별·업종별' 4
미래에셋증권(주),증권,상장,증권,검토,표 위치: 주석 밖 · 표 합계/총자산 0.04,4996.27,8.85,0.038,20260515002972,[기재정정]사업보고서 (2025.12),명단,반기보고서 · 분기보고서 · 사업보고서,주석 제조 표 0 · 문서 전체 제조 표 6 · 주석 '산업별·업종별' 0
(주)메리츠금융지주,금융지주,상장,금융지주,표 없음,문서에 제조 표 없음,,,,20260406004144,[첨부정정]사업보고서 (2025.12),명단,반기보고서 · 분기보고서 · 사업보고서,주석 제조 표 0 · 문서 전체 제조 표 0 · 주석 '산업별·업종별' 1
삼성화재해상보험(주),손해보험,상장,손해보험,원문 오류,"DART 원문 오류 014: 20260313001226 <?xml version=""1.0"" encoding=""UTF-8"" standalone=""",,,,20260313001226,[첨부정정]사업보고서 (2025.12),명단,반기보고서 · 분기보고서 · 사업보고서,
키움증권(주),증권,상장,증권,검토,표 위치: 주석 밖,2496.07,1.22,0.253,20260317000838,사업보고서 (2025.12),명단,반기보고서 · 분기보고서 · 사업보고서,주석 제조 표 0 · 문서 전체 제조 표 8 · 주석 '산업별·업종별' 1
삼성증권(주),증권,상장,증권,표 없음,산업별 문맥 없음,,,,20260312001379,[기재정정]사업보고서 (2025.12),명단,반기보고서 · 분기보고서 · 사업보고서,주석 제조 표 0 · 문서 전체 제조 표 1 · 주석 '산업별·업종별' 0
DB손해보험(주),손해보험,상장,손해보험,표 없음,산업별 문맥 없음,,,,20260331003904,[기재정정]사업보고서 (2025.12),명단,반기보고서 · 분기보고서 · 사업보고서,주석 제조 표 0 · 문서 전체 제조 표 2 · 주석 '산업별·업종별' 0
(주)JB금융지주,금융지주,상장,금융지주,검토,표 합계/총자산 1.78,24718.32,1.9,1.782,20260318001225,사업보고서 (2025.12),명단,반기보고서 · 분기보고서 · 사업보고서,주석 제조 표 3 · 문서 전체 제조 표 15 · 주석 '산업별·업종별' 3
현대해상화재보험(주),손해보험,상장,손해보험,표 없음,제조업 줄 없음,,,,20260312001448,사업보고서 (2025.12),명단,반기보고서 · 분기보고서 · 사업보고서,주석 제조 표 0 · 문서 전체 제조 표 7 · 주석 '산업별·업종별' 2
대신증권(주),증권,상장,증권,검토,표 위치: 주석 밖,1016.88,0.66,0.396,20260319000718,[기재정정]사업보고서 (2025.12),명단,반기보고서 · 분기보고서 · 사업보고서,주석 제조 표 0 · 문서 전체 제조 표 5 · 주석 '산업별·업종별' 0
미래에셋생명보험(주),생명보험,상장,생명보험,표 없음,본문 줄 부족,,,,20260721001043,[기재정정]사업보고서 (2025.12),명단,반기보고서 · 분기보고서 · 사업보고서,주석 제조 표 0 · 문서 전체 제조 표 2 · 주석 '산업별·업종별' 0
삼성카드(주),카드·캐피탈,상장,카드·할부금융,표 없음,산업별 문맥 없음,,,,20260311004049,사업보고서 (2025.12),명단,반기보고서 · 분기보고서 · 사업보고서,주석 제조 표 0 · 문서 전체 제조 표 2 · 주석 '산업별·업종별' 0
한화손해보험(주),손해보험,상장,손해보험,검토,표 위치: 주석 밖 · 비중 범위 밖 · 표 합계/총자산 0.00,0.0,0.0,0.0,20260331000594,[기재정정]사업보고서 (2025.12),명단,반기보고서 · 분기보고서 · 사업보고서,주석 제조 표 0 · 문서 전체 제조 표 8 · 주석 '산업별·업종별' 0
유안타증권(주),증권,상장,증권,검토,비중 범위 밖,0.0,0.0,0.07,20260312000253,사업보고서 (2025.12),명단,반기보고서 · 분기보고서 · 사업보고서,주석 제조 표 4 · 문서 전체 제조 표 18 · 주석 '산업별·업종별' 2
교보증권(주),증권,상장,증권,표 없음,본문 줄 부족,,,,20260317000550,사업보고서 (2025.12),명단,반기보고서 · 분기보고서 · 사업보고서,주석 제조 표 0 · 문서 전체 제조 표 4 · 주석 '산업별·업종별' 1
한화투자증권(주),증권,상장,증권,표 없음,문서에 제조 표 없음,,,,20260310002967,사업보고서 (2025.12),명단,반기보고서 · 분기보고서 · 사업보고서,주석 제조 표 0 · 문서 전체 제조 표 0 · 주석 '산업별·업종별' 1
롯데손해보험(주),손해보험,상장,손해보험,표 없음,문서에 제조 표 없음,,,,20260331004266,[기재정정]사업보고서 (2025.12),명단,반기보고서 · 분기보고서 · 사업보고서,주석 제조 표 0 · 문서 전체 제조 표 0 · 주석 '산업별·업종별' 0
코리안리재보험(주),손해보험,상장,재보험,표 없음,본문 줄 부족,,,,20260331003834,[기재정정]사업보고서 (2025.12),명단,반기보고서 · 분기보고서 · 사업보고서,주석 제조 표 0 · 문서 전체 제조 표 4 · 주석 '산업별·업종별' 0
DB증권(주),증권,상장,증권,검토,표 위치: 주석 밖,2748.81,3.7,0.52,20260318000876,사업보고서 (2025.12),명단,반기보고서 · 분기보고서 · 사업보고서,주석 제조 표 0 · 문서 전체 제조 표 9 · 주석 '산업별·업종별' 3
현대차증권(주),증권,상장,증권,표 없음,본문 줄 부족,,,,20260318001432,사업보고서 (2025.12),명단,반기보고서 · 분기보고서 · 사업보고서,주석 제조 표 0 · 문서 전체 제조 표 2 · 주석 '산업별·업종별' 0
다올투자증권(주),증권,상장,증권,검토,비중 범위 밖 · 표 합계/총자산 0.00,0.0,0.0,0.002,20260312000604,사업보고서 (2025.12),명단,반기보고서 · 분기보고서 · 사업보고서,주석 제조 표 1 · 문서 전체 제조 표 11 · 주석 '산업별·업종별' 1
신영증권(주),증권,상장,증권,검토,비중 범위 밖 · 표 합계/총자산 0.03,0.0,0.0,0.027,20260611000685,사업보고서 (2026.03),명단,반기보고서 · 분기보고서 · 사업보고서,주석 제조 표 2 · 문서 전체 제조 표 8 · 주석 '산업별·업종별' 2
서울보증보험(주),손해보험,상장,보증보험,표 못 읽음,제조업 줄 없음,,,,20260323000639,사업보고서 (2025.12),명단,반기보고서 · 분기보고서 · 사업보고서,주석 제조 표 1 · 문서 전체 제조 표 5 · 주석 '산업별·업종별' 1
SK증권(주),증권,상장,증권,표 못 읽음,산업별 문맥 없음,,,,20260316000883,사업보고서 (2025.12),명단,반기보고서 · 분기보고서 · 사업보고서,주석 제조 표 1 · 문서 전체 제조 표 7 · 주석 '산업별·업종별' 2
주식회사 카카오페이,기타,상장,금융지원 서비스,검토,표 위치: 주석 밖,791.65,25.89,0.057,20260312001366,사업보고서 (2025.12),명단,반기보고서 · 분기보고서 · 사업보고서,주석 제조 표 0 · 문서 전체 제조 표 5 · 주석 '산업별·업종별' 0
