account,part_nm,assets_jo,corp_code,decision,layer,owner_type,owner,owner_rate,owner_basis,source_grade,parent,pending,api_status,api_top3,audit_status,audit_report,audit_rcept_no,audit_snippet,decision_source,rate_gap,confirmed
한국스탠다드차타드은행,국내은행,92.2782,00148504,1-3C 유지,비상장 비종속(독립·외국계),외국계,Standard Chartered NEA Limited,100.00,DART 최대주주 현황(2025 사업보고서),1,,,ok,Standard Chartered NEA Limited 100.00%(본인),,,,,DART 최대주주 현황(2025 사업보고서),,1등급
수협은행,국내은행,63.4579,01190045,1-3C 유지,비상장 비종속(독립·외국계),상호금융 중앙회 계열,수산업협동조합중앙회,100.00,한국신용평가 수협은행 평가서(2025-11·2026-05) — 2016-12 수협법 개정으로 중앙회 신용사업부문 물적분할 신설. DART에 감사보고서 공시 없음,3,,,사업보고서 없음 — 2025 사업보고서 013; 2025 3분기보고서 013; 2025 반기보고서 013; 2024 사업보고서 013,,감사보고서 목록 없음(013),,,,한국신용평가 수협은행 평가서(2025-11·2026-05) — 2016-12 수협법 개정으로 중앙회 신용사업부문 물적분할 신설. DART에 감사보고서 공시 없음,,3등급
한국씨티은행,국내은행,46.3009,00161444,1-3C 유지,비상장 비종속(독립·외국계),외국계,COIC,99.98,DART 최대주주 현황(2025 사업보고서),1,,,ok,COIC 99.98%(모회사),,,,,DART 최대주주 현황(2025 사업보고서),,1등급
메트라이프생명보험(주),생명보험,28.3762,00171104,1-3C 유지,비상장 비종속(독립·외국계),외국계,메트라이프 UK 매니지먼트사(MetLife UK Management Company Limited),100.00,"감사보고서 원문(감사보고서 (2025.12), 접수 20260403, 20260403003824)",1,,,사업보고서 없음 — 2025 사업보고서 013; 2025 3분기보고서 013; 2025 반기보고서 013; 2024 사업보고서 013,,ok,감사보고서 (2025.12),20260403003824,"문장(○○가 ○%의 지분을 소유): gement Company Limited)로 이전되어 당기말 현재 메트라이프 UK 매니지먼트사(MetLife UK Management Company Limited)가 100%(14,157,032주)의 지분을 소유",DART 감사보고서 (2025.12) 원문 주석 — 접수번호 20260403003824 — 2024-03-25 Metropolitan Global Management에서 이전,,1등급
롯데카드㈜,신용카드사,23.7304,00219051,1-3C 유지,비상장 비종속(독립·외국계),사모펀드(국내),한국리테일카드홀딩스(주),59.83,DART 최대주주 현황(2025 사업보고서),1,,재매각 착수(2026-08 UBS 주관) — 우리은행 20%·롯데쇼핑 20%,ok,한국리테일카드홀딩스(주) 59.83%(최대주주),,,,,DART 최대주주 현황(2025 사업보고서) — 우리은행 20%·롯데쇼핑 20%,,1등급
에이아이에이생명보험 주식회사,생명보험,19.5484,01295517,1-3C 유지,비상장 비종속(독립·외국계),외국계,에이아이에이인터내셔널리미티드,100.00,"감사보고서 원문(감사보고서 (2025.12), 접수 20260407, 20260407002100)",1,,,사업보고서 없음 — 2025 사업보고서 013; 2025 3분기보고서 013; 2025 반기보고서 013; 2024 사업보고서 013,,ok,감사보고서 (2025.12),20260407002100,문장(자본금 전액을 ○○로부터 조달): 자본금은 전액 에이아이에이인터내셔널리미티드 본점으로부터 조달,DART 감사보고서 (2025.12) 원문 주석 — 접수번호 20260407002100 — '자본금은 전액 본점으로부터 조달',,1등급
푸본현대생명보험주식회사,생명보험,17.9827,00459844,1-3C 유지,비상장 비종속(독립·외국계),외국계,"Fubon Life Insurance Co., Ltd.
 (푸본생명보험)",88.30,DART 최대주주 현황(2025 사업보고서),1,,,ok,"Fubon Life Insurance Co., Ltd.
 (푸본생명보험) 88.30%(최대주주)",,,,,DART 최대주주 현황(2025 사업보고서),,1등급
비엠더블유파이낸셜서비스코리아㈜,리스사,9.474,00414300,1-3C 유지,비상장 비종속(독립·외국계),외국계,BMW Holding B.V.,100.00,"감사보고서 원문(감사보고서 (2025.12), 접수 20260403, 20260403003529)",1,,,DART 고유번호 없음,,ok,감사보고서 (2025.12),20260403003529,"문장(발행주식 전체를 ○○가 소유): 발행주식 32,849,900주 전체를 네덜란드 법인인 BMW Holding B.V.가 소유","DART 감사보고서 (2025.12) 원문 주석 — 접수번호 20260403003529 — 발행주식 32,849,900주 전체 소유. 최상위 BMW AG",,1등급
라이나생명보험주식회사,생명보험,8.6371,00504232,1-3C 유지,비상장 비종속(독립·외국계),외국계,Chubb Limited,100.00,"감사보고서 원문(감사보고서 (2025.12), 접수 20260406, 20260406004538)",1,,,사업보고서 없음 — 2025 사업보고서 013; 2025 3분기보고서 013; 2025 반기보고서 013; 2024 사업보고서 013,,ok,감사보고서 (2025.12),20260406004538,"문장(○○가 회사의 지분을 ○% 소유): 였고, 2022년 7월 1일 대주주 적격성 심사 승인 절차를 거쳐 회사의 최대주주가 Chubb Limited로 변경되었습니다. 당기말 현재 Chubb Limited가 회사의 지분을 100% 소유",DART 감사보고서 (2025.12) 원문 주석 — 접수번호 20260406004538 — 2022-07-01 Cigna에서 변경. 2026-08-01 Chubb International Investments Limited로 그룹 내 이전(라이나생명 공시 인용 보도),,1등급
노무라금융투자주식회사,증권사,7.0896,00825968,1-3C 유지,비상장 비종속(독립·외국계),외국계,"Nomura Asia Pacific Holdings Co., Ltd.",100.00,"감사보고서 원문(감사보고서 (2026.03), 접수 20260703, 20260703000067)",1,,,사업보고서 없음 — 2025 사업보고서 013; 2025 3분기보고서 013; 2025 반기보고서 013; 2024 사업보고서 013,,ok,감사보고서 (2026.03),20260703000067,"문장(주주는 ○○ (지분율 ○%)): 주주는 일본의 Nomura Asia Pacific Holdings Co., Ltd. (지분율 100%)",DART 감사보고서 (2026.03) 원문 주석 — 접수번호 20260703000067 — 3월 결산,,1등급
웰컴저축은행,상호저축은행,6.09,00992631,1-3C 유지,비상장 비종속(독립·외국계),독립(국내 개인 지배),웰컴크레디라인 주식회사,100.00,"감사보고서 원문(감사보고서 (2025.12), 접수 20260408, 20260408002128)",1,,,사업보고서 없음 — 2025 사업보고서 013; 2025 3분기보고서 013; 2025 반기보고서 013; 2024 사업보고서 013,,ok,감사보고서 (2025.12),20260408002128,"표: 주주 | 당기말 | 전기말 / 소유주식수(주) | 지 분 율(%) | 소유주식수(주) | 지 분 율(%) / 웰컴크레디라인 주식회사 | 16,630,431 | 100.00 | 16,630,431 | 100.00",DART 감사보고서 (2025.12) 원문 주석 — 접수번호 20260408002128 — 2026-03 손대희 각자대표,,1등급
애큐온저축은행,상호저축은행,5.0178,00111014,1-3C 유지,비상장 비종속(독립·외국계),애큐온캐피탈 종속,주식회사 애큐온캐피탈,100.00,"감사보고서 원문(감사보고서 (2025.12), 접수 20260330, 20260330000198)",1,㈜애큐온캐피탈,모회사와 함께 한화생명 손자회사로 편입 예정(2026-09-30 계약),사업보고서 없음 — 2025 사업보고서 013; 2025 3분기보고서 013; 2025 반기보고서 013; 2024 사업보고서 013,,ok,감사보고서 (2025.12),20260330000198,"표: (단위: 천원) / 주주 | 구 분 | 주식수(주) | 금액 | 지분율(%) / 주식회사 애큐온캐피탈 | 보통주 | 23,457,410 | 117,287,050 | 100.00 / 우선주 | 2,604,166 | 13,020,830",DART 감사보고서 (2025.12) 원문 주석 — 접수번호 20260330000198,,1등급
㈜애큐온캐피탈,리스사,4.2102,00595012,1-3C 유지,비상장 비종속(독립·외국계),사모펀드(외국계),"Agora, L.P.",96.06,DART 최대주주 현황(2025 사업보고서),1,,"한화생명 주식매매계약 체결(2026-09-30 이사회 — 50.54%·4,400억, 센트로이드PE 49.46%) — 대주주 변경 승인 후 1-2(한화생명 종속)로",ok,"Agora, L.P. 96.06%(최대주주)",,,,,DART 최대주주 현황(2025 사업보고서),,1등급
예별손해보험 주식회사,손해보험,3.8191,01974696,1-3C 유지,비상장 비종속(독립·외국계),공적 가교회사,예금보험공사,100.00,"금융위원회 보도참고(2025-07-09) · 예금보험공사 보도자료 — 100% 출자 가교보험사, 존속기간 2년 조건부 허가. DART에 감사보고서 공시 없음",2,,OK금융(오케이넥스트) 우선협상대상자(2026-07-10 예보 발표) — 9월 23일 기준 본계약 미체결. 인수 완료 시 대기업집단(오케이금융그룹)으로,사업보고서 없음 — 2025 사업보고서 013; 2025 3분기보고서 013; 2025 반기보고서 013; 2024 사업보고서 013,,감사보고서 목록 없음(013),,,,"금융위원회 보도참고(2025-07-09) · 예금보험공사 보도자료 — 100% 출자 가교보험사, 존속기간 2년 조건부 허가. DART에 감사보고서 공시 없음",,2등급
메르세데스벤츠파이낸셜서비스코리아㈜,할부금융사,3.2648,00455389,1-3C 유지,비상장 비종속(독립·외국계),외국계,"Mercedes-Benz 
Asia GMBH",80.00,DART 최대주주 현황(2025 사업보고서),1,,,ok,"Mercedes-Benz 
Asia GMBH 80.00%(주요주주) · 스타오토홀딩스 20.00%(주요주주)",,,,,DART 최대주주 현황(2025 사업보고서),,1등급
엠지캐피탈㈜,리스사,3.2594,00248938,1-3C 유지,비상장 비종속(독립·외국계),상호금융 중앙회 계열,새마을금고중앙회,98.86,DART 최대주주 현황(2025 사업보고서),1,,,ok,새마을금고중앙회 98.86%(지배주주),,,,,DART 최대주주 현황(2025 사업보고서) · 한국신용평가(2026-06),,1등급
오릭스캐피탈코리아㈜,리스사,3.1501,00502410,1-3C 유지,비상장 비종속(독립·외국계),외국계,"ORIX
Corporation",97.50,DART 최대주주 현황(2025 사업보고서),1,,,ok,"ORIX
Corporation 97.50%(최대주주) · ORIX
Rentec
Corporation 2.50%(최대주주의
특수관계인)",,,,,DART 최대주주 현황(2025 사업보고서),,1등급
한국 에스지증권 주식회사,증권사,3.1139,00982379,1-3C 유지,비상장 비종속(독립·외국계),외국계,SOCIETE GENERALE/PARIS,,"감사보고서 원문(감사보고서 (2025.12), 접수 20260403, 20260403000991)",1,,,사업보고서 없음 — 2025 사업보고서 013; 2025 3분기보고서 013; 2025 반기보고서 013; 2024 사업보고서 013,,지배회사만 확인(지분율 표기 없음),감사보고서 (2025.12),20260403000991,지배회사만 확인(지분율 표기 없음): 지배회사 SOCIETE GENERALE/PARIS 기타,"DART 감사보고서 (2025.12) 원문 주석 — 접수번호 20260403000991 — 특수관계자 주석 '지배회사', 개요에 파리 본사가 설립·증자. 지분율 숫자 표기 없음",,1등급(지분율 표기 없음)
비엔피파리바카디프생명보험주식회사,생명보험,2.7017,00460798,1-3C 유지,비상장 비종속(독립·외국계),외국계,BNP Paribas Cardif,85.00,"감사보고서 원문(감사보고서 (2025.12), 접수 20260406, 20260406004430)",1,,"한국투자금융지주 인수 실사 보도(2025-05) — 이후 한국금융지주는 KDB생명 우협(2026-08), 결과 미확인",사업보고서 없음 — 2025 사업보고서 013; 2025 3분기보고서 013; 2025 반기보고서 013; 2024 사업보고서 013,,ok,감사보고서 (2025.12),20260406004430,"표: 주 주 명 | 소유주식수(천주) | 지분율(%) / BNP Paribas Cardif | 34,229,824 | 85 / (주)신한은행 | 6,040,556 | 15 / 합 계 | 40,270,380 | 100",DART 감사보고서 (2025.12) 원문 주석 — 접수번호 20260406004430 — 2대주주 신한은행 15%. 최상위 BNP Paribas,,1등급
제이티친애저축은행,상호저축은행,2.6446,00993001,1-3C 유지,비상장 비종속(독립·외국계),외국계,Nexus Card(주),100.00,"감사보고서 원문(감사보고서 (2025.12), 접수 20260408, 20260408003358)",1,,,사업보고서 없음 — 2025 사업보고서 013; 2025 3분기보고서 013; 2025 반기보고서 013; 2024 사업보고서 013,,ok,감사보고서 (2025.12),20260408003358,"표: 주주명 | 주식수 | 금액 | 지분율 / Nexus Card(주) | 14,340,000주 | 71,700,000천원 | 100%",DART 감사보고서 (2025.12) 원문 주석 — 접수번호 20260408003358,,1등급
케이프투자증권,증권사,2.3495,00684972,1-3C 유지,비상장 비종속(독립·외국계),코스닥 상장사 종속,이니티움2016주식회사,82.39,"감사보고서 원문(감사보고서 (2025.12), 접수 20260408, 20260408000152)",1,(주)케이프(코스닥),,사업보고서 없음 — 2025 사업보고서 013; 2025 3분기보고서 013; 2025 반기보고서 013; 2024 사업보고서 013,,ok,감사보고서 (2025.12),20260408000152,"표: (단위: 주) / 주주명 | 소유주식수(주) | 지분율(%) / 이니티움2016주식회사 | 28,013,900 | 82.39 / 우리사주조합 | 24,700 | 0.07",DART 감사보고서 (2025.12) 원문 주석 — 접수번호 20260408000152 · 케이프 2024 사업보고서(KIND) 주요 종속회사,,1등급
페퍼저축은행,상호저축은행,2.2565,00163406,1-3C 유지,비상장 비종속(독립·외국계),외국계,Pepper Europe(UK) Limited,100.00,"감사보고서 원문(감사보고서 (2025.12), 접수 20260403, 20260403001117)",1,,,사업보고서 없음 — 2025 사업보고서 013; 2025 3분기보고서 013; 2025 반기보고서 013; 2024 사업보고서 013,,ok,감사보고서 (2025.12),20260403001117,"표: 주주명 | 보통주식수(주) | 우선주식수(주) / Pepper Europe(UK) Limited | 5,834,000 | 600,000 / 합 계 | 5,834,000 | 600,000","DART 감사보고서 (2025.12) 원문 주석 — 접수번호 20260403001117 — 주주현황 표(보통주 5,834,000·우선주 600,000 전부). 언론의 '페퍼코리아홀딩스'와 다름 — 원문 기준",,1등급
제이티저축은행,상호저축은행,2.1884,00634834,1-3C 유지,비상장 비종속(독립·외국계),외국계,"J Trust Co., Ltd.",100.00,"감사보고서 원문(감사보고서 (2025.12), 접수 20260331, 20260331002434)",1,,,사업보고서 없음 — 2025 사업보고서 013; 2025 3분기보고서 013; 2025 반기보고서 013; 2024 사업보고서 013,,ok,감사보고서 (2025.12),20260331002434,"표: 주주명 | 주식수 | 자본금 | 지분율 / J Trust Co., Ltd. | 19,996,800주 | 99,984,000천원 | 100%",DART 감사보고서 (2025.12) 원문 주석 — 접수번호 20260331002434,,1등급
오에스비저축은행,상호저축은행,2.1245,00105129,1-3C 유지,비상장 비종속(독립·외국계),외국계,ORIX Corporation,76.77,"감사보고서 원문(감사보고서 (2025.12), 접수 20260330, 20260330000208)",1,,"오릭스 매각 검토(2026-07, 삼일PwC 주관) — 2대주주 올림푸스캐피털 23%(2019)",사업보고서 없음 — 2025 사업보고서 013; 2025 3분기보고서 013; 2025 반기보고서 013; 2024 사업보고서 013,,ok,감사보고서 (2025.12),20260330000208,"표: (단위:주) / 주주명 | 소유주식수 | 지분율(%) / ORIX Corporation | 1,985,154 | 76.77 / KOREA MSB HOLDINGS, LLC | 258,599 | 9.99",DART 감사보고서 (2025.12) 원문 주석 — 접수번호 20260330000208 — 2대주주 KOREA MSB HOLDINGS 9.99%,,1등급
모아저축은행,상호저축은행,2.0911,00161727,1-3C 유지,비상장 비종속(독립·외국계),독립(국내 개인 지배),김상고,67.77,"감사보고서 원문(감사보고서 (2025.12), 접수 20260407, 20260407001075)",1,,,사업보고서 없음 — 2025 사업보고서 013; 2025 3분기보고서 013; 2025 반기보고서 013; 2024 사업보고서 013,,ok,감사보고서 (2025.12),20260407001075,"표: 주주명 | 주식수 | 지분율 / 김상고 | 2,310,917주 | 67.77% / 김혜성 | 586,872주 | 17.21% / 김도희 | 224,504주 | 6.58%",DART 감사보고서 (2025.12) 원문 주석 — 접수번호 20260407001075 — 일가 포함 약 95%,,1등급
상상인저축은행,상호저축은행,2.0069,00163585,1-3C 유지,비상장 비종속(독립·외국계),코스닥 상장사 종속,(주)상상인,100.00,"감사보고서 원문(감사보고서 (2025.12), 접수 20260325, 20260325000468)",1,상상인(코스닥),매각 추진 중 — OK금융 협상 결렬(2025-08),사업보고서 없음 — 2025 사업보고서 013; 2025 3분기보고서 013; 2025 반기보고서 013; 2024 사업보고서 013,,ok,감사보고서 (2025.12),20260325000468,"표: 주주명 | 주식수(주) | 금액(천원) | 지분율(%) / (주)상상인 | 13,600,000 | 68,000,000 | 100.00",DART 감사보고서 (2025.12) 원문 주석 — 접수번호 20260325000468,,1등급
