account,group,corp_code,owner,owner_rate,basis,status
농협은행(주),농협,00908757,농협금융지주(주),,"감사보고서 원문(감사보고서 (2025.12), 20260331003536) — 원문의 '지배기업/지배회사' 표기",지배회사 확인(지분율 표기 없음)
교보생명보험(주),교보생명보험,00112882,신창재,33.78,DART 최대주주 현황(2025 사업보고서) — 신창재 33.78%(최대주주 본인) · 신영애 1.17%(최대주주 혈족),ok
농협생명보험(주),농협,00909349,농협금융지주,100.00,DART 최대주주 현황(2025 사업보고서) — 농협금융지주 100.00%(최대주주),ok
토스뱅크(주),토스,01529195,㈜비바리퍼블리카,28.29,"감사보고서 원문(감사보고서 (2025.12), 20260406004419)",ok
농협금융지주(주),농협,00908021,농업협동조합중앙회,100.00,DART 최대주주 현황(2025 사업보고서) — 농업협동조합중앙회 100.00%(최대주주(법인)),ok
흥국생명보험(주),태광,00167068,이호진,56.30,"DART 최대주주 현황(2025 사업보고서) — 이호진 56.30%(최대주주
본인) · 이원준 14.65%(친인척) · 대한화섬 10.43%(계열회사)",ok
현대커머셜(주),현대자동차,00603278,현대자동차(주),38.27,DART 최대주주 현황(2025 사업보고서) — 현대자동차(주) 38.27%(최대주주) · 정명이 25.67%(특수관계인) · 정태영 12.75%(특수관계인),ok
(주)에스비아이저축은행,교보생명보험,00174518,에스비아이비에프 주식회사,20.40,"감사보고서 원문([기재정정]감사보고서 (2025.12), 20260528000368)",ok
농협손해보험(주),농협,00908155,농협금융지주(주),100.00,DART 최대주주 현황(2025 사업보고서) — 농협금융지주(주) 100.00%(본인),ok
(주)오케이저축은행,오케이금융그룹,00992640,오케이홀딩스대부㈜,100.00,"감사보고서 원문(감사보고서 (2025.12), 20260407001140)",ok
엔에이치농협캐피탈(주),농협,00673523,농협금융지주 주식회사,100.00,"DART 최대주주 현황(2025 사업보고서) — 농협금융지주
주식회사 100.00%(최대주주)",ok
롯데캐피탈(주),롯데,00222295,㈜롯데파이낸셜,51.00,DART 최대주주 현황(2025 사업보고서) — ㈜롯데파이낸셜 51.00%(최대주주) · ㈜호텔롯데 32.59%(특수관계인) · ㈜부산롯데호텔 4.69%(특수관계인),ok
토스증권(주),토스,01527984,주식회사 비바리퍼블리카,97.36,"감사보고서 원문(감사보고서 (2025.12), 20260401004239)",ok
미래에셋캐피탈(주),미래에셋,00251738,박현주,34.32,"DART 최대주주 현황(2025 사업보고서) — 박현주 34.32%(최대주주) · 미래에셋자산운용(주) 29.53%(특수관계인
(계열회사)) · 미래에셋컨설팅(주) 9.98%(특수관계인
(계열회사))",ok
미래에셋자산운용(주),미래에셋,00259776,박현주,60.19,"DART 최대주주 현황(2025 사업보고서) — 박현주 60.19%(최대주주 본인) · 미래에셋컨설팅㈜ 36.92%(계열회사) · 김미경 2.72%(최대주주의
배우자)",ok
농업협동조합자산관리회사,농협,00455893,,,,최대주주 못 찾음 — 감사보고서 목록 없음(013)
쿠팡페이(주),쿠팡,01561252,쿠팡 주식회사,100.00,"감사보고서 원문(감사보고서 (2025.12), 20260410003556)",ok
오케이넥스트(주),오케이금융그룹,00349945,,,,최대주주 못 찾음 — 주주 내용 못 찾음
(주)예가람저축은행,태광,00587864,주식회사 고려저축은행,65.30,"감사보고서 원문(감사보고서 (2025.12), 20260331003879)",ok
(주)고려저축은행,태광,00172097,이호진,30.50,"감사보고서 원문(감사보고서 (2025.12), 20260331003921)",ok
엔에이치저축은행(주),농협,00886358,농협금융지주(주),,"감사보고서 원문(감사보고서 (2025.12), 20260331004154) — 원문의 '지배기업/지배회사' 표기",지배회사 확인(지분율 표기 없음)
