rank,account,group,rank_in_group,share_total,share_corp,mfg_eok,corp_eok,total_eok,s31_provisional,cut_2pt_pct,cut_1pt_pct,value_basis,source,note
1,중소기업은행,은행,1,44.62,51.84,1400763.52,2701939.99,3139662.32,2,5.24,2.18,실측(FISIS),"FISIS 2025-12 · SA044 A2(제조업) ÷ SA047 D(원화대출금, 은행간 대여금 제외)","임시 점수 — 은행·저축은행 46곳만으로 3등분. 감사보고서 업권(카드·캐피탈·증권·보험·지주) 값이 모인 뒤 선을 다시 계산하고, 총자산 2조 미만 최대 1점 규칙을 그때 적용"
2,(주)경남은행,은행,2,23.99,35.89,103553.3,288508.06,431633.09,2,5.24,2.18,실측(FISIS),"FISIS 2025-12 · SA044 A2(제조업) ÷ SA047 D(원화대출금, 은행간 대여금 제외)","임시 점수 — 은행·저축은행 46곳만으로 3등분. 감사보고서 업권(카드·캐피탈·증권·보험·지주) 값이 모인 뒤 선을 다시 계산하고, 총자산 2조 미만 최대 1점 규칙을 그때 적용"
3,(주)iM뱅크,은행,3,17.65,29.2,101146.02,346360.12,573001.99,2,5.24,2.18,실측(FISIS),"FISIS 2025-12 · SA044 A2(제조업) ÷ SA047 D(원화대출금, 은행간 대여금 제외)","임시 점수 — 은행·저축은행 46곳만으로 3등분. 감사보고서 업권(카드·캐피탈·증권·보험·지주) 값이 모인 뒤 선을 다시 계산하고, 총자산 2조 미만 최대 1점 규칙을 그때 적용"
4,(주)부산은행,은행,4,16.06,24.91,98967.29,397326.69,616173.65,2,5.24,2.18,실측(FISIS),"FISIS 2025-12 · SA044 A2(제조업) ÷ SA047 D(원화대출금, 은행간 대여금 제외)","임시 점수 — 은행·저축은행 46곳만으로 3등분. 감사보고서 업권(카드·캐피탈·증권·보험·지주) 값이 모인 뒤 선을 다시 계산하고, 총자산 2조 미만 최대 1점 규칙을 그때 적용"
5,신한은행,은행,5,15.1,27.58,503537.42,1825787.3,3335090.31,2,5.24,2.18,실측(FISIS),"FISIS 2025-12 · SA044 A2(제조업) ÷ SA047 D(원화대출금, 은행간 대여금 제외)","임시 점수 — 은행·저축은행 46곳만으로 3등분. 감사보고서 업권(카드·캐피탈·증권·보험·지주) 값이 모인 뒤 선을 다시 계산하고, 총자산 2조 미만 최대 1점 규칙을 그때 적용"
6,하나은행,은행,6,13.74,25.46,435186.96,1709428.0,3166945.13,2,5.24,2.18,실측(FISIS),"FISIS 2025-12 · SA044 A2(제조업) ÷ SA047 D(원화대출금, 은행간 대여금 제외)","임시 점수 — 은행·저축은행 46곳만으로 3등분. 감사보고서 업권(카드·캐피탈·증권·보험·지주) 값이 모인 뒤 선을 다시 계산하고, 총자산 2조 미만 최대 1점 규칙을 그때 적용"
7,㈜우리은행,은행,7,13.2,26.77,396906.87,1482482.8,3007589.0,2,5.24,2.18,실측(FISIS),"FISIS 2025-12 · SA044 A2(제조업) ÷ SA047 D(원화대출금, 은행간 대여금 제외)","임시 점수 — 은행·저축은행 46곳만으로 3등분. 감사보고서 업권(카드·캐피탈·증권·보험·지주) 값이 모인 뒤 선을 다시 계산하고, 총자산 2조 미만 최대 1점 규칙을 그때 적용"
8,한국씨티은행,은행,8,13.13,35.34,5957.87,16856.41,45385.98,2,5.24,2.18,실측(FISIS),"FISIS 2025-12 · SA044 A2(제조업) ÷ SA047 D(원화대출금, 은행간 대여금 제외)","임시 점수 — 은행·저축은행 46곳만으로 3등분. 감사보고서 업권(카드·캐피탈·증권·보험·지주) 값이 모인 뒤 선을 다시 계산하고, 총자산 2조 미만 최대 1점 규칙을 그때 적용"
9,국민은행,은행,9,12.1,24.23,456577.9,1884468.02,3774535.37,2,5.24,2.18,실측(FISIS),"FISIS 2025-12 · SA044 A2(제조업) ÷ SA047 D(원화대출금, 은행간 대여금 제외)","임시 점수 — 은행·저축은행 46곳만으로 3등분. 감사보고서 업권(카드·캐피탈·증권·보험·지주) 값이 모인 뒤 선을 다시 계산하고, 총자산 2조 미만 최대 1점 규칙을 그때 적용"
10,농협은행(주),은행,10,9.97,20.54,305909.54,1489305.11,3067838.17,2,5.24,2.18,실측(FISIS),"FISIS 2025-12 · SA044 A2(제조업) ÷ SA047 D(원화대출금, 은행간 대여금 제외)","임시 점수 — 은행·저축은행 46곳만으로 3등분. 감사보고서 업권(카드·캐피탈·증권·보험·지주) 값이 모인 뒤 선을 다시 계산하고, 총자산 2조 미만 최대 1점 규칙을 그때 적용"
11,상상인저축은행,저축은행,1,8.51,12.47,1212.04,9721.48,14234.98,2,5.24,2.18,실측(FISIS),FISIS 2025-12 · SE036 A1(제조업) ÷ SE020 D(용도별 대출 합계),"임시 점수 — 은행·저축은행 46곳만으로 3등분. 감사보고서 업권(카드·캐피탈·증권·보험·지주) 값이 모인 뒤 선을 다시 계산하고, 총자산 2조 미만 최대 1점 규칙을 그때 적용"
12,제이티친애저축은행,저축은행,2,6.54,16.93,1418.39,8376.87,21694.01,2,5.24,2.18,실측(FISIS),FISIS 2025-12 · SE036 A1(제조업) ÷ SE020 D(용도별 대출 합계),"임시 점수 — 은행·저축은행 46곳만으로 3등분. 감사보고서 업권(카드·캐피탈·증권·보험·지주) 값이 모인 뒤 선을 다시 계산하고, 총자산 2조 미만 최대 1점 규칙을 그때 적용"
13,DB저축은행,저축은행,3,5.56,8.16,1381.89,16944.44,24853.24,2,5.24,2.18,실측(FISIS),FISIS 2025-12 · SE036 A1(제조업) ÷ SE020 D(용도별 대출 합계),"임시 점수 — 은행·저축은행 46곳만으로 3등분. 감사보고서 업권(카드·캐피탈·증권·보험·지주) 값이 모인 뒤 선을 다시 계산하고, 총자산 2조 미만 최대 1점 규칙을 그때 적용"
14,(주)광주은행,은행,11,5.43,8.59,14045.42,163420.64,258638.32,2,5.24,2.18,실측(FISIS),"FISIS 2025-12 · SA044 A2(제조업) ÷ SA047 D(원화대출금, 은행간 대여금 제외)","임시 점수 — 은행·저축은행 46곳만으로 3등분. 감사보고서 업권(카드·캐피탈·증권·보험·지주) 값이 모인 뒤 선을 다시 계산하고, 총자산 2조 미만 최대 1점 규칙을 그때 적용"
15,페퍼저축은행,저축은행,4,5.36,12.08,978.84,8099.7,18272.34,2,5.24,2.18,실측(FISIS),FISIS 2025-12 · SE036 A1(제조업) ÷ SE020 D(용도별 대출 합계),"임시 점수 — 은행·저축은행 46곳만으로 3등분. 감사보고서 업권(카드·캐피탈·증권·보험·지주) 값이 모인 뒤 선을 다시 계산하고, 총자산 2조 미만 최대 1점 규칙을 그때 적용"
16,오에스비저축은행,저축은행,5,5.24,7.87,801.12,10184.23,15296.86,2,5.24,2.18,실측(FISIS),FISIS 2025-12 · SE036 A1(제조업) ÷ SE020 D(용도별 대출 합계),"임시 점수 — 은행·저축은행 46곳만으로 3등분. 감사보고서 업권(카드·캐피탈·증권·보험·지주) 값이 모인 뒤 선을 다시 계산하고, 총자산 2조 미만 최대 1점 규칙을 그때 적용"
17,(주)제주은행,은행,12,4.99,7.55,3131.44,41475.07,62751.19,1,5.24,2.18,실측(FISIS),"FISIS 2025-12 · SA044 A2(제조업) ÷ SA047 D(원화대출금, 은행간 대여금 제외)","임시 점수 — 은행·저축은행 46곳만으로 3등분. 감사보고서 업권(카드·캐피탈·증권·보험·지주) 값이 모인 뒤 선을 다시 계산하고, 총자산 2조 미만 최대 1점 규칙을 그때 적용"
18,㈜아이비케이저축은행,저축은행,6,4.27,10.79,551.36,5111.31,12904.62,1,5.24,2.18,실측(FISIS),FISIS 2025-12 · SE036 A1(제조업) ÷ SE020 D(용도별 대출 합계),"임시 점수 — 은행·저축은행 46곳만으로 3등분. 감사보고서 업권(카드·캐피탈·증권·보험·지주) 값이 모인 뒤 선을 다시 계산하고, 총자산 2조 미만 최대 1점 규칙을 그때 적용"
19,대신저축은행,저축은행,7,3.98,4.55,720.73,15836.58,18121.58,1,5.24,2.18,실측(FISIS),FISIS 2025-12 · SE036 A1(제조업) ÷ SE020 D(용도별 대출 합계),"임시 점수 — 은행·저축은행 46곳만으로 3등분. 감사보고서 업권(카드·캐피탈·증권·보험·지주) 값이 모인 뒤 선을 다시 계산하고, 총자산 2조 미만 최대 1점 규칙을 그때 적용"
20,(주)전북은행,은행,13,3.97,7.35,7428.7,101027.78,187047.41,1,5.24,2.18,실측(FISIS),"FISIS 2025-12 · SA044 A2(제조업) ÷ SA047 D(원화대출금, 은행간 대여금 제외)","임시 점수 — 은행·저축은행 46곳만으로 3등분. 감사보고서 업권(카드·캐피탈·증권·보험·지주) 값이 모인 뒤 선을 다시 계산하고, 총자산 2조 미만 최대 1점 규칙을 그때 적용"
21,㈜엠에스상호저축은행,저축은행,8,3.95,7.0,124.17,1773.21,3140.29,1,5.24,2.18,실측(FISIS),FISIS 2025-12 · SE036 A1(제조업) ÷ SE020 D(용도별 대출 합계),"임시 점수 — 은행·저축은행 46곳만으로 3등분. 감사보고서 업권(카드·캐피탈·증권·보험·지주) 값이 모인 뒤 선을 다시 계산하고, 총자산 2조 미만 최대 1점 규칙을 그때 적용"
22,제이티저축은행,저축은행,9,3.93,9.17,705.33,7694.13,17955.43,1,5.24,2.18,실측(FISIS),FISIS 2025-12 · SE036 A1(제조업) ÷ SE020 D(용도별 대출 합계),"임시 점수 — 은행·저축은행 46곳만으로 3등분. 감사보고서 업권(카드·캐피탈·증권·보험·지주) 값이 모인 뒤 선을 다시 계산하고, 총자산 2조 미만 최대 1점 규칙을 그때 적용"
23,㈜우리금융저축은행,저축은행,10,3.66,9.32,622.77,6679.8,17006.21,1,5.24,2.18,실측(FISIS),FISIS 2025-12 · SE036 A1(제조업) ÷ SE020 D(용도별 대출 합계),"임시 점수 — 은행·저축은행 46곳만으로 3등분. 감사보고서 업권(카드·캐피탈·증권·보험·지주) 값이 모인 뒤 선을 다시 계산하고, 총자산 2조 미만 최대 1점 규칙을 그때 적용"
24,(주)에스비아이저축은행,저축은행,11,3.32,8.79,3583.97,40762.57,107928.91,1,5.24,2.18,실측(FISIS),FISIS 2025-12 · SE036 A1(제조업) ÷ SE020 D(용도별 대출 합계),"임시 점수 — 은행·저축은행 46곳만으로 3등분. 감사보고서 업권(카드·캐피탈·증권·보험·지주) 값이 모인 뒤 선을 다시 계산하고, 총자산 2조 미만 최대 1점 규칙을 그때 적용"
25,한국스탠다드차타드은행,은행,14,3.04,13.0,11729.85,90260.12,386417.57,1,5.24,2.18,실측(FISIS),"FISIS 2025-12 · SA044 A2(제조업) ÷ SA047 D(원화대출금, 은행간 대여금 제외)","임시 점수 — 은행·저축은행 46곳만으로 3등분. 감사보고서 업권(카드·캐피탈·증권·보험·지주) 값이 모인 뒤 선을 다시 계산하고, 총자산 2조 미만 최대 1점 규칙을 그때 적용"
26,한화저축은행,저축은행,12,2.74,5.22,299.42,5737.33,10907.93,1,5.24,2.18,실측(FISIS),FISIS 2025-12 · SE036 A1(제조업) ÷ SE020 D(용도별 대출 합계),"임시 점수 — 은행·저축은행 46곳만으로 3등분. 감사보고서 업권(카드·캐피탈·증권·보험·지주) 값이 모인 뒤 선을 다시 계산하고, 총자산 2조 미만 최대 1점 규칙을 그때 적용"
27,하나저축은행,저축은행,13,2.72,6.19,620.15,10020.3,22816.68,1,5.24,2.18,실측(FISIS),FISIS 2025-12 · SE036 A1(제조업) ÷ SE020 D(용도별 대출 합계),"임시 점수 — 은행·저축은행 46곳만으로 3등분. 감사보고서 업권(카드·캐피탈·증권·보험·지주) 값이 모인 뒤 선을 다시 계산하고, 총자산 2조 미만 최대 1점 규칙을 그때 적용"
28,한국투자저축은행,저축은행,14,2.52,4.17,1636.25,39201.92,64976.39,1,5.24,2.18,실측(FISIS),FISIS 2025-12 · SE036 A1(제조업) ÷ SE020 D(용도별 대출 합계),"임시 점수 — 은행·저축은행 46곳만으로 3등분. 감사보고서 업권(카드·캐피탈·증권·보험·지주) 값이 모인 뒤 선을 다시 계산하고, 총자산 2조 미만 최대 1점 규칙을 그때 적용"
29,엔에이치저축은행(주),저축은행,15,2.38,4.83,443.16,9183.66,18630.29,1,5.24,2.18,실측(FISIS),FISIS 2025-12 · SE036 A1(제조업) ÷ SE020 D(용도별 대출 합계),"임시 점수 — 은행·저축은행 46곳만으로 3등분. 감사보고서 업권(카드·캐피탈·증권·보험·지주) 값이 모인 뒤 선을 다시 계산하고, 총자산 2조 미만 최대 1점 규칙을 그때 적용"
30,수협은행,은행,15,2.35,4.34,11120.77,256343.15,472299.99,1,5.24,2.18,실측(FISIS),"FISIS 2025-12 · SA044 A2(제조업) ÷ SA047 D(원화대출금, 은행간 대여금 제외)","임시 점수 — 은행·저축은행 46곳만으로 3등분. 감사보고서 업권(카드·캐피탈·증권·보험·지주) 값이 모인 뒤 선을 다시 계산하고, 총자산 2조 미만 최대 1점 규칙을 그때 적용"
31,(주)오케이저축은행,저축은행,16,2.31,5.15,2259.66,43837.9,97938.8,1,5.24,2.18,실측(FISIS),FISIS 2025-12 · SE036 A1(제조업) ÷ SE020 D(용도별 대출 합계),"임시 점수 — 은행·저축은행 46곳만으로 3등분. 감사보고서 업권(카드·캐피탈·증권·보험·지주) 값이 모인 뒤 선을 다시 계산하고, 총자산 2조 미만 최대 1점 규칙을 그때 적용"
32,㈜다올저축은행,저축은행,17,2.18,6.76,708.96,10485.86,32576.46,1,5.24,2.18,실측(FISIS),FISIS 2025-12 · SE036 A1(제조업) ÷ SE020 D(용도별 대출 합계),"임시 점수 — 은행·저축은행 46곳만으로 3등분. 감사보고서 업권(카드·캐피탈·증권·보험·지주) 값이 모인 뒤 선을 다시 계산하고, 총자산 2조 미만 최대 1점 규칙을 그때 적용"
33,애큐온저축은행,저축은행,18,1.76,4.17,801.6,19213.18,45672.59,0,5.24,2.18,실측(FISIS),FISIS 2025-12 · SE036 A1(제조업) ÷ SE020 D(용도별 대출 합계),"임시 점수 — 은행·저축은행 46곳만으로 3등분. 감사보고서 업권(카드·캐피탈·증권·보험·지주) 값이 모인 뒤 선을 다시 계산하고, 총자산 2조 미만 최대 1점 규칙을 그때 적용"
34,(주)참저축은행,저축은행,19,1.73,4.38,92.68,2115.52,5360.86,0,5.24,2.18,실측(FISIS),FISIS 2025-12 · SE036 A1(제조업) ÷ SE020 D(용도별 대출 합계),"임시 점수 — 은행·저축은행 46곳만으로 3등분. 감사보고서 업권(카드·캐피탈·증권·보험·지주) 값이 모인 뒤 선을 다시 계산하고, 총자산 2조 미만 최대 1점 규칙을 그때 적용"
35,키움저축은행,저축은행,20,1.55,3.53,239.71,6786.67,15475.8,0,5.24,2.18,실측(FISIS),FISIS 2025-12 · SE036 A1(제조업) ÷ SE020 D(용도별 대출 합계),"임시 점수 — 은행·저축은행 46곳만으로 3등분. 감사보고서 업권(카드·캐피탈·증권·보험·지주) 값이 모인 뒤 선을 다시 계산하고, 총자산 2조 미만 최대 1점 규칙을 그때 적용"
36,(주)BNK저축은행,저축은행,21,1.53,3.61,249.03,6897.63,16309.63,0,5.24,2.18,실측(FISIS),FISIS 2025-12 · SE036 A1(제조업) ÷ SE020 D(용도별 대출 합계),"임시 점수 — 은행·저축은행 46곳만으로 3등분. 감사보고서 업권(카드·캐피탈·증권·보험·지주) 값이 모인 뒤 선을 다시 계산하고, 총자산 2조 미만 최대 1점 규칙을 그때 적용"
37,키움YES저축은행,저축은행,22,1.49,3.68,173.53,4716.66,11664.7,0,5.24,2.18,실측(FISIS),FISIS 2025-12 · SE036 A1(제조업) ÷ SE020 D(용도별 대출 합계),"임시 점수 — 은행·저축은행 46곳만으로 3등분. 감사보고서 업권(카드·캐피탈·증권·보험·지주) 값이 모인 뒤 선을 다시 계산하고, 총자산 2조 미만 최대 1점 규칙을 그때 적용"
38,웰컴저축은행,저축은행,23,1.37,3.38,591.47,17482.98,43086.25,0,5.24,2.18,실측(FISIS),FISIS 2025-12 · SE036 A1(제조업) ÷ SE020 D(용도별 대출 합계),"임시 점수 — 은행·저축은행 46곳만으로 3등분. 감사보고서 업권(카드·캐피탈·증권·보험·지주) 값이 모인 뒤 선을 다시 계산하고, 총자산 2조 미만 최대 1점 규칙을 그때 적용"
39,모아저축은행,저축은행,24,1.3,2.0,215.43,10756.21,16602.88,0,5.24,2.18,실측(FISIS),FISIS 2025-12 · SE036 A1(제조업) ÷ SE020 D(용도별 대출 합계),"임시 점수 — 은행·저축은행 46곳만으로 3등분. 감사보고서 업권(카드·캐피탈·증권·보험·지주) 값이 모인 뒤 선을 다시 계산하고, 총자산 2조 미만 최대 1점 규칙을 그때 적용"
40,신한저축은행,저축은행,25,0.86,4.37,216.81,4964.85,25322.13,0,5.24,2.18,실측(FISIS),FISIS 2025-12 · SE036 A1(제조업) ÷ SE020 D(용도별 대출 합계),"임시 점수 — 은행·저축은행 46곳만으로 3등분. 감사보고서 업권(카드·캐피탈·증권·보험·지주) 값이 모인 뒤 선을 다시 계산하고, 총자산 2조 미만 최대 1점 규칙을 그때 적용"
41,(주)예가람저축은행,저축은행,26,0.84,2.29,131.85,5765.0,15673.89,0,5.24,2.18,실측(FISIS),FISIS 2025-12 · SE036 A1(제조업) ÷ SE020 D(용도별 대출 합계),"임시 점수 — 은행·저축은행 46곳만으로 3등분. 감사보고서 업권(카드·캐피탈·증권·보험·지주) 값이 모인 뒤 선을 다시 계산하고, 총자산 2조 미만 최대 1점 규칙을 그때 적용"
42,KB저축은행,저축은행,27,0.8,3.42,157.61,4608.74,19734.59,0,5.24,2.18,실측(FISIS),FISIS 2025-12 · SE036 A1(제조업) ÷ SE020 D(용도별 대출 합계),"임시 점수 — 은행·저축은행 46곳만으로 3등분. 감사보고서 업권(카드·캐피탈·증권·보험·지주) 값이 모인 뒤 선을 다시 계산하고, 총자산 2조 미만 최대 1점 규칙을 그때 적용"
42,(주)고려저축은행,저축은행,27,0.8,2.66,116.23,4363.37,14457.05,0,5.24,2.18,실측(FISIS),FISIS 2025-12 · SE036 A1(제조업) ÷ SE020 D(용도별 대출 합계),"임시 점수 — 은행·저축은행 46곳만으로 3등분. 감사보고서 업권(카드·캐피탈·증권·보험·지주) 값이 모인 뒤 선을 다시 계산하고, 총자산 2조 미만 최대 1점 규칙을 그때 적용"
44,주식회사 케이뱅크,은행,16,0.78,6.18,1428.88,23106.45,183783.99,0,5.24,2.18,실측(FISIS),"FISIS 2025-12 · SA044 A2(제조업) ÷ SA047 D(원화대출금, 은행간 대여금 제외)","임시 점수 — 은행·저축은행 46곳만으로 3등분. 감사보고서 업권(카드·캐피탈·증권·보험·지주) 값이 모인 뒤 선을 다시 계산하고, 총자산 2조 미만 최대 1점 규칙을 그때 적용"
45,토스뱅크(주),은행,17,0.76,8.33,1164.02,13975.51,153502.19,0,5.24,2.18,실측(FISIS),"FISIS 2025-12 · SA044 A2(제조업) ÷ SA047 D(원화대출금, 은행간 대여금 제외)","임시 점수 — 은행·저축은행 46곳만으로 3등분. 감사보고서 업권(카드·캐피탈·증권·보험·지주) 값이 모인 뒤 선을 다시 계산하고, 총자산 2조 미만 최대 1점 규칙을 그때 적용"
46,주식회사 카카오뱅크,은행,18,0.4,6.14,1876.95,30547.81,469072.1,0,5.24,2.18,실측(FISIS),"FISIS 2025-12 · SA044 A2(제조업) ÷ SA047 D(원화대출금, 은행간 대여금 제외)","임시 점수 — 은행·저축은행 46곳만으로 3등분. 감사보고서 업권(카드·캐피탈·증권·보험·지주) 값이 모인 뒤 선을 다시 계산하고, 총자산 2조 미만 최대 1점 규칙을 그때 적용"
