account,rank,rcept_no,report,doc_basis,table_no,row_label,kind,lender_raw,lender,role,lender_account,lender_class,includes_others,amount_won,unit,foreign_table
주식회사 GS반월열병합발전,발전·에너지,20260323000362,감사보고서 (2025.12),별도 감사보고서 · 색인: 13. 차입금,113,일반자금대출,단기,한국산업은행,한국산업은행,,한국산업은행,명단 금융회사,False,72000000000.0,원,False
주식회사 GS반월열병합발전,발전·에너지,20260323000362,감사보고서 (2025.12),별도 감사보고서 · 색인: 13. 차입금,115,시설대출,장기,농협은행,농협은행,,농협은행(주),명단 금융회사,False,92000000000.0,원,False
주식회사 GS반월열병합발전,발전·에너지,20260323000362,감사보고서 (2025.12),별도 감사보고서 · 색인: 13. 차입금,115,한국산업은행,장기,한국산업은행,한국산업은행,,한국산업은행,명단 금융회사,False,5000000000.0,원,False
주식회사 GS구미열병합발전,발전·에너지,20260323000484,감사보고서 (2025.12),별도 감사보고서 · 색인: 13. 차입금,116,일반자금대출,단기,한국산업은행,한국산업은행,,한국산업은행,명단 금융회사,False,45000000000.0,원,False
주식회사 GS구미열병합발전,발전·에너지,20260323000484,감사보고서 (2025.12),별도 감사보고서 · 색인: 13. 차입금,116,일반자금대출,단기,NH농협은행,NH농협은행,,농협은행(주),명단 금융회사,False,50000000000.0,원,False
주식회사 GS구미열병합발전,발전·에너지,20260323000484,감사보고서 (2025.12),별도 감사보고서 · 색인: 13. 차입금,118,일반자금대출,장기,NH농협은행,NH농협은행,,농협은행(주),명단 금융회사,False,0.0,원,False
대상 주식회사,식품,20260318000733,사업보고서 (2025.12),"별도 감사보고서 · 색인: 16. 차입금, 17. 사채 · 수동 입력(replace)",-1,수동 입력,단기(정책자금),한국농수산식품유통공사,한국농수산식품유통공사,,,공공기관·정책기금(명단 밖),False,28502000000.0,억원,False
대상 주식회사,식품,20260318000733,사업보고서 (2025.12),"별도 감사보고서 · 색인: 16. 차입금, 17. 사채 · 수동 입력(replace)",-1,수동 입력,단기+장기,한국수출입은행,한국수출입은행,,한국수출입은행,명단 금융회사,False,103000000000.0,억원,False
대상 주식회사,식품,20260318000733,사업보고서 (2025.12),"별도 감사보고서 · 색인: 16. 차입금, 17. 사채 · 수동 입력(replace)",-1,수동 입력,단기,우리은행,우리은행,,㈜우리은행,명단 금융회사,False,19000000000.0,억원,False
대상 주식회사,식품,20260318000733,사업보고서 (2025.12),"별도 감사보고서 · 색인: 16. 차입금, 17. 사채 · 수동 입력(replace)",-1,수동 입력,단기(USANCE),한국산업은행 외,한국산업은행,,한국산업은행,명단 금융회사,True,111911999999.99998,억원,False
대상 주식회사,식품,20260318000733,사업보고서 (2025.12),"별도 감사보고서 · 색인: 16. 차입금, 17. 사채 · 수동 입력(replace)",-1,수동 입력,장기,한국산업은행,한국산업은행,,한국산업은행,명단 금융회사,False,79800000000.0,억원,False
대상 주식회사,식품,20260318000733,사업보고서 (2025.12),"별도 감사보고서 · 색인: 16. 차입금, 17. 사채 · 수동 입력(replace)",-1,수동 입력,장기(정책자금),주택도시보증공사,주택도시보증공사,,,공공기관·정책기금(명단 밖),False,484000000.0,억원,False
대상 주식회사,식품,20260318000733,사업보고서 (2025.12),"별도 감사보고서 · 색인: 16. 차입금, 17. 사채 · 수동 입력(replace)",-1,수동 입력,사채,사채(공모사채),사채(공모사채),,,사채(직접금융),False,689134000000.0,억원,False
효성화학 주식회사,화학,20260311004423,사업보고서 (2025.12),별도 감사보고서 · 색인: 23. 차입금,239,일반대출,단기,산업은행 외,산업은행,,한국산업은행,명단 금융회사,True,90100000000.0,백만원,False
효성화학 주식회사,화학,20260311004423,사업보고서 (2025.12),별도 감사보고서 · 색인: 23. 차입금,239,CP할인등,단기,KB증권 외,KB증권,증권사(CP·전단채 중개 추정),KB증권,명단 금융회사,True,202900000000.0,백만원,False
효성화학 주식회사,화학,20260311004423,사업보고서 (2025.12),별도 감사보고서 · 색인: 23. 차입금,239,매출채권매각차입(주1),단기,하나은행 외,하나은행,,하나은행,명단 금융회사,True,42489000000.0,백만원,False
효성화학 주식회사,화학,20260311004423,사업보고서 (2025.12),별도 감사보고서 · 색인: 23. 차입금,239,Banker'sUsance,단기,경남은행 외,경남은행,,(주)경남은행,명단 금융회사,True,5607000000.0,백만원,False
효성화학 주식회사,화학,20260311004423,사업보고서 (2025.12),별도 감사보고서 · 색인: 23. 차입금,242,일반대출,장기,KB증권 외,KB증권,증권사(CP·전단채 중개 추정),KB증권,명단 금융회사,True,327000000000.0,백만원,False
효성화학 주식회사,화학,20260311004423,사업보고서 (2025.12),별도 감사보고서 · 색인: 23. 차입금,242,시설자금대출,장기,KB증권 외,KB증권,증권사(CP·전단채 중개 추정),KB증권,명단 금융회사,True,0.0,백만원,False
효성화학 주식회사,화학,20260311004423,사업보고서 (2025.12),별도 감사보고서 · 색인: 23. 차입금,242,일반대출,장기,하나은행 외,하나은행,,하나은행,명단 금융회사,True,42896000000.0,백만원,False
효성화학 주식회사,화학,20260311004423,사업보고서 (2025.12),별도 감사보고서 · 색인: 23. 차입금,244,공모사채,사채,공모사채,공모사채,,,사채(직접금융),False,0.0,백만원,False
효성화학 주식회사,화학,20260311004423,사업보고서 (2025.12),별도 감사보고서 · 색인: 23. 차입금,244,사모사채,사채,사모사채,사모사채,,,사채(직접금융),False,0.0,백만원,False
효성화학 주식회사,화학,20260311004423,사업보고서 (2025.12),별도 감사보고서 · 색인: 23. 차입금,244,사모사채,사채,사모사채,사모사채,,,사채(직접금융),False,0.0,백만원,False
효성화학 주식회사,화학,20260311004423,사업보고서 (2025.12),별도 감사보고서 · 색인: 23. 차입금,244,공모사채,사채,공모사채,공모사채,,,사채(직접금융),False,0.0,백만원,False
효성화학 주식회사,화학,20260311004423,사업보고서 (2025.12),별도 감사보고서 · 색인: 23. 차입금,244,사모사채,사채,사모사채,사모사채,,,사채(직접금융),False,30000000000.0,백만원,False
효성화학 주식회사,화학,20260311004423,사업보고서 (2025.12),별도 감사보고서 · 색인: 23. 차입금,244,사모사채,사채,사모사채,사모사채,,,사채(직접금융),False,20000000000.0,백만원,False
효성화학 주식회사,화학,20260311004423,사업보고서 (2025.12),별도 감사보고서 · 색인: 23. 차입금,244,공모사채,사채,공모사채,공모사채,,,사채(직접금융),False,0.0,백만원,False
효성화학 주식회사,화학,20260311004423,사업보고서 (2025.12),별도 감사보고서 · 색인: 23. 차입금,244,공모사채,사채,공모사채,공모사채,,,사채(직접금융),False,50000000000.0,백만원,False
효성화학 주식회사,화학,20260311004423,사업보고서 (2025.12),별도 감사보고서 · 색인: 23. 차입금,244,사모사채,사채,사모사채,사모사채,,,사채(직접금융),False,0.0,백만원,False
효성화학 주식회사,화학,20260311004423,사업보고서 (2025.12),별도 감사보고서 · 색인: 23. 차입금,244,공모사채,사채,공모사채,공모사채,,,사채(직접금융),False,0.0,백만원,False
도레이첨단소재 주식회사,화학,20260617000195,감사보고서 (2026.03),별도 감사보고서 · 색인: 13. 차입금,74,단기원화차입금,단기,엠유에프지은행,엠유에프지은행,,,금융회사(명단 밖),False,0.0,천원,False
도레이첨단소재 주식회사,화학,20260617000195,감사보고서 (2026.03),별도 감사보고서 · 색인: 13. 차입금,74,단기원화차입금,단기,엠유에프지은행,엠유에프지은행,,,금융회사(명단 밖),False,65000000000.0,천원,False
도레이첨단소재 주식회사,화학,20260617000195,감사보고서 (2026.03),별도 감사보고서 · 색인: 13. 차입금,76,장기원화차입금,장기,엠유에프지은행,엠유에프지은행,,,금융회사(명단 밖),False,0.0,천원,False
도레이첨단소재 주식회사,화학,20260617000195,감사보고서 (2026.03),별도 감사보고서 · 색인: 13. 차입금,76,엠유에프지은행,장기,엠유에프지은행,엠유에프지은행,,,금융회사(명단 밖),False,0.0,천원,False
도레이첨단소재 주식회사,화학,20260617000195,감사보고서 (2026.03),별도 감사보고서 · 색인: 13. 차입금,76,미즈호은행,장기,미즈호은행,미즈호은행,,,외국 금융회사,False,0.0,천원,False
도레이첨단소재 주식회사,화학,20260617000195,감사보고서 (2026.03),별도 감사보고서 · 색인: 13. 차입금,76,미즈호은행,장기,미즈호은행,미즈호은행,,,외국 금융회사,False,0.0,천원,False
도레이첨단소재 주식회사,화학,20260617000195,감사보고서 (2026.03),별도 감사보고서 · 색인: 13. 차입금,76,엠유에프지은행,장기,엠유에프지은행,엠유에프지은행,,,금융회사(명단 밖),False,0.0,천원,False
도레이첨단소재 주식회사,화학,20260617000195,감사보고서 (2026.03),별도 감사보고서 · 색인: 13. 차입금,76,엠유에프지은행,장기,엠유에프지은행,엠유에프지은행,,,금융회사(명단 밖),False,0.0,천원,False
도레이첨단소재 주식회사,화학,20260617000195,감사보고서 (2026.03),별도 감사보고서 · 색인: 13. 차입금,76,엠유에프지은행,장기,엠유에프지은행,엠유에프지은행,,,금융회사(명단 밖),False,0.0,천원,False
도레이첨단소재 주식회사,화학,20260617000195,감사보고서 (2026.03),별도 감사보고서 · 색인: 13. 차입금,76,엠유에프지은행,장기,엠유에프지은행,엠유에프지은행,,,금융회사(명단 밖),False,0.0,천원,False
도레이첨단소재 주식회사,화학,20260617000195,감사보고서 (2026.03),별도 감사보고서 · 색인: 13. 차입금,76,엠유에프지은행,장기,엠유에프지은행,엠유에프지은행,,,금융회사(명단 밖),False,0.0,천원,False
도레이첨단소재 주식회사,화학,20260617000195,감사보고서 (2026.03),별도 감사보고서 · 색인: 13. 차입금,76,엠유에프지은행,장기,엠유에프지은행,엠유에프지은행,,,금융회사(명단 밖),False,0.0,천원,False
도레이첨단소재 주식회사,화학,20260617000195,감사보고서 (2026.03),별도 감사보고서 · 색인: 13. 차입금,76,엠유에프지은행,장기,엠유에프지은행,엠유에프지은행,,,금융회사(명단 밖),False,0.0,천원,False
도레이첨단소재 주식회사,화학,20260617000195,감사보고서 (2026.03),별도 감사보고서 · 색인: 13. 차입금,76,미즈호은행,장기,미즈호은행,미즈호은행,,,외국 금융회사,False,20000000000.0,천원,False
도레이첨단소재 주식회사,화학,20260617000195,감사보고서 (2026.03),별도 감사보고서 · 색인: 13. 차입금,76,미쓰이스미토모은행,장기,미쓰이스미토모은행,미쓰이스미토모은행,,,외국 금융회사,False,20000000000.0,천원,False
도레이첨단소재 주식회사,화학,20260617000195,감사보고서 (2026.03),별도 감사보고서 · 색인: 13. 차입금,76,미쓰이스미토모은행,장기,미쓰이스미토모은행,미쓰이스미토모은행,,,외국 금융회사,False,10000000000.0,천원,False
도레이첨단소재 주식회사,화학,20260617000195,감사보고서 (2026.03),별도 감사보고서 · 색인: 13. 차입금,76,미쓰이스미토모은행,장기,미쓰이스미토모은행,미쓰이스미토모은행,,,외국 금융회사,False,20000000000.0,천원,False
도레이첨단소재 주식회사,화학,20260617000195,감사보고서 (2026.03),별도 감사보고서 · 색인: 13. 차입금,76,엠유에프지은행,장기,엠유에프지은행,엠유에프지은행,,,금융회사(명단 밖),False,20000000000.0,천원,False
도레이첨단소재 주식회사,화학,20260617000195,감사보고서 (2026.03),별도 감사보고서 · 색인: 13. 차입금,76,엠유에프지은행,장기,엠유에프지은행,엠유에프지은행,,,금융회사(명단 밖),False,20000000000.0,천원,False
도레이첨단소재 주식회사,화학,20260617000195,감사보고서 (2026.03),별도 감사보고서 · 색인: 13. 차입금,76,미쓰이스미토모은행,장기,미쓰이스미토모은행,미쓰이스미토모은행,,,외국 금융회사,False,30000000000.0,천원,False
도레이첨단소재 주식회사,화학,20260617000195,감사보고서 (2026.03),별도 감사보고서 · 색인: 13. 차입금,76,엠유에프지은행,장기,엠유에프지은행,엠유에프지은행,,,금융회사(명단 밖),False,30000000000.0,천원,False
도레이첨단소재 주식회사,화학,20260617000195,감사보고서 (2026.03),별도 감사보고서 · 색인: 13. 차입금,76,미즈호은행,장기,미즈호은행,미즈호은행,,,외국 금융회사,False,20000000000.0,천원,False
도레이첨단소재 주식회사,화학,20260617000195,감사보고서 (2026.03),별도 감사보고서 · 색인: 13. 차입금,76,엠유에프지은행,장기,엠유에프지은행,엠유에프지은행,,,금융회사(명단 밖),False,20000000000.0,천원,False
도레이첨단소재 주식회사,화학,20260617000195,감사보고서 (2026.03),별도 감사보고서 · 색인: 13. 차입금,76,산업은행,장기,산업은행,산업은행,,한국산업은행,명단 금융회사,False,10000000000.0,천원,False
도레이첨단소재 주식회사,화학,20260617000195,감사보고서 (2026.03),별도 감사보고서 · 색인: 13. 차입금,76,엠유에프지은행,장기,엠유에프지은행,엠유에프지은행,,,금융회사(명단 밖),False,20000000000.0,천원,False
도레이첨단소재 주식회사,화학,20260617000195,감사보고서 (2026.03),별도 감사보고서 · 색인: 13. 차입금,76,엠유에프지은행,장기,엠유에프지은행,엠유에프지은행,,,금융회사(명단 밖),False,15000000000.0,천원,False
도레이첨단소재 주식회사,화학,20260617000195,감사보고서 (2026.03),별도 감사보고서 · 색인: 13. 차입금,76,엠유에프지은행,장기,엠유에프지은행,엠유에프지은행,,,금융회사(명단 밖),False,10000000000.0,천원,False
도레이첨단소재 주식회사,화학,20260617000195,감사보고서 (2026.03),별도 감사보고서 · 색인: 13. 차입금,76,엠유에프지은행,장기,엠유에프지은행,엠유에프지은행,,,금융회사(명단 밖),False,15000000000.0,천원,False
도레이첨단소재 주식회사,화학,20260617000195,감사보고서 (2026.03),별도 감사보고서 · 색인: 13. 차입금,76,미즈호은행,장기,미즈호은행,미즈호은행,,,외국 금융회사,False,15000000000.0,천원,False
도레이첨단소재 주식회사,화학,20260617000195,감사보고서 (2026.03),별도 감사보고서 · 색인: 13. 차입금,76,엠유에프지은행,장기,엠유에프지은행,엠유에프지은행,,,금융회사(명단 밖),False,20000000000.0,천원,False
도레이첨단소재 주식회사,화학,20260617000195,감사보고서 (2026.03),별도 감사보고서 · 색인: 13. 차입금,76,엠유에프지은행,장기,엠유에프지은행,엠유에프지은행,,,금융회사(명단 밖),False,20000000000.0,천원,False
무림피앤피(주),제지,20260313001288,사업보고서 (2025.12),별도 감사보고서 · 색인: 19. 차입금 · 수동 입력(replace),-1,수동 입력,단기(USANCE),KDB산업은행 외,KDB산업은행,,한국산업은행,명단 금융회사,True,97753259000.0,억원,False
무림피앤피(주),제지,20260313001288,사업보고서 (2025.12),별도 감사보고서 · 색인: 19. 차입금 · 수동 입력(replace),-1,수동 입력,단기,NH농협은행,NH농협은행,,농협은행(주),명단 금융회사,False,15000000000.0,억원,False
무림피앤피(주),제지,20260313001288,사업보고서 (2025.12),별도 감사보고서 · 색인: 19. 차입금 · 수동 입력(replace),-1,수동 입력,단기,KDB산업은행,KDB산업은행,,한국산업은행,명단 금융회사,False,140000000000.0,억원,False
무림피앤피(주),제지,20260313001288,사업보고서 (2025.12),별도 감사보고서 · 색인: 19. 차입금 · 수동 입력(replace),-1,수동 입력,단기(한도·무역금융),한국수출입은행 외,한국수출입은행,,한국수출입은행,명단 금융회사,True,90000000000.0,억원,False
무림피앤피(주),제지,20260313001288,사업보고서 (2025.12),별도 감사보고서 · 색인: 19. 차입금 · 수동 입력(replace),-1,수동 입력,단기(기업어음),신한투자증권,신한투자증권,증권사(CP·전단채 중개 추정),신한투자증권,명단 금융회사,False,10000000000.0,억원,False
무림피앤피(주),제지,20260313001288,사업보고서 (2025.12),별도 감사보고서 · 색인: 19. 차입금 · 수동 입력(replace),-1,수동 입력,장기(산업시설자금 등),KDB산업은행 외,KDB산업은행,,한국산업은행,명단 금융회사,True,279666667000.0,억원,False
무림피앤피(주),제지,20260313001288,사업보고서 (2025.12),별도 감사보고서 · 색인: 19. 차입금 · 수동 입력(replace),-1,수동 입력,장기(운영·환경개선),KDB산업은행,KDB산업은행,,한국산업은행,명단 금융회사,False,24056480000.0,억원,False
무림피앤피(주),제지,20260313001288,사업보고서 (2025.12),별도 감사보고서 · 색인: 19. 차입금 · 수동 입력(replace),-1,수동 입력,장기,우리은행 외,우리은행,,㈜우리은행,명단 금융회사,True,20000000000.0,억원,False
무림피앤피(주),제지,20260313001288,사업보고서 (2025.12),별도 감사보고서 · 색인: 19. 차입금 · 수동 입력(replace),-1,수동 입력,사채,사채(사모사채),사채(사모사채),,,사채(직접금융),False,126697088000.00002,억원,False
케이씨씨,시멘트·비금속,20260309001896,사업보고서 (2025.12),별도 감사보고서 · 색인: 18. 차입금,96,삼성카드(주1),단기,삼성카드 (주1),삼성카드,,삼성카드(주),명단 금융회사,False,36943020000.0,천원,False
케이씨씨,시멘트·비금속,20260309001896,사업보고서 (2025.12),별도 감사보고서 · 색인: 18. 차입금,96,비엔케이투자증권,단기,비엔케이투자증권,비엔케이투자증권,증권사(CP·전단채 중개 추정),(주)BNK투자증권,명단 금융회사,False,0.0,천원,False
케이씨씨,시멘트·비금속,20260309001896,사업보고서 (2025.12),별도 감사보고서 · 색인: 18. 차입금,96,부국증권,단기,부국증권,부국증권,증권사(CP·전단채 중개 추정),,금융회사(명단 밖),False,170000000000.0,천원,False
케이씨씨,시멘트·비금속,20260309001896,사업보고서 (2025.12),별도 감사보고서 · 색인: 18. 차입금,96,신한은행,단기,신한은행,신한은행,,신한은행,명단 금융회사,False,0.0,천원,False
케이씨씨,시멘트·비금속,20260309001896,사업보고서 (2025.12),별도 감사보고서 · 색인: 18. 차입금,96,신한은행,단기,신한은행,신한은행,,신한은행,명단 금융회사,False,390000000000.0,천원,False
케이씨씨,시멘트·비금속,20260309001896,사업보고서 (2025.12),별도 감사보고서 · 색인: 18. 차입금,96,현대차증권,단기,현대차증권,현대차증권,증권사(CP·전단채 중개 추정),현대차증권(주),명단 금융회사,False,70000000000.0,천원,False
케이씨씨,시멘트·비금속,20260309001896,사업보고서 (2025.12),별도 감사보고서 · 색인: 18. 차입금,96,아이엠증권,단기,아이엠증권,아이엠증권,증권사(CP·전단채 중개 추정),,금융회사(명단 밖),False,40000000000.0,천원,False
케이씨씨,시멘트·비금속,20260309001896,사업보고서 (2025.12),별도 감사보고서 · 색인: 18. 차입금,96,신한은행외,단기,신한은행 외,신한은행,,신한은행,명단 금융회사,True,16934748000.0,천원,False
케이씨씨,시멘트·비금속,20260309001896,사업보고서 (2025.12),별도 감사보고서 · 색인: 18. 차입금,96,신한은행외,단기,신한은행 외,신한은행,,신한은행,명단 금융회사,True,1812014000.0,천원,False
케이씨씨,시멘트·비금속,20260309001896,사업보고서 (2025.12),별도 감사보고서 · 색인: 18. 차입금,96,신한은행외,단기,신한은행 외,신한은행,,신한은행,명단 금융회사,True,2007078000.0,천원,False
케이씨씨,시멘트·비금속,20260309001896,사업보고서 (2025.12),별도 감사보고서 · 색인: 18. 차입금,96,신한은행외,단기,신한은행 외,신한은행,,신한은행,명단 금융회사,True,5630490000.0,천원,False
케이씨씨,시멘트·비금속,20260309001896,사업보고서 (2025.12),별도 감사보고서 · 색인: 18. 차입금,98,금강하나제일차유한회사,장기,금강하나제일차 유한회사,금강하나제일차유한회사,,,기타(확인 필요),False,400000000000.0,천원,False
케이씨씨,시멘트·비금속,20260309001896,사업보고서 (2025.12),별도 감사보고서 · 색인: 18. 차입금,98,산업은행외,장기,산업은행 외,산업은행,,한국산업은행,명단 금융회사,True,145000000000.0,천원,False
케이씨씨,시멘트·비금속,20260309001896,사업보고서 (2025.12),별도 감사보고서 · 색인: 18. 차입금,98,중국건설은행,장기,중국건설은행,중국건설은행,,,외국 금융회사,False,50000000000.0,천원,False
케이씨씨,시멘트·비금속,20260309001896,사업보고서 (2025.12),별도 감사보고서 · 색인: 18. 차입금,98,중국은행,장기,중국은행,중국은행,,,외국 금융회사,False,50000000000.0,천원,False
케이씨씨,시멘트·비금속,20260309001896,사업보고서 (2025.12),별도 감사보고서 · 색인: 18. 차입금,98,하나은행,장기,하나은행,하나은행,,하나은행,명단 금융회사,False,0.0,천원,False
케이씨씨,시멘트·비금속,20260309001896,사업보고서 (2025.12),별도 감사보고서 · 색인: 18. 차입금,98,현재가치할인차금,장기,하나은행,하나은행,,하나은행,명단 금융회사,False,-192038000.0,천원,False
케이씨씨,시멘트·비금속,20260309001896,사업보고서 (2025.12),별도 감사보고서 · 색인: 18. 차입금,102,제69회무보증국내사채,사채,제69회 무보증국내사채,제69회무보증국내사채,,,사채(직접금융),False,0.0,천원,False
케이씨씨,시멘트·비금속,20260309001896,사업보고서 (2025.12),별도 감사보고서 · 색인: 18. 차입금,102,제73-2회무보증국내사채,사채,제73-2회 무보증국내사채,제73-2회무보증국내사채,,,사채(직접금융),False,80000000000.0,천원,False
케이씨씨,시멘트·비금속,20260309001896,사업보고서 (2025.12),별도 감사보고서 · 색인: 18. 차입금,102,제74-1회무보증국내사채,사채,제74-1회 무보증국내사채,제74-1회무보증국내사채,,,사채(직접금융),False,0.0,천원,False
케이씨씨,시멘트·비금속,20260309001896,사업보고서 (2025.12),별도 감사보고서 · 색인: 18. 차입금,102,제74-2회무보증국내사채,사채,제74-2회 무보증국내사채,제74-2회무보증국내사채,,,사채(직접금융),False,30000000000.0,천원,False
케이씨씨,시멘트·비금속,20260309001896,사업보고서 (2025.12),별도 감사보고서 · 색인: 18. 차입금,102,제75-1회무보증국내사채,사채,제75-1회 무보증국내사채,제75-1회무보증국내사채,,,사채(직접금융),False,275000000000.0,천원,False
케이씨씨,시멘트·비금속,20260309001896,사업보고서 (2025.12),별도 감사보고서 · 색인: 18. 차입금,102,제75-2회무보증국내사채,사채,제75-2회 무보증국내사채,제75-2회무보증국내사채,,,사채(직접금융),False,45000000000.0,천원,False
케이씨씨,시멘트·비금속,20260309001896,사업보고서 (2025.12),별도 감사보고서 · 색인: 18. 차입금,102,제76-1회무보증국내사채,사채,제76-1회 무보증국내사채,제76-1회무보증국내사채,,,사채(직접금융),False,145000000000.0,천원,False
케이씨씨,시멘트·비금속,20260309001896,사업보고서 (2025.12),별도 감사보고서 · 색인: 18. 차입금,102,제76-2회무보증국내사채,사채,제76-2회 무보증국내사채,제76-2회무보증국내사채,,,사채(직접금융),False,380000000000.0,천원,False
케이씨씨,시멘트·비금속,20260309001896,사업보고서 (2025.12),별도 감사보고서 · 색인: 18. 차입금,102,제76-3회무보증국내사채,사채,제76-3회 무보증국내사채,제76-3회무보증국내사채,,,사채(직접금융),False,55000000000.0,천원,False
케이씨씨,시멘트·비금속,20260309001896,사업보고서 (2025.12),별도 감사보고서 · 색인: 18. 차입금,102,제77-1회무보증국내사채,사채,제77-1회 무보증국내사채,제77-1회무보증국내사채,,,사채(직접금융),False,80000000000.0,천원,False
케이씨씨,시멘트·비금속,20260309001896,사업보고서 (2025.12),별도 감사보고서 · 색인: 18. 차입금,102,제77-2회무보증국내사채,사채,제77-2회 무보증국내사채,제77-2회무보증국내사채,,,사채(직접금융),False,220000000000.0,천원,False
케이씨씨,시멘트·비금속,20260309001896,사업보고서 (2025.12),별도 감사보고서 · 색인: 18. 차입금,102,제78-1회무보증국내사채,사채,제78-1회 무보증국내사채,제78-1회무보증국내사채,,,사채(직접금융),False,280000000000.0,천원,False
케이씨씨,시멘트·비금속,20260309001896,사업보고서 (2025.12),별도 감사보고서 · 색인: 18. 차입금,102,제78-2회무보증국내사채,사채,제78-2회 무보증국내사채,제78-2회무보증국내사채,,,사채(직접금융),False,120000000000.0,천원,False
케이씨씨,시멘트·비금속,20260309001896,사업보고서 (2025.12),별도 감사보고서 · 색인: 18. 차입금,102,기명식무담보선순위외화표시해외교환사채,사채,기명식 무담보 선순위 외화표시 해외교환사채,기명식무담보선순위외화표시해외교환사채,,,사채(직접금융),False,932685000000.0,천원,False
금호피앤비화학 주식회사,화학,20260327000901,감사보고서 (2025.12),별도 감사보고서 · 색인: 23. 차입금,164,NH농협은행,단기,NH농협은행,NH농협은행,,농협은행(주),명단 금융회사,False,2556735957.0,원,False
금호피앤비화학 주식회사,화학,20260327000901,감사보고서 (2025.12),별도 감사보고서 · 색인: 23. 차입금,164,신한은행,단기,신한은행,신한은행,,신한은행,명단 금융회사,False,5078419948.0,원,False
금호피앤비화학 주식회사,화학,20260327000901,감사보고서 (2025.12),별도 감사보고서 · 색인: 23. 차입금,164,우리은행,단기,우리은행,우리은행,,㈜우리은행,명단 금융회사,False,3565297285.0,원,False
금호피앤비화학 주식회사,화학,20260327000901,감사보고서 (2025.12),별도 감사보고서 · 색인: 23. 차입금,164,하나은행,단기,하나은행,하나은행,,하나은행,명단 금융회사,False,5543707110.0,원,False
금호피앤비화학 주식회사,화학,20260327000901,감사보고서 (2025.12),별도 감사보고서 · 색인: 23. 차입금,164,KB국민은행,단기,KB국민은행,KB국민은행,,국민은행,명단 금융회사,False,1496445433.0,원,False
금호피앤비화학 주식회사,화학,20260327000901,감사보고서 (2025.12),별도 감사보고서 · 색인: 23. 차입금,164,한국수출입은행,단기,한국수출입은행,한국수출입은행,,한국수출입은행,명단 금융회사,False,20000000000.0,원,False
주식회사 에어퍼스트,화학,20260331001362,감사보고서 (2025.12),별도 감사보고서 · 색인: 19. 차입금 · 수동 입력(replace),-1,수동 입력,단기,우리은행,우리은행,,㈜우리은행,명단 금융회사,False,41635236000.0,억원,False
주식회사 에어퍼스트,화학,20260331001362,감사보고서 (2025.12),별도 감사보고서 · 색인: 19. 차입금 · 수동 입력(replace),-1,수동 입력,장기,한국산업은행,한국산업은행,,한국산업은행,명단 금융회사,False,52500000000.0,억원,False
주식회사 에어퍼스트,화학,20260331001362,감사보고서 (2025.12),별도 감사보고서 · 색인: 19. 차입금 · 수동 입력(replace),-1,수동 입력,장기,신한은행,신한은행,,신한은행,명단 금융회사,False,80000000000.0,억원,False
주식회사 에어퍼스트,화학,20260331001362,감사보고서 (2025.12),별도 감사보고서 · 색인: 19. 차입금 · 수동 입력(replace),-1,수동 입력,장기,한국수출입은행,한국수출입은행,,한국수출입은행,명단 금융회사,False,11000000000.0,억원,False
주식회사 에어퍼스트,화학,20260331001362,감사보고서 (2025.12),별도 감사보고서 · 색인: 19. 차입금 · 수동 입력(replace),-1,수동 입력,장기,신디케이트론(대주단 미기재),신디케이트론(대주단미기재),,,기타(확인 필요),False,250000000000.0,억원,False
한화임팩트 주식회사,화학,20260324000839,감사보고서 (2025.12),별도 감사보고서 · 색인: 14. 차입금 및 사채,70,운전자금,단기,(주)국민은행,국민은행,,국민은행,명단 금융회사,False,50000000000.0,천원,False
한화임팩트 주식회사,화학,20260324000839,감사보고서 (2025.12),별도 감사보고서 · 색인: 14. 차입금 및 사채,70,(주)국민은행,단기,(주)국민은행,국민은행,,국민은행,명단 금융회사,False,0.0,천원,False
한화임팩트 주식회사,화학,20260324000839,감사보고서 (2025.12),별도 감사보고서 · 색인: 14. 차입금 및 사채,70,(주)신한은행,단기,(주)신한은행,신한은행,,신한은행,명단 금융회사,False,40000000000.0,천원,False
한화임팩트 주식회사,화학,20260324000839,감사보고서 (2025.12),별도 감사보고서 · 색인: 14. 차입금 및 사채,70,중국광대은행,단기,중국광대은행,중국광대은행,,,금융회사(명단 밖),False,10000000000.0,천원,False
한화임팩트 주식회사,화학,20260324000839,감사보고서 (2025.12),별도 감사보고서 · 색인: 14. 차입금 및 사채,70,중국농업은행,단기,중국농업은행,중국농업은행,,,금융회사(명단 밖),False,50000000000.0,천원,False
한화임팩트 주식회사,화학,20260324000839,감사보고서 (2025.12),별도 감사보고서 · 색인: 14. 차입금 및 사채,70,미래에셋증권(주),단기,미래에셋증권(주),미래에셋증권,증권사(CP·전단채 중개 추정),미래에셋증권(주),명단 금융회사,False,160000000000.0,천원,False
한화임팩트 주식회사,화학,20260324000839,감사보고서 (2025.12),별도 감사보고서 · 색인: 14. 차입금 및 사채,70,미래에셋증권(주),단기,미래에셋증권(주),미래에셋증권,증권사(CP·전단채 중개 추정),미래에셋증권(주),명단 금융회사,False,0.0,천원,False
한화임팩트 주식회사,화학,20260324000839,감사보고서 (2025.12),별도 감사보고서 · 색인: 14. 차입금 및 사채,70,시설자금,단기,(주)하나은행,하나은행,,하나은행,명단 금융회사,False,80000000000.0,천원,False
한화임팩트 주식회사,화학,20260324000839,감사보고서 (2025.12),별도 감사보고서 · 색인: 14. 차입금 및 사채,70,(주)하나은행,단기,(주)하나은행,하나은행,,하나은행,명단 금융회사,False,0.0,천원,False
한화임팩트 주식회사,화학,20260324000839,감사보고서 (2025.12),별도 감사보고서 · 색인: 14. 차입금 및 사채,70,CP,단기,(주)신한은행,신한은행,,신한은행,명단 금융회사,False,30000000000.0,천원,False
한화임팩트 주식회사,화학,20260324000839,감사보고서 (2025.12),별도 감사보고서 · 색인: 14. 차입금 및 사채,70,(주)우리투자증권,단기,(주)우리투자증권,우리투자증권,증권사(CP·전단채 중개 추정),㈜우리투자증권,명단 금융회사,False,30000000000.0,천원,False
한화임팩트 주식회사,화학,20260324000839,감사보고서 (2025.12),별도 감사보고서 · 색인: 14. 차입금 및 사채,70,(주)우리투자증권,단기,(주)우리투자증권,우리투자증권,증권사(CP·전단채 중개 추정),㈜우리투자증권,명단 금융회사,False,50000000000.0,천원,False
한화임팩트 주식회사,화학,20260324000839,감사보고서 (2025.12),별도 감사보고서 · 색인: 14. 차입금 및 사채,70,(주)우리투자증권,단기,(주)우리투자증권,우리투자증권,증권사(CP·전단채 중개 추정),㈜우리투자증권,명단 금융회사,False,50000000000.0,천원,False
한화임팩트 주식회사,화학,20260324000839,감사보고서 (2025.12),별도 감사보고서 · 색인: 14. 차입금 및 사채,70,(주)우리투자증권,단기,(주)우리투자증권,우리투자증권,증권사(CP·전단채 중개 추정),㈜우리투자증권,명단 금융회사,False,0.0,천원,False
한화임팩트 주식회사,화학,20260324000839,감사보고서 (2025.12),별도 감사보고서 · 색인: 14. 차입금 및 사채,70,메리츠증권(주),단기,메리츠증권(주),메리츠증권,증권사(CP·전단채 중개 추정),메리츠증권(주),명단 금융회사,False,100000000000.0,천원,False
한화임팩트 주식회사,화학,20260324000839,감사보고서 (2025.12),별도 감사보고서 · 색인: 14. 차입금 및 사채,71,장기차입금(시설자금),장기,한국산업은행(*),한국산업은행,,한국산업은행,명단 금융회사,False,32500000000.0,천원,False
한화임팩트 주식회사,화학,20260324000839,감사보고서 (2025.12),별도 감사보고서 · 색인: 14. 차입금 및 사채,71,한국산업은행,장기,한국산업은행,한국산업은행,,한국산업은행,명단 금융회사,False,57000000000.0,천원,False
한화임팩트 주식회사,화학,20260324000839,감사보고서 (2025.12),별도 감사보고서 · 색인: 14. 차입금 및 사채,71,(주)우리은행,장기,(주)우리은행,우리은행,,㈜우리은행,명단 금융회사,False,80000000000.0,천원,False
한화임팩트 주식회사,화학,20260324000839,감사보고서 (2025.12),별도 감사보고서 · 색인: 14. 차입금 및 사채,71,장기차입금(운전자금),장기,(주)우리은행,우리은행,,㈜우리은행,명단 금융회사,False,70000000000.0,천원,False
한화임팩트 주식회사,화학,20260324000839,감사보고서 (2025.12),별도 감사보고서 · 색인: 14. 차입금 및 사채,71,(주)신한은행,장기,(주)신한은행,신한은행,,신한은행,명단 금융회사,False,0.0,천원,False
한화임팩트 주식회사,화학,20260324000839,감사보고서 (2025.12),별도 감사보고서 · 색인: 14. 차입금 및 사채,71,사채,장기,(주)신한은행 홍콩지점,신한은행홍콩지점,,,금융회사(명단 밖),False,43047000000.0,천원,False
코오롱인더스트리 주식회사,화학,,, · 수동 입력(replace),-1,수동 입력,단기+장기,㈜우리은행,우리은행,,㈜우리은행,명단 금융회사,False,170000000000.0,억원,False
코오롱인더스트리 주식회사,화학,,, · 수동 입력(replace),-1,수동 입력,단기+장기,농협은행㈜,농협은행,,농협은행(주),명단 금융회사,False,126000000000.0,억원,False
코오롱인더스트리 주식회사,화학,,, · 수동 입력(replace),-1,수동 입력,단기,SMBC,SMBC,,,외국 금융회사,False,35000000000.0,억원,False
코오롱인더스트리 주식회사,화학,,, · 수동 입력(replace),-1,수동 입력,단기+장기(원화·외화),㈜하나은행,하나은행,,하나은행,명단 금융회사,False,220070500000.0,억원,False
코오롱인더스트리 주식회사,화학,,, · 수동 입력(replace),-1,수동 입력,단기+장기,한국산업은행,한국산업은행,,한국산업은행,명단 금융회사,False,520000000000.0,억원,False
코오롱인더스트리 주식회사,화학,,, · 수동 입력(replace),-1,수동 입력,단기+장기,㈜국민은행,국민은행,,국민은행,명단 금융회사,False,89000000000.0,억원,False
코오롱인더스트리 주식회사,화학,,, · 수동 입력(replace),-1,수동 입력,단기,UOB,UOB,,,기타(확인 필요),False,25000000000.0,억원,False
코오롱인더스트리 주식회사,화학,,, · 수동 입력(replace),-1,수동 입력,단기,미즈호은행,미즈호은행,,,외국 금융회사,False,35000000000.0,억원,False
코오롱인더스트리 주식회사,화학,,, · 수동 입력(replace),-1,수동 입력,단기,중국은행,중국은행,,,외국 금융회사,False,50000000000.0,억원,False
코오롱인더스트리 주식회사,화학,,, · 수동 입력(replace),-1,수동 입력,단기(외화),수협은행,수협은행,,수협은행,명단 금융회사,False,43047000000.0,억원,False
코오롱인더스트리 주식회사,화학,,, · 수동 입력(replace),-1,수동 입력,단기(외화),중국공상은행,중국공상은행,,,외국 금융회사,False,20476000000.0,억원,False
코오롱인더스트리 주식회사,화학,,, · 수동 입력(replace),-1,수동 입력,단기,매출채권의 양도(차입처 미기재),매출채권의양도(차입처미기재),,,사채(직접금융),False,42710022000.0,억원,False
코오롱인더스트리 주식회사,화학,,, · 수동 입력(replace),-1,수동 입력,장기,한국수출입은행,한국수출입은행,,한국수출입은행,명단 금융회사,False,9500000000.0,억원,False
코오롱인더스트리 주식회사,화학,,, · 수동 입력(replace),-1,수동 입력,장기(유동화),우리케이제일차,우리케이제일차,,,기타(확인 필요),False,50000000000.0,억원,False
코오롱인더스트리 주식회사,화학,,, · 수동 입력(replace),-1,수동 입력,장기(유동화),우리케이제삼차,우리케이제삼차,,,기타(확인 필요),False,30000000000.0,억원,False
코오롱인더스트리 주식회사,화학,,, · 수동 입력(replace),-1,수동 입력,장기(유동화),하나헤라크론제일차,하나헤라크론제일차,,,기타(확인 필요),False,250000000000.0,억원,False
코오롱인더스트리 주식회사,화학,,, · 수동 입력(replace),-1,수동 입력,장기,중국건설은행,중국건설은행,,,외국 금융회사,False,50000000000.0,억원,False
코오롱인더스트리 주식회사,화학,,, · 수동 입력(replace),-1,수동 입력,사채,사채(공모·사모·외화),사채(공모·사모·외화),,,사채(직접금융),False,582007169000.0,억원,False
린데코리아 주식회사,화학,20260408003250,감사보고서 (2025.12),별도 감사보고서 · 목차: 10. 차입금,45,단기차입금(BankOverdraft),차입금,뱅크오브아메리카,뱅크오브아메리카,,,기타(확인 필요),False,0.0,천원,False
린데코리아 주식회사,화학,20260408003250,감사보고서 (2025.12),별도 감사보고서 · 목차: 10. 차입금,45,특수관계자장기차입금,차입금,BOC Korea Holdings Limited,BOCKoreaHoldingsLimited,,,외국 금융회사,False,6742880000.0,천원,False
한국타이어앤테크놀로지(주),고무·플라스틱,20260318000959,사업보고서 (2025.12),별도 감사보고서 · 색인: 19. 차입금,170,매출채권의양도(*1),단기,우리은행 등,우리은행,,㈜우리은행,명단 금융회사,True,197501587000.0,천원,False
한국타이어앤테크놀로지(주),고무·플라스틱,20260318000959,사업보고서 (2025.12),별도 감사보고서 · 색인: 19. 차입금,170,은행차입금,단기,중국공상은행,중국공상은행,,,외국 금융회사,False,70000000000.0,천원,False
한국타이어앤테크놀로지(주),고무·플라스틱,20260318000959,사업보고서 (2025.12),별도 감사보고서 · 색인: 19. 차입금,170,BankMendesGans(BMG),단기,Bank Mendes Gans(BMG),BankMendesGans(BMG),,,외국 금융회사,False,0.0,천원,False
한국타이어앤테크놀로지(주),고무·플라스틱,20260318000959,사업보고서 (2025.12),별도 감사보고서 · 색인: 19. 차입금,170,관계사차입금,단기,Hankook Tire Hungary Ltd.,HankookTireHungaryLtd.,,,기타(확인 필요),False,161829120000.0,천원,False
한국타이어앤테크놀로지(주),고무·플라스틱,20260318000959,사업보고서 (2025.12),별도 감사보고서 · 색인: 19. 차입금,172,제84-2회무보증,사채,제84-2회 무보증,제84-2회무보증,,,사채(직접금융),False,0.0,천원,False
한국타이어앤테크놀로지(주),고무·플라스틱,20260318000959,사업보고서 (2025.12),별도 감사보고서 · 색인: 19. 차입금,172,제85-1회무보증,사채,제85-1회 무보증,제85-1회무보증,,,사채(직접금융),False,0.0,천원,False
한국타이어앤테크놀로지(주),고무·플라스틱,20260318000959,사업보고서 (2025.12),별도 감사보고서 · 색인: 19. 차입금,172,제85-2회무보증,사채,제85-2회 무보증,제85-2회무보증,,,사채(직접금융),False,0.0,천원,False
한국타이어앤테크놀로지(주),고무·플라스틱,20260318000959,사업보고서 (2025.12),별도 감사보고서 · 색인: 19. 차입금,172,제85-3회무보증,사채,제85-3회 무보증,제85-3회무보증,,,사채(직접금융),False,0.0,천원,False
한국타이어앤테크놀로지(주),고무·플라스틱,20260318000959,사업보고서 (2025.12),별도 감사보고서 · 색인: 19. 차입금,168,사채,사채,사채(구성내역 표),사채,,,사채(직접금융),False,459057325000.0,,False
어프로티움 주식회사,화학,20260327000466,감사보고서 (2025.12),별도 감사보고서 · 색인: 17. 차입금,97,단기차입금,차입금,KB국민은행(*1),KB국민은행,,국민은행,명단 금융회사,False,10400000000.0,천원,False
어프로티움 주식회사,화학,20260327000466,감사보고서 (2025.12),별도 감사보고서 · 색인: 17. 차입금,97,운전자금,차입금,KDB산업은행(*1),KDB산업은행,,한국산업은행,명단 금융회사,False,40000000000.0,천원,False
어프로티움 주식회사,화학,20260327000466,감사보고서 (2025.12),별도 감사보고서 · 색인: 17. 차입금,97,NH농협은행,차입금,NH농협은행,NH농협은행,,농협은행(주),명단 금융회사,False,1200000000.0,천원,False
어프로티움 주식회사,화학,20260327000466,감사보고서 (2025.12),별도 감사보고서 · 색인: 17. 차입금,97,KB국민은행(*1),차입금,KB국민은행(*1),KB국민은행,,국민은행,명단 금융회사,False,16000000000.0,천원,False
어프로티움 주식회사,화학,20260327000466,감사보고서 (2025.12),별도 감사보고서 · 색인: 17. 차입금,97,신한은행,차입금,신한은행,신한은행,,신한은행,명단 금융회사,False,12000000000.0,천원,False
어프로티움 주식회사,화학,20260327000466,감사보고서 (2025.12),별도 감사보고서 · 색인: 17. 차입금,97,우리은행,차입금,우리은행,우리은행,,㈜우리은행,명단 금융회사,False,10000000000.0,천원,False
어프로티움 주식회사,화학,20260327000466,감사보고서 (2025.12),별도 감사보고서 · 색인: 17. 차입금,97,장기차입금,차입금,KDB산업은행(*1),KDB산업은행,,한국산업은행,명단 금융회사,False,28700000000.0,천원,False
어프로티움 주식회사,화학,20260327000466,감사보고서 (2025.12),별도 감사보고서 · 색인: 17. 차입금,97,KB국민은행(*1),차입금,KB국민은행(*1),KB국민은행,,국민은행,명단 금융회사,False,0.0,천원,False
어프로티움 주식회사,화학,20260327000466,감사보고서 (2025.12),별도 감사보고서 · 색인: 17. 차입금,97,신한은행(*1),차입금,신한은행(*1),신한은행,,신한은행,명단 금융회사,False,65000000000.0,천원,False
어프로티움 주식회사,화학,20260327000466,감사보고서 (2025.12),별도 감사보고서 · 색인: 17. 차입금,97,운전자금,차입금,KB국민은행(*1),KB국민은행,,국민은행,명단 금융회사,False,0.0,천원,False
어프로티움 주식회사,화학,20260327000466,감사보고서 (2025.12),별도 감사보고서 · 색인: 17. 차입금,97,우리은행,차입금,우리은행,우리은행,,㈜우리은행,명단 금융회사,False,9000000000.0,천원,False
에스케이어드밴스드주식회사,화학,20260331003374,사업보고서 (2025.12),별도 감사보고서 · 색인: 12. 사채 및 차입금 · 기준값 원문 확인,96,하나은행,단기,하나은행,하나은행,,하나은행,명단 금융회사,False,10000000000.0,천원,False
에스케이어드밴스드주식회사,화학,20260331003374,사업보고서 (2025.12),별도 감사보고서 · 색인: 12. 사채 및 차입금 · 기준값 원문 확인,96,4.35,단기,하나은행,하나은행,,하나은행,명단 금융회사,False,10000000000.0,천원,False
에스케이어드밴스드주식회사,화학,20260331003374,사업보고서 (2025.12),별도 감사보고서 · 색인: 12. 사채 및 차입금 · 기준값 원문 확인,96,국민은행(주1),단기,국민은행(주1),국민은행,,국민은행,명단 금융회사,False,20000000000.0,천원,False
에스케이어드밴스드주식회사,화학,20260331003374,사업보고서 (2025.12),별도 감사보고서 · 색인: 12. 사채 및 차입금 · 기준값 원문 확인,96,5.02,단기,국민은행(주1),국민은행,,국민은행,명단 금융회사,False,10000000000.0,천원,False
에스케이어드밴스드주식회사,화학,20260331003374,사업보고서 (2025.12),별도 감사보고서 · 색인: 12. 사채 및 차입금 · 기준값 원문 확인,96,5.24,단기,국민은행(주1),국민은행,,국민은행,명단 금융회사,False,10000000000.0,천원,False
에스케이어드밴스드주식회사,화학,20260331003374,사업보고서 (2025.12),별도 감사보고서 · 색인: 12. 사채 및 차입금 · 기준값 원문 확인,96,우리은행,단기,우리은행,우리은행,,㈜우리은행,명단 금융회사,False,10000000000.0,천원,False
에스케이어드밴스드주식회사,화학,20260331003374,사업보고서 (2025.12),별도 감사보고서 · 색인: 12. 사채 및 차입금 · 기준값 원문 확인,96,신한은행,단기,신한은행,신한은행,,신한은행,명단 금융회사,False,10000000000.0,천원,False
에스케이어드밴스드주식회사,화학,20260331003374,사업보고서 (2025.12),별도 감사보고서 · 색인: 12. 사채 및 차입금 · 기준값 원문 확인,96,농협은행(주2),단기,농협은행(주2),농협은행,,농협은행(주),명단 금융회사,False,20000000000.0,천원,False
에스케이어드밴스드주식회사,화학,20260331003374,사업보고서 (2025.12),별도 감사보고서 · 색인: 12. 사채 및 차입금 · 기준값 원문 확인,96,리버스제일차㈜,단기,리버스제일차㈜,리버스제일차,,,기타(확인 필요),False,70000000000.0,천원,False
에스케이어드밴스드주식회사,화학,20260331003374,사업보고서 (2025.12),별도 감사보고서 · 색인: 12. 사채 및 차입금 · 기준값 원문 확인,102,KDB산업은행,장기,KDB산업은행,KDB산업은행,,한국산업은행,명단 금융회사,False,72000000000.0,천원,False
에스케이어드밴스드주식회사,화학,20260331003374,사업보고서 (2025.12),별도 감사보고서 · 색인: 12. 사채 및 차입금 · 기준값 원문 확인,102,장기기업어음(CP),장기,KDB산업은행,KDB산업은행,,한국산업은행,명단 금융회사,False,0.0,천원,False
에스케이어드밴스드주식회사,화학,20260331003374,사업보고서 (2025.12),별도 감사보고서 · 색인: 12. 사채 및 차입금 · 기준값 원문 확인,104,제2호외화사모사채(주1),사채,제2호 외화사모사채(주1),제2호외화사모사채,,,사채(직접금융),False,34437600000.0,천원,False
에스케이어드밴스드주식회사,화학,20260331003374,사업보고서 (2025.12),별도 감사보고서 · 색인: 12. 사채 및 차입금 · 기준값 원문 확인,104,"제3호외화사모사채(주1),(주2)",사채,"제3호 외화사모사채(주1),(주2)","제3호외화사모사채,",,,사채(직접금융),False,21523500000.0,천원,False
에스케이어드밴스드주식회사,화학,20260331003374,사업보고서 (2025.12),별도 감사보고서 · 색인: 12. 사채 및 차입금 · 기준값 원문 확인,104,제4-2호무보증공모사채,사채,제4-2호 무보증공모사채,제4-2호무보증공모사채,,,사채(직접금융),False,0.0,천원,False
에스케이어드밴스드주식회사,화학,20260331003374,사업보고서 (2025.12),별도 감사보고서 · 색인: 12. 사채 및 차입금 · 기준값 원문 확인,104,제7호무보증사모사채(주3),사채,제7호 무보증사모사채(주3),제7호무보증사모사채,,,사채(직접금융),False,30000000000.0,천원,False
에스케이어드밴스드주식회사,화학,20260331003374,사업보고서 (2025.12),별도 감사보고서 · 색인: 12. 사채 및 차입금 · 기준값 원문 확인,104,제8호무보증사모사채,사채,제8호 무보증사모사채,제8호무보증사모사채,,,사채(직접금융),False,10000000000.0,천원,False
에스케이어드밴스드주식회사,화학,20260331003374,사업보고서 (2025.12),별도 감사보고서 · 색인: 12. 사채 및 차입금 · 기준값 원문 확인,104,제9호무보증사모사채,사채,제9호 무보증사모사채,제9호무보증사모사채,,,사채(직접금융),False,10000000000.0,천원,False
에스케이어드밴스드주식회사,화학,20260331003374,사업보고서 (2025.12),별도 감사보고서 · 색인: 12. 사채 및 차입금 · 기준값 원문 확인,104,제10호무보증사모사채,사채,제10호 무보증사모사채,제10호무보증사모사채,,,사채(직접금융),False,40000000000.0,천원,False
에스케이어드밴스드주식회사,화학,20260331003374,사업보고서 (2025.12),별도 감사보고서 · 색인: 12. 사채 및 차입금 · 기준값 원문 확인,104,제11호무보증사모사채,사채,제11호 무보증사모사채,제11호무보증사모사채,,,사채(직접금융),False,10000000000.0,천원,False
에스케이어드밴스드주식회사,화학,20260331003374,사업보고서 (2025.12),별도 감사보고서 · 색인: 12. 사채 및 차입금 · 기준값 원문 확인,104,제12-1호무보증공모사채,사채,제12-1호 무보증공모사채,제12-1호무보증공모사채,,,사채(직접금융),False,0.0,천원,False
에스케이어드밴스드주식회사,화학,20260331003374,사업보고서 (2025.12),별도 감사보고서 · 색인: 12. 사채 및 차입금 · 기준값 원문 확인,104,제12-2호무보증공모사채,사채,제12-2호 무보증공모사채,제12-2호무보증공모사채,,,사채(직접금융),False,39000000000.0,천원,False
에스케이어드밴스드주식회사,화학,20260331003374,사업보고서 (2025.12),별도 감사보고서 · 색인: 12. 사채 및 차입금 · 기준값 원문 확인,104,제13호무보증사모사채,사채,제13호 무보증사모사채,제13호무보증사모사채,,,사채(직접금융),False,30000000000.0,천원,False
에스케이어드밴스드주식회사,화학,20260331003374,사업보고서 (2025.12),별도 감사보고서 · 색인: 12. 사채 및 차입금 · 기준값 원문 확인,104,제14-1호무보증공모사채(주4),사채,제14-1호 무보증공모사채(주4),제14-1호무보증공모사채,,,사채(직접금융),False,26000000000.0,천원,False
에스케이어드밴스드주식회사,화학,20260331003374,사업보고서 (2025.12),별도 감사보고서 · 색인: 12. 사채 및 차입금 · 기준값 원문 확인,104,제14-2호무보증공모사채,사채,제14-2호 무보증공모사채,제14-2호무보증공모사채,,,사채(직접금융),False,73879500000.0,천원,False
코닝정밀소재 주식회사,시멘트·비금속,20260403002745,감사보고서 (2025.12),별도 감사보고서 · 색인: 19. 차입금 · 수동 입력(replace),-1,수동 입력,단기(전환권부),Corning Hungary Data Services LLC(계열사),CorningHungaryDataServicesLLC(계열사),,,외국 금융회사,False,2074118400000.0,억원,False
주식회사 태경비케이,시멘트·비금속,20260319000934,사업보고서 (2025.12),별도 감사보고서 · 색인: 16. 차입금,88,일반자금대출,단기,산업은행,산업은행,,한국산업은행,명단 금융회사,False,0.0,원,False
주식회사 태경비케이,시멘트·비금속,20260319000934,사업보고서 (2025.12),별도 감사보고서 · 색인: 16. 차입금,88,외화대출,단기,신한은행,신한은행,,신한은행,명단 금융회사,False,2892758400.0,원,False
주식회사 태경비케이,시멘트·비금속,20260319000934,사업보고서 (2025.12),별도 감사보고서 · 색인: 16. 차입금,88,산업시설자금대출,단기,산업은행,산업은행,,한국산업은행,명단 금융회사,False,72000000000.0,원,False
엘에스엠앤엠 주식회사,철강·금속,20260331004693,감사보고서 (2025.12),별도 감사보고서 · 색인: 24. 차입금,127,Usance(외화차입금)(*),차입금,신한은행 외 7개 금융기관,신한은행외7개금융기관,,,금융회사(명단 밖),False,2400704000000.0,백만원,False
엘에스엠앤엠 주식회사,철강·금속,20260331004693,감사보고서 (2025.12),별도 감사보고서 · 색인: 24. 차입금,127,원화단기차입금,차입금,산업은행,산업은행,,한국산업은행,명단 금융회사,False,50000000000.0,백만원,False
엘에스엠앤엠 주식회사,철강·금속,20260331004693,감사보고서 (2025.12),별도 감사보고서 · 색인: 24. 차입금,127,CP,차입금,삼성자산운용,삼성자산운용,,삼성자산운용,명단 금융회사,False,0.0,백만원,False
엘에스엠앤엠 주식회사,철강·금속,20260331004693,감사보고서 (2025.12),별도 감사보고서 · 색인: 24. 차입금,127,원화장기차입금,차입금,산업은행,산업은행,,한국산업은행,명단 금융회사,False,270000000000.0,백만원,False
주식회사 영풍,철강·금속,20260317000753,사업보고서 (2025.12),별도 감사보고서 · 색인: 18. 차입금 · 수동 입력(replace),-1,수동 입력,단기,하나은행 외,하나은행,,하나은행,명단 금융회사,True,54547286000.0,억원,False
주식회사 영풍,철강·금속,20260317000753,사업보고서 (2025.12),별도 감사보고서 · 색인: 18. 차입금 · 수동 입력(replace),-1,수동 입력,장기(국민주택기금),국민은행,국민은행,,국민은행,명단 금융회사,False,76513000.0,억원,False
주식회사 영풍,철강·금속,20260317000753,사업보고서 (2025.12),별도 감사보고서 · 색인: 18. 차입금 · 수동 입력(replace),-1,수동 입력,장기(국민주택기금),우리은행,우리은행,,㈜우리은행,명단 금융회사,False,4009052000.0,억원,False
주식회사 영풍,철강·금속,20260317000753,사업보고서 (2025.12),별도 감사보고서 · 색인: 18. 차입금 · 수동 입력(replace),-1,수동 입력,장기(유동화 SPC),롱리치하나제일차(유),롱리치하나제일차(유),,,기타(확인 필요),False,50000000000.0,억원,False
삼성전기 주식회사,전자·반도체,20260310003071,사업보고서 (2025.12),별도 감사보고서 · 색인: 14. 차입금,90,신한은행외3곳,단기,신한은행 외 3곳,신한은행,,신한은행,명단 금융회사,True,1213903625000.0,천원,False
삼성에스디아이 주식회사,기타 제조,20260310002954,사업보고서 (2025.12),별도 감사보고서 · 색인: 16. 차입금 · 수동 입력(replace),-1,수동 입력,단기,우리은행,우리은행,,㈜우리은행,명단 금융회사,False,100000000000.0,억원,False
삼성에스디아이 주식회사,기타 제조,20260310002954,사업보고서 (2025.12),별도 감사보고서 · 색인: 16. 차입금 · 수동 입력(replace),-1,수동 입력,단기,국민은행,국민은행,,국민은행,명단 금융회사,False,150000000000.0,억원,False
삼성에스디아이 주식회사,기타 제조,20260310002954,사업보고서 (2025.12),별도 감사보고서 · 색인: 16. 차입금 · 수동 입력(replace),-1,수동 입력,단기,하나은행,하나은행,,하나은행,명단 금융회사,False,200000000000.0,억원,False
삼성에스디아이 주식회사,기타 제조,20260310002954,사업보고서 (2025.12),별도 감사보고서 · 색인: 16. 차입금 · 수동 입력(replace),-1,수동 입력,단기,농협은행,농협은행,,농협은행(주),명단 금융회사,False,200000000000.0,억원,False
삼성에스디아이 주식회사,기타 제조,20260310002954,사업보고서 (2025.12),별도 감사보고서 · 색인: 16. 차입금 · 수동 입력(replace),-1,수동 입력,단기,신한은행,신한은행,,신한은행,명단 금융회사,False,200000000000.0,억원,False
삼성에스디아이 주식회사,기타 제조,20260310002954,사업보고서 (2025.12),별도 감사보고서 · 색인: 16. 차입금 · 수동 입력(replace),-1,수동 입력,단기,MUFG Bank,MUFGBank,,,외국 금융회사,False,429907883000.00006,억원,False
삼성에스디아이 주식회사,기타 제조,20260310002954,사업보고서 (2025.12),별도 감사보고서 · 색인: 16. 차입금 · 수동 입력(replace),-1,수동 입력,단기,DBS Bank,DBSBank,,,외국 금융회사,False,312570850000.0,억원,False
삼성에스디아이 주식회사,기타 제조,20260310002954,사업보고서 (2025.12),별도 감사보고서 · 색인: 16. 차입금 · 수동 입력(replace),-1,수동 입력,단기,UOB,UOB,,,기타(확인 필요),False,78919500000.0,억원,False
삼성에스디아이 주식회사,기타 제조,20260310002954,사업보고서 (2025.12),별도 감사보고서 · 색인: 16. 차입금 · 수동 입력(replace),-1,수동 입력,단기,Credit Agricole,CreditAgricole,,,외국 금융회사,False,337201500000.0,억원,False
삼성에스디아이 주식회사,기타 제조,20260310002954,사업보고서 (2025.12),별도 감사보고서 · 색인: 16. 차입금 · 수동 입력(replace),-1,수동 입력,장기,한국수출입은행,한국수출입은행,,한국수출입은행,명단 금융회사,False,300000000000.0,억원,False
엘지이노텍 주식회사,전자·반도체,20260312001270,사업보고서 (2025.12),별도 감사보고서 · 색인: 13. 차입금 · 수동 입력(replace),-1,수동 입력,장기,한국산업은행 외,한국산업은행,,한국산업은행,명단 금융회사,True,1053929000000.0001,억원,False
엘지이노텍 주식회사,전자·반도체,20260312001270,사업보고서 (2025.12),별도 감사보고서 · 색인: 13. 차입금 · 수동 입력(replace),-1,수동 입력,사채,사채,사채,,,사채(직접금융),False,780586000000.0,억원,False
(주)씨텍,발전·에너지,20260318000271,감사보고서 (2025.12),별도 감사보고서 · 색인: 11. 차입금,49,(주)LG화학,장기,(주)LG화학,LG화학,,,기타(확인 필요),False,800000000.0,천원,False
인천종합에너지(주),발전·에너지,20260323001189,감사보고서 (2025.12),별도 감사보고서 · 색인: 13. 차입금,112,일반자금대출,차입금,산업은행,산업은행,,한국산업은행,명단 금융회사,False,7000000000.0,천원,False
인천종합에너지(주),발전·에너지,20260323001189,감사보고서 (2025.12),별도 감사보고서 · 색인: 13. 차입금,112,일반자금대출,차입금,신한은행,신한은행,,신한은행,명단 금융회사,False,0.0,천원,False
인천종합에너지(주),발전·에너지,20260323001189,감사보고서 (2025.12),별도 감사보고서 · 색인: 13. 차입금,112,일반자금대출,차입금,산업은행,산업은행,,한국산업은행,명단 금융회사,False,44000000000.0,천원,False
인천종합에너지(주),발전·에너지,20260323001189,감사보고서 (2025.12),별도 감사보고서 · 색인: 13. 차입금,112,일반자금대출,차입금,산업은행,산업은행,,한국산업은행,명단 금융회사,False,49000000000.0,천원,False
인천종합에너지(주),발전·에너지,20260323001189,감사보고서 (2025.12),별도 감사보고서 · 색인: 13. 차입금,112,일반자금대출,차입금,산업은행,산업은행,,한국산업은행,명단 금융회사,False,0.0,천원,False
인천종합에너지(주),발전·에너지,20260323001189,감사보고서 (2025.12),별도 감사보고서 · 색인: 13. 차입금,112,일반자금대출,차입금,신한은행,신한은행,,신한은행,명단 금융회사,False,0.0,천원,False
인천종합에너지(주),발전·에너지,20260323001189,감사보고서 (2025.12),별도 감사보고서 · 색인: 13. 차입금,112,일반자금대출,차입금,신한은행,신한은행,,신한은행,명단 금융회사,False,27200000000.0,천원,False
인천종합에너지(주),발전·에너지,20260323001189,감사보고서 (2025.12),별도 감사보고서 · 색인: 13. 차입금,112,일반자금대출,차입금,신한은행,신한은행,,신한은행,명단 금융회사,False,37200000000.0,천원,False
인천종합에너지(주),발전·에너지,20260323001189,감사보고서 (2025.12),별도 감사보고서 · 색인: 13. 차입금,112,에너지이용합리화자금대출,차입금,신한은행,신한은행,,신한은행,명단 금융회사,False,386000000.0,천원,False
한국가스공사,발전·에너지,20260323001058,사업보고서 (2025.12),"별도 감사보고서 · 목차: 18. 차입금, 19. 사채 · 기준값 원문 확인",169,원화차입금(전자단기사채),단기,DB증권,DB증권,증권사(CP·전단채 중개 추정),DB증권(주),명단 금융회사,False,0.0,백만원,False
한국가스공사,발전·에너지,20260323001058,사업보고서 (2025.12),"별도 감사보고서 · 목차: 18. 차입금, 19. 사채 · 기준값 원문 확인",169,KB증권,단기,KB증권,KB증권,증권사(CP·전단채 중개 추정),KB증권,명단 금융회사,False,0.0,백만원,False
한국가스공사,발전·에너지,20260323001058,사업보고서 (2025.12),"별도 감사보고서 · 목차: 18. 차입금, 19. 사채 · 기준값 원문 확인",169,교보증권,단기,교보증권,교보증권,증권사(CP·전단채 중개 추정),교보증권(주),명단 금융회사,False,0.0,백만원,False
한국가스공사,발전·에너지,20260323001058,사업보고서 (2025.12),"별도 감사보고서 · 목차: 18. 차입금, 19. 사채 · 기준값 원문 확인",169,다올투자증권,단기,다올투자증권,다올투자증권,증권사(CP·전단채 중개 추정),다올투자증권(주),명단 금융회사,False,0.0,백만원,False
한국가스공사,발전·에너지,20260323001058,사업보고서 (2025.12),"별도 감사보고서 · 목차: 18. 차입금, 19. 사채 · 기준값 원문 확인",169,메리츠증권,단기,메리츠증권,메리츠증권,증권사(CP·전단채 중개 추정),메리츠증권(주),명단 금융회사,False,0.0,백만원,False
한국가스공사,발전·에너지,20260323001058,사업보고서 (2025.12),"별도 감사보고서 · 목차: 18. 차입금, 19. 사채 · 기준값 원문 확인",169,부국증권,단기,부국증권,부국증권,증권사(CP·전단채 중개 추정),,금융회사(명단 밖),False,0.0,백만원,False
한국가스공사,발전·에너지,20260323001058,사업보고서 (2025.12),"별도 감사보고서 · 목차: 18. 차입금, 19. 사채 · 기준값 원문 확인",169,유안타증권,단기,유안타증권,유안타증권,증권사(CP·전단채 중개 추정),유안타증권(주),명단 금융회사,False,0.0,백만원,False
한국가스공사,발전·에너지,20260323001058,사업보고서 (2025.12),"별도 감사보고서 · 목차: 18. 차입금, 19. 사채 · 기준값 원문 확인",169,유진투자증권,단기,유진투자증권,유진투자증권,증권사(CP·전단채 중개 추정),유진투자증권(주),명단 금융회사,False,0.0,백만원,False
한국가스공사,발전·에너지,20260323001058,사업보고서 (2025.12),"별도 감사보고서 · 목차: 18. 차입금, 19. 사채 · 기준값 원문 확인",169,케이프투자증권,단기,케이프투자증권,케이프투자증권,증권사(CP·전단채 중개 추정),케이프투자증권,명단 금융회사,False,0.0,백만원,False
한국가스공사,발전·에너지,20260323001058,사업보고서 (2025.12),"별도 감사보고서 · 목차: 18. 차입금, 19. 사채 · 기준값 원문 확인",169,하나증권,단기,하나증권,하나증권,증권사(CP·전단채 중개 추정),하나증권,명단 금융회사,False,0.0,백만원,False
한국가스공사,발전·에너지,20260323001058,사업보고서 (2025.12),"별도 감사보고서 · 목차: 18. 차입금, 19. 사채 · 기준값 원문 확인",169,한양증권,단기,한양증권,한양증권,증권사(CP·전단채 중개 추정),,금융회사(명단 밖),False,0.0,백만원,False
한국가스공사,발전·에너지,20260323001058,사업보고서 (2025.12),"별도 감사보고서 · 목차: 18. 차입금, 19. 사채 · 기준값 원문 확인",169,한화투자증권,단기,한화투자증권,한화투자증권,증권사(CP·전단채 중개 추정),한화투자증권(주),명단 금융회사,False,0.0,백만원,False
한국가스공사,발전·에너지,20260323001058,사업보고서 (2025.12),"별도 감사보고서 · 목차: 18. 차입금, 19. 사채 · 기준값 원문 확인",169,현대차증권,단기,현대차증권,현대차증권,증권사(CP·전단채 중개 추정),현대차증권(주),명단 금융회사,False,0.0,백만원,False
한국가스공사,발전·에너지,20260323001058,사업보고서 (2025.12),"별도 감사보고서 · 목차: 18. 차입금, 19. 사채 · 기준값 원문 확인",169,흥국증권,단기,흥국증권,흥국증권,증권사(CP·전단채 중개 추정),,금융회사(명단 밖),False,0.0,백만원,False
한국가스공사,발전·에너지,20260323001058,사업보고서 (2025.12),"별도 감사보고서 · 목차: 18. 차입금, 19. 사채 · 기준값 원문 확인",169,아이엠증권(하이투자증권),단기,아이엠증권(하이투자증권),아이엠증권(하이투자증권),증권사(CP·전단채 중개 추정),,투자조합 등,False,0.0,백만원,False
한국가스공사,발전·에너지,20260323001058,사업보고서 (2025.12),"별도 감사보고서 · 목차: 18. 차입금, 19. 사채 · 기준값 원문 확인",169,신한투자증권,단기,신한투자증권,신한투자증권,증권사(CP·전단채 중개 추정),신한투자증권,명단 금융회사,False,0.0,백만원,False
한국가스공사,발전·에너지,20260323001058,사업보고서 (2025.12),"별도 감사보고서 · 목차: 18. 차입금, 19. 사채 · 기준값 원문 확인",169,디에스투자증권,단기,디에스투자증권,디에스투자증권,증권사(CP·전단채 중개 추정),,투자조합 등,False,0.0,백만원,False
한국가스공사,발전·에너지,20260323001058,사업보고서 (2025.12),"별도 감사보고서 · 목차: 18. 차입금, 19. 사채 · 기준값 원문 확인",169,DB증권,단기,DB증권,DB증권,증권사(CP·전단채 중개 추정),DB증권(주),명단 금융회사,False,60000000000.0,백만원,False
한국가스공사,발전·에너지,20260323001058,사업보고서 (2025.12),"별도 감사보고서 · 목차: 18. 차입금, 19. 사채 · 기준값 원문 확인",169,KB증권,단기,KB증권,KB증권,증권사(CP·전단채 중개 추정),KB증권,명단 금융회사,False,60000000000.0,백만원,False
한국가스공사,발전·에너지,20260323001058,사업보고서 (2025.12),"별도 감사보고서 · 목차: 18. 차입금, 19. 사채 · 기준값 원문 확인",169,다올투자증권,단기,다올투자증권,다올투자증권,증권사(CP·전단채 중개 추정),다올투자증권(주),명단 금융회사,False,60000000000.0,백만원,False
한국가스공사,발전·에너지,20260323001058,사업보고서 (2025.12),"별도 감사보고서 · 목차: 18. 차입금, 19. 사채 · 기준값 원문 확인",169,디에스투자증권,단기,디에스투자증권,디에스투자증권,증권사(CP·전단채 중개 추정),,투자조합 등,False,20000000000.0,백만원,False
한국가스공사,발전·에너지,20260323001058,사업보고서 (2025.12),"별도 감사보고서 · 목차: 18. 차입금, 19. 사채 · 기준값 원문 확인",169,메리츠증권,단기,메리츠증권,메리츠증권,증권사(CP·전단채 중개 추정),메리츠증권(주),명단 금융회사,False,100000000000.0,백만원,False
한국가스공사,발전·에너지,20260323001058,사업보고서 (2025.12),"별도 감사보고서 · 목차: 18. 차입금, 19. 사채 · 기준값 원문 확인",169,부국증권,단기,부국증권,부국증권,증권사(CP·전단채 중개 추정),,금융회사(명단 밖),False,730000000000.0,백만원,False
한국가스공사,발전·에너지,20260323001058,사업보고서 (2025.12),"별도 감사보고서 · 목차: 18. 차입금, 19. 사채 · 기준값 원문 확인",169,유안타증권,단기,유안타증권,유안타증권,증권사(CP·전단채 중개 추정),유안타증권(주),명단 금융회사,False,40000000000.0,백만원,False
한국가스공사,발전·에너지,20260323001058,사업보고서 (2025.12),"별도 감사보고서 · 목차: 18. 차입금, 19. 사채 · 기준값 원문 확인",169,한화투자증권,단기,한화투자증권,한화투자증권,증권사(CP·전단채 중개 추정),한화투자증권(주),명단 금융회사,False,20000000000.0,백만원,False
한국가스공사,발전·에너지,20260323001058,사업보고서 (2025.12),"별도 감사보고서 · 목차: 18. 차입금, 19. 사채 · 기준값 원문 확인",169,원화차입금(기업어음),단기,DB증권,DB증권,증권사(CP·전단채 중개 추정),DB증권(주),명단 금융회사,False,0.0,백만원,False
한국가스공사,발전·에너지,20260323001058,사업보고서 (2025.12),"별도 감사보고서 · 목차: 18. 차입금, 19. 사채 · 기준값 원문 확인",169,KB증권,단기,KB증권,KB증권,증권사(CP·전단채 중개 추정),KB증권,명단 금융회사,False,0.0,백만원,False
한국가스공사,발전·에너지,20260323001058,사업보고서 (2025.12),"별도 감사보고서 · 목차: 18. 차입금, 19. 사채 · 기준값 원문 확인",169,SK증권,단기,SK증권,SK증권,증권사(CP·전단채 중개 추정),SK증권(주),명단 금융회사,False,0.0,백만원,False
한국가스공사,발전·에너지,20260323001058,사업보고서 (2025.12),"별도 감사보고서 · 목차: 18. 차입금, 19. 사채 · 기준값 원문 확인",169,다올투자증권,단기,다올투자증권,다올투자증권,증권사(CP·전단채 중개 추정),다올투자증권(주),명단 금융회사,False,0.0,백만원,False
한국가스공사,발전·에너지,20260323001058,사업보고서 (2025.12),"별도 감사보고서 · 목차: 18. 차입금, 19. 사채 · 기준값 원문 확인",169,메리츠증권,단기,메리츠증권,메리츠증권,증권사(CP·전단채 중개 추정),메리츠증권(주),명단 금융회사,False,0.0,백만원,False
한국가스공사,발전·에너지,20260323001058,사업보고서 (2025.12),"별도 감사보고서 · 목차: 18. 차입금, 19. 사채 · 기준값 원문 확인",169,부국증권,단기,부국증권,부국증권,증권사(CP·전단채 중개 추정),,금융회사(명단 밖),False,0.0,백만원,False
한국가스공사,발전·에너지,20260323001058,사업보고서 (2025.12),"별도 감사보고서 · 목차: 18. 차입금, 19. 사채 · 기준값 원문 확인",169,유안타증권,단기,유안타증권,유안타증권,증권사(CP·전단채 중개 추정),유안타증권(주),명단 금융회사,False,0.0,백만원,False
한국가스공사,발전·에너지,20260323001058,사업보고서 (2025.12),"별도 감사보고서 · 목차: 18. 차입금, 19. 사채 · 기준값 원문 확인",169,유진투자증권,단기,유진투자증권,유진투자증권,증권사(CP·전단채 중개 추정),유진투자증권(주),명단 금융회사,False,0.0,백만원,False
한국가스공사,발전·에너지,20260323001058,사업보고서 (2025.12),"별도 감사보고서 · 목차: 18. 차입금, 19. 사채 · 기준값 원문 확인",169,케이프투자증권,단기,케이프투자증권,케이프투자증권,증권사(CP·전단채 중개 추정),케이프투자증권,명단 금융회사,False,0.0,백만원,False
한국가스공사,발전·에너지,20260323001058,사업보고서 (2025.12),"별도 감사보고서 · 목차: 18. 차입금, 19. 사채 · 기준값 원문 확인",169,한양증권,단기,한양증권,한양증권,증권사(CP·전단채 중개 추정),,금융회사(명단 밖),False,0.0,백만원,False
한국가스공사,발전·에너지,20260323001058,사업보고서 (2025.12),"별도 감사보고서 · 목차: 18. 차입금, 19. 사채 · 기준값 원문 확인",169,한화투자증권,단기,한화투자증권,한화투자증권,증권사(CP·전단채 중개 추정),한화투자증권(주),명단 금융회사,False,0.0,백만원,False
한국가스공사,발전·에너지,20260323001058,사업보고서 (2025.12),"별도 감사보고서 · 목차: 18. 차입금, 19. 사채 · 기준값 원문 확인",169,현대차증권,단기,현대차증권,현대차증권,증권사(CP·전단채 중개 추정),현대차증권(주),명단 금융회사,False,0.0,백만원,False
한국가스공사,발전·에너지,20260323001058,사업보고서 (2025.12),"별도 감사보고서 · 목차: 18. 차입금, 19. 사채 · 기준값 원문 확인",169,흥국증권,단기,흥국증권,흥국증권,증권사(CP·전단채 중개 추정),,금융회사(명단 밖),False,0.0,백만원,False
한국가스공사,발전·에너지,20260323001058,사업보고서 (2025.12),"별도 감사보고서 · 목차: 18. 차입금, 19. 사채 · 기준값 원문 확인",169,아이엠증권(하이투자증권),단기,아이엠증권(하이투자증권),아이엠증권(하이투자증권),증권사(CP·전단채 중개 추정),,투자조합 등,False,0.0,백만원,False
한국가스공사,발전·에너지,20260323001058,사업보고서 (2025.12),"별도 감사보고서 · 목차: 18. 차입금, 19. 사채 · 기준값 원문 확인",169,상상인증권,단기,상상인증권,상상인증권,증권사(CP·전단채 중개 추정),,금융회사(명단 밖),False,0.0,백만원,False
한국가스공사,발전·에너지,20260323001058,사업보고서 (2025.12),"별도 감사보고서 · 목차: 18. 차입금, 19. 사채 · 기준값 원문 확인",169,우리투자증권,단기,우리투자증권,우리투자증권,증권사(CP·전단채 중개 추정),㈜우리투자증권,명단 금융회사,False,0.0,백만원,False
한국가스공사,발전·에너지,20260323001058,사업보고서 (2025.12),"별도 감사보고서 · 목차: 18. 차입금, 19. 사채 · 기준값 원문 확인",169,디에스투자증권,단기,디에스투자증권,디에스투자증권,증권사(CP·전단채 중개 추정),,투자조합 등,False,0.0,백만원,False
한국가스공사,발전·에너지,20260323001058,사업보고서 (2025.12),"별도 감사보고서 · 목차: 18. 차입금, 19. 사채 · 기준값 원문 확인",169,하나은행,단기,하나은행,하나은행,,하나은행,명단 금융회사,False,0.0,백만원,False
한국가스공사,발전·에너지,20260323001058,사업보고서 (2025.12),"별도 감사보고서 · 목차: 18. 차입금, 19. 사채 · 기준값 원문 확인",169,비엔케이투자증권,단기,비엔케이투자증권,비엔케이투자증권,증권사(CP·전단채 중개 추정),(주)BNK투자증권,명단 금융회사,False,10000000000.0,백만원,False
한국가스공사,발전·에너지,20260323001058,사업보고서 (2025.12),"별도 감사보고서 · 목차: 18. 차입금, 19. 사채 · 기준값 원문 확인",169,DB증권,단기,DB증권,DB증권,증권사(CP·전단채 중개 추정),DB증권(주),명단 금융회사,False,60000000000.0,백만원,False
한국가스공사,발전·에너지,20260323001058,사업보고서 (2025.12),"별도 감사보고서 · 목차: 18. 차입금, 19. 사채 · 기준값 원문 확인",169,KB증권,단기,KB증권,KB증권,증권사(CP·전단채 중개 추정),KB증권,명단 금융회사,False,30000000000.0,백만원,False
한국가스공사,발전·에너지,20260323001058,사업보고서 (2025.12),"별도 감사보고서 · 목차: 18. 차입금, 19. 사채 · 기준값 원문 확인",169,다올투자증권,단기,다올투자증권,다올투자증권,증권사(CP·전단채 중개 추정),다올투자증권(주),명단 금융회사,False,80000000000.0,백만원,False
한국가스공사,발전·에너지,20260323001058,사업보고서 (2025.12),"별도 감사보고서 · 목차: 18. 차입금, 19. 사채 · 기준값 원문 확인",169,디에스투자증권,단기,디에스투자증권,디에스투자증권,증권사(CP·전단채 중개 추정),,투자조합 등,False,100000000000.0,백만원,False
한국가스공사,발전·에너지,20260323001058,사업보고서 (2025.12),"별도 감사보고서 · 목차: 18. 차입금, 19. 사채 · 기준값 원문 확인",169,메리츠증권,단기,메리츠증권,메리츠증권,증권사(CP·전단채 중개 추정),메리츠증권(주),명단 금융회사,False,100000000000.0,백만원,False
한국가스공사,발전·에너지,20260323001058,사업보고서 (2025.12),"별도 감사보고서 · 목차: 18. 차입금, 19. 사채 · 기준값 원문 확인",169,부국증권,단기,부국증권,부국증권,증권사(CP·전단채 중개 추정),,금융회사(명단 밖),False,1050000000000.0,백만원,False
한국가스공사,발전·에너지,20260323001058,사업보고서 (2025.12),"별도 감사보고서 · 목차: 18. 차입금, 19. 사채 · 기준값 원문 확인",169,유안타증권,단기,유안타증권,유안타증권,증권사(CP·전단채 중개 추정),유안타증권(주),명단 금융회사,False,120000000000.0,백만원,False
한국가스공사,발전·에너지,20260323001058,사업보고서 (2025.12),"별도 감사보고서 · 목차: 18. 차입금, 19. 사채 · 기준값 원문 확인",169,유진투자증권,단기,유진투자증권,유진투자증권,증권사(CP·전단채 중개 추정),유진투자증권(주),명단 금융회사,False,330000000000.0,백만원,False
한국가스공사,발전·에너지,20260323001058,사업보고서 (2025.12),"별도 감사보고서 · 목차: 18. 차입금, 19. 사채 · 기준값 원문 확인",169,케이프투자증권,단기,케이프투자증권,케이프투자증권,증권사(CP·전단채 중개 추정),케이프투자증권,명단 금융회사,False,50000000000.0,백만원,False
한국가스공사,발전·에너지,20260323001058,사업보고서 (2025.12),"별도 감사보고서 · 목차: 18. 차입금, 19. 사채 · 기준값 원문 확인",169,하나증권,단기,하나증권,하나증권,증권사(CP·전단채 중개 추정),하나증권,명단 금융회사,False,10000000000.0,백만원,False
한국가스공사,발전·에너지,20260323001058,사업보고서 (2025.12),"별도 감사보고서 · 목차: 18. 차입금, 19. 사채 · 기준값 원문 확인",169,한양증권,단기,한양증권,한양증권,증권사(CP·전단채 중개 추정),,금융회사(명단 밖),False,50000000000.0,백만원,False
한국가스공사,발전·에너지,20260323001058,사업보고서 (2025.12),"별도 감사보고서 · 목차: 18. 차입금, 19. 사채 · 기준값 원문 확인",169,현대차증권,단기,현대차증권,현대차증권,증권사(CP·전단채 중개 추정),현대차증권(주),명단 금융회사,False,70000000000.0,백만원,False
한국가스공사,발전·에너지,20260323001058,사업보고서 (2025.12),"별도 감사보고서 · 목차: 18. 차입금, 19. 사채 · 기준값 원문 확인",169,하나은행,단기,하나은행,하나은행,,하나은행,명단 금융회사,False,1400000000000.0,백만원,False
한국가스공사,발전·에너지,20260323001058,사업보고서 (2025.12),"별도 감사보고서 · 목차: 18. 차입금, 19. 사채 · 기준값 원문 확인",169,외화단기차입금,단기,한국수출입은행,한국수출입은행,,한국수출입은행,명단 금융회사,False,0.0,백만원,False
한국가스공사,발전·에너지,20260323001058,사업보고서 (2025.12),"별도 감사보고서 · 목차: 18. 차입금, 19. 사채 · 기준값 원문 확인",169,DBS,단기,DBS,DBS,,,외국 금융회사,False,0.0,백만원,False
한국가스공사,발전·에너지,20260323001058,사업보고서 (2025.12),"별도 감사보고서 · 목차: 18. 차입금, 19. 사채 · 기준값 원문 확인",169,한국산업은행,단기,한국산업은행,한국산업은행,,한국산업은행,명단 금융회사,False,0.0,백만원,False
한국가스공사,발전·에너지,20260323001058,사업보고서 (2025.12),"별도 감사보고서 · 목차: 18. 차입금, 19. 사채 · 기준값 원문 확인",169,ANZ,단기,ANZ,ANZ,,,외국 금융회사,False,0.0,백만원,False
한국가스공사,발전·에너지,20260323001058,사업보고서 (2025.12),"별도 감사보고서 · 목차: 18. 차입금, 19. 사채 · 기준값 원문 확인",169,HSBC,단기,HSBC,HSBC,,,외국 금융회사,False,0.0,백만원,False
한국가스공사,발전·에너지,20260323001058,사업보고서 (2025.12),"별도 감사보고서 · 목차: 18. 차입금, 19. 사채 · 기준값 원문 확인",169,ING,단기,ING,ING,,,외국 금융회사,False,0.0,백만원,False
한국가스공사,발전·에너지,20260323001058,사업보고서 (2025.12),"별도 감사보고서 · 목차: 18. 차입금, 19. 사채 · 기준값 원문 확인",169,국민은행,단기,국민은행,국민은행,,국민은행,명단 금융회사,False,0.0,백만원,False
한국가스공사,발전·에너지,20260323001058,사업보고서 (2025.12),"별도 감사보고서 · 목차: 18. 차입금, 19. 사채 · 기준값 원문 확인",169,하나은행,단기,하나은행,하나은행,,하나은행,명단 금융회사,False,0.0,백만원,False
한국가스공사,발전·에너지,20260323001058,사업보고서 (2025.12),"별도 감사보고서 · 목차: 18. 차입금, 19. 사채 · 기준값 원문 확인",169,SC은행,단기,SC은행,SC은행,,,금융회사(명단 밖),False,0.0,백만원,False
한국가스공사,발전·에너지,20260323001058,사업보고서 (2025.12),"별도 감사보고서 · 목차: 18. 차입금, 19. 사채 · 기준값 원문 확인",169,한국수출입은행,단기,한국수출입은행,한국수출입은행,,한국수출입은행,명단 금융회사,False,286980000000.0,백만원,False
한국가스공사,발전·에너지,20260323001058,사업보고서 (2025.12),"별도 감사보고서 · 목차: 18. 차입금, 19. 사채 · 기준값 원문 확인",169,한국산업은행,단기,한국산업은행,한국산업은행,,한국산업은행,명단 금융회사,False,1370072000000.0,백만원,False
한국가스공사,발전·에너지,20260323001058,사업보고서 (2025.12),"별도 감사보고서 · 목차: 18. 차입금, 19. 사채 · 기준값 원문 확인",169,하나은행,단기,하나은행,하나은행,,하나은행,명단 금융회사,False,460556000000.0,백만원,False
한국가스공사,발전·에너지,20260323001058,사업보고서 (2025.12),"별도 감사보고서 · 목차: 18. 차입금, 19. 사채 · 기준값 원문 확인",169,DBS,단기,DBS,DBS,,,외국 금융회사,False,1101464000000.0,백만원,False
한국가스공사,발전·에너지,20260323001058,사업보고서 (2025.12),"별도 감사보고서 · 목차: 18. 차입금, 19. 사채 · 기준값 원문 확인",169,MIZUHO,단기,MIZUHO,MIZUHO,,,외국 금융회사,False,189921000000.0,백만원,False
한국가스공사,발전·에너지,20260323001058,사업보고서 (2025.12),"별도 감사보고서 · 목차: 18. 차입금, 19. 사채 · 기준값 원문 확인",169,HSBC,단기,HSBC,HSBC,,,외국 금융회사,False,29503000000.0,백만원,False
한국가스공사,발전·에너지,20260323001058,사업보고서 (2025.12),"별도 감사보고서 · 목차: 18. 차입금, 19. 사채 · 기준값 원문 확인",169,ANZ,단기,ANZ,ANZ,,,외국 금융회사,False,94506000000.0,백만원,False
한국가스공사,발전·에너지,20260323001058,사업보고서 (2025.12),"별도 감사보고서 · 목차: 18. 차입금, 19. 사채 · 기준값 원문 확인",169,SC은행,단기,SC은행,SC은행,,,금융회사(명단 밖),False,94286000000.0,백만원,False
한국가스공사,발전·에너지,20260323001058,사업보고서 (2025.12),"별도 감사보고서 · 목차: 18. 차입금, 19. 사채 · 기준값 원문 확인",171,외화장기차입금,장기,한국에너지공단(주1),한국에너지공단,,,공공기관·정책기금(명단 밖),False,316531000000.0,백만원,True
한국가스공사,발전·에너지,20260323001058,사업보고서 (2025.12),"별도 감사보고서 · 목차: 18. 차입금, 19. 사채 · 기준값 원문 확인",179,FY12,사채,FY12,FY12,,,사채(직접금융),False,170000000000.0,백만원,True
한국가스공사,발전·에너지,20260323001058,사업보고서 (2025.12),"별도 감사보고서 · 목차: 18. 차입금, 19. 사채 · 기준값 원문 확인",179,FY13,사채,FY13,FY13,,,사채(직접금융),False,1390000000000.0,백만원,True
한국가스공사,발전·에너지,20260323001058,사업보고서 (2025.12),"별도 감사보고서 · 목차: 18. 차입금, 19. 사채 · 기준값 원문 확인",179,FY14,사채,FY14,FY14,,,사채(직접금융),False,450000000000.0,백만원,True
한국가스공사,발전·에너지,20260323001058,사업보고서 (2025.12),"별도 감사보고서 · 목차: 18. 차입금, 19. 사채 · 기준값 원문 확인",179,FY15,사채,FY15,FY15,,,사채(직접금융),False,490000000000.0,백만원,True
한국가스공사,발전·에너지,20260323001058,사업보고서 (2025.12),"별도 감사보고서 · 목차: 18. 차입금, 19. 사채 · 기준값 원문 확인",179,FY16,사채,FY16,FY16,,,사채(직접금융),False,140000000000.0,백만원,True
한국가스공사,발전·에너지,20260323001058,사업보고서 (2025.12),"별도 감사보고서 · 목차: 18. 차입금, 19. 사채 · 기준값 원문 확인",179,FY18,사채,FY18,FY18,,,사채(직접금융),False,150000000000.0,백만원,True
한국가스공사,발전·에너지,20260323001058,사업보고서 (2025.12),"별도 감사보고서 · 목차: 18. 차입금, 19. 사채 · 기준값 원문 확인",179,FY19,사채,FY19,FY19,,,사채(직접금융),False,1120000000000.0,백만원,True
한국가스공사,발전·에너지,20260323001058,사업보고서 (2025.12),"별도 감사보고서 · 목차: 18. 차입금, 19. 사채 · 기준값 원문 확인",179,FY20,사채,FY20,FY20,,,사채(직접금융),False,630000000000.0,백만원,True
한국가스공사,발전·에너지,20260323001058,사업보고서 (2025.12),"별도 감사보고서 · 목차: 18. 차입금, 19. 사채 · 기준값 원문 확인",179,FY21,사채,FY21,FY21,,,사채(직접금융),False,400000000000.0,백만원,True
한국가스공사,발전·에너지,20260323001058,사업보고서 (2025.12),"별도 감사보고서 · 목차: 18. 차입금, 19. 사채 · 기준값 원문 확인",179,FY22,사채,FY22,FY22,,,사채(직접금융),False,650000000000.0,백만원,True
한국가스공사,발전·에너지,20260323001058,사업보고서 (2025.12),"별도 감사보고서 · 목차: 18. 차입금, 19. 사채 · 기준값 원문 확인",179,FY23,사채,FY23,FY23,,,사채(직접금융),False,3710000000000.0,백만원,True
한국가스공사,발전·에너지,20260323001058,사업보고서 (2025.12),"별도 감사보고서 · 목차: 18. 차입금, 19. 사채 · 기준값 원문 확인",179,FY24,사채,FY24,FY24,,,사채(직접금융),False,3420000000000.0,백만원,True
한국가스공사,발전·에너지,20260323001058,사업보고서 (2025.12),"별도 감사보고서 · 목차: 18. 차입금, 19. 사채 · 기준값 원문 확인",179,FY25,사채,FY25,FY25,,,사채(직접금융),False,4080000000000.0,백만원,True
한국가스공사,발전·에너지,20260323001058,사업보고서 (2025.12),"별도 감사보고서 · 목차: 18. 차입금, 19. 사채 · 기준값 원문 확인",179,GLOBAL4차,사채,GLOBAL 4차,GLOBAL4차,,,사채(직접금융),False,1076175000000.0,백만원,True
한국가스공사,발전·에너지,20260323001058,사업보고서 (2025.12),"별도 감사보고서 · 목차: 18. 차입금, 19. 사채 · 기준값 원문 확인",179,MTN사모13차,사채,MTN 사모 13차,MTN사모13차,,,사채(직접금융),False,64057000000.0,백만원,True
한국가스공사,발전·에너지,20260323001058,사업보고서 (2025.12),"별도 감사보고서 · 목차: 18. 차입금, 19. 사채 · 기준값 원문 확인",179,GLOBAL8차,사채,GLOBAL 8차,GLOBAL8차,,,사채(직접금융),False,717450000000.0,백만원,True
한국가스공사,발전·에너지,20260323001058,사업보고서 (2025.12),"별도 감사보고서 · 목차: 18. 차입금, 19. 사채 · 기준값 원문 확인",179,MTN사모18차,사채,MTN 사모 18차,MTN사모18차,,,사채(직접금융),False,143490000000.0,백만원,True
한국가스공사,발전·에너지,20260323001058,사업보고서 (2025.12),"별도 감사보고서 · 목차: 18. 차입금, 19. 사채 · 기준값 원문 확인",179,MTN사모19차,사채,MTN 사모 19차,MTN사모19차,,,사채(직접금융),False,215235000000.0,백만원,True
한국가스공사,발전·에너지,20260323001058,사업보고서 (2025.12),"별도 감사보고서 · 목차: 18. 차입금, 19. 사채 · 기준값 원문 확인",179,MTN사모20차,사채,MTN 사모 20차,MTN사모20차,,,사채(직접금융),False,143490000000.0,백만원,True
한국가스공사,발전·에너지,20260323001058,사업보고서 (2025.12),"별도 감사보고서 · 목차: 18. 차입금, 19. 사채 · 기준값 원문 확인",179,MTN사모21차,사채,MTN 사모 21차,MTN사모21차,,,사채(직접금융),False,143490000000.0,백만원,True
한국가스공사,발전·에너지,20260323001058,사업보고서 (2025.12),"별도 감사보고서 · 목차: 18. 차입금, 19. 사채 · 기준값 원문 확인",179,MTN사모22차,사채,MTN 사모 22차,MTN사모22차,,,사채(직접금융),False,0.0,백만원,True
한국가스공사,발전·에너지,20260323001058,사업보고서 (2025.12),"별도 감사보고서 · 목차: 18. 차입금, 19. 사채 · 기준값 원문 확인",179,MTN사모23차,사채,MTN 사모 23차,MTN사모23차,,,사채(직접금융),False,0.0,백만원,True
한국가스공사,발전·에너지,20260323001058,사업보고서 (2025.12),"별도 감사보고서 · 목차: 18. 차입금, 19. 사채 · 기준값 원문 확인",179,MTN사모24차,사채,MTN 사모 24차,MTN사모24차,,,사채(직접금융),False,0.0,백만원,True
한국가스공사,발전·에너지,20260323001058,사업보고서 (2025.12),"별도 감사보고서 · 목차: 18. 차입금, 19. 사채 · 기준값 원문 확인",179,GLOBAL9차,사채,GLOBAL 9차,GLOBAL9차,,,사채(직접금융),False,0.0,백만원,True
한국가스공사,발전·에너지,20260323001058,사업보고서 (2025.12),"별도 감사보고서 · 목차: 18. 차입금, 19. 사채 · 기준값 원문 확인",179,MTN사모25차,사채,MTN 사모 25차,MTN사모25차,,,사채(직접금융),False,143490000000.0,백만원,True
한국가스공사,발전·에너지,20260323001058,사업보고서 (2025.12),"별도 감사보고서 · 목차: 18. 차입금, 19. 사채 · 기준값 원문 확인",179,MTN사모26차,사채,MTN 사모 26차,MTN사모26차,,,사채(직접금융),False,143490000000.0,백만원,True
한국가스공사,발전·에너지,20260323001058,사업보고서 (2025.12),"별도 감사보고서 · 목차: 18. 차입금, 19. 사채 · 기준값 원문 확인",179,MTN사모27차,사채,MTN 사모 27차,MTN사모27차,,,사채(직접금융),False,143490000000.0,백만원,True
한국가스공사,발전·에너지,20260323001058,사업보고서 (2025.12),"별도 감사보고서 · 목차: 18. 차입금, 19. 사채 · 기준값 원문 확인",179,GLOBAL10-2차,사채,GLOBAL 10-2차,GLOBAL10-2차,,,사채(직접금융),False,573960000000.0,백만원,True
한국가스공사,발전·에너지,20260323001058,사업보고서 (2025.12),"별도 감사보고서 · 목차: 18. 차입금, 19. 사채 · 기준값 원문 확인",179,GLOBAL11-2차,사채,GLOBAL 11-2차,GLOBAL11-2차,,,사채(직접금융),False,573960000000.0,백만원,True
한국가스공사,발전·에너지,20260323001058,사업보고서 (2025.12),"별도 감사보고서 · 목차: 18. 차입금, 19. 사채 · 기준값 원문 확인",179,GLOBAL12차,사채,GLOBAL 12차,GLOBAL12차,,,사채(직접금융),False,717450000000.0,백만원,True
한국가스공사,발전·에너지,20260323001058,사업보고서 (2025.12),"별도 감사보고서 · 목차: 18. 차입금, 19. 사채 · 기준값 원문 확인",179,MTN사모28차,사채,MTN 사모 28차,MTN사모28차,,,사채(직접금융),False,82985000000.0,백만원,True
한국가스공사,발전·에너지,20260323001058,사업보고서 (2025.12),"별도 감사보고서 · 목차: 18. 차입금, 19. 사채 · 기준값 원문 확인",179,GLOBAL13-1차,사채,GLOBAL 13-1차,GLOBAL13-1차,,,사채(직접금융),False,645705000000.0,백만원,True
한국가스공사,발전·에너지,20260323001058,사업보고서 (2025.12),"별도 감사보고서 · 목차: 18. 차입금, 19. 사채 · 기준값 원문 확인",179,GLOBAL13-2차,사채,GLOBAL 13-2차,GLOBAL13-2차,,,사채(직접금융),False,502215000000.0,백만원,True
한국가스공사,발전·에너지,20260323001058,사업보고서 (2025.12),"별도 감사보고서 · 목차: 18. 차입금, 19. 사채 · 기준값 원문 확인",179,GLOBAL14차,사채,GLOBAL 14차,GLOBAL14차,,,사채(직접금융),False,717450000000.0,백만원,True
한국가스공사,발전·에너지,20260323001058,사업보고서 (2025.12),"별도 감사보고서 · 목차: 18. 차입금, 19. 사채 · 기준값 원문 확인",179,GLOBAL15차,사채,GLOBAL 15차,GLOBAL15차,,,사채(직접금융),False,717450000000.0,백만원,True
한국가스공사,발전·에너지,20260323001058,사업보고서 (2025.12),"별도 감사보고서 · 목차: 18. 차입금, 19. 사채 · 기준값 원문 확인",179,GLOBAL16차,사채,GLOBAL 16차,GLOBAL16차,,,사채(직접금융),False,717450000000.0,백만원,True
한국가스공사,발전·에너지,20260323001058,사업보고서 (2025.12),"별도 감사보고서 · 목차: 18. 차입금, 19. 사채 · 기준값 원문 확인",179,CHF7차,사채,CHF 7차,CHF7차,,,사채(직접금융),False,0.0,백만원,True
한국가스공사,발전·에너지,20260323001058,사업보고서 (2025.12),"별도 감사보고서 · 목차: 18. 차입금, 19. 사채 · 기준값 원문 확인",179,MTN사모31차,사채,MTN 사모31차,MTN사모31차,,,사채(직접금융),False,0.0,백만원,True
한국가스공사,발전·에너지,20260323001058,사업보고서 (2025.12),"별도 감사보고서 · 목차: 18. 차입금, 19. 사채 · 기준값 원문 확인",179,GLOBAL17-1차,사채,GLOBAL 17-1차,GLOBAL17-1차,,,사채(직접금융),False,0.0,백만원,True
한국가스공사,발전·에너지,20260323001058,사업보고서 (2025.12),"별도 감사보고서 · 목차: 18. 차입금, 19. 사채 · 기준값 원문 확인",179,GLOBAL17-2차,사채,GLOBAL 17-2차,GLOBAL17-2차,,,사채(직접금융),False,0.0,백만원,True
한국전력공사,발전·에너지,20260317000686,사업보고서 (2025.12),별도 감사보고서 · 목차: 22. 차입금 및 사채 · 수동 입력(replace),-1,수동 입력,단기(차입·CP·전단채),농협은행,농협은행,,농협은행(주),명단 금융회사,False,2000000000000.0,억원,False
한국전력공사,발전·에너지,20260317000686,사업보고서 (2025.12),별도 감사보고서 · 목차: 22. 차입금 및 사채 · 수동 입력(replace),-1,수동 입력,단기(차입·CP·전단채),SC제일은행,SC제일은행,,한국스탠다드차타드은행,명단 금융회사,False,600000000000.0,억원,False
한국전력공사,발전·에너지,20260317000686,사업보고서 (2025.12),별도 감사보고서 · 목차: 22. 차입금 및 사채 · 수동 입력(replace),-1,수동 입력,단기(차입·CP·전단채),부국증권,부국증권,증권사(CP·전단채 중개 추정),,금융회사(명단 밖),False,1260000000000.0,억원,False
한국전력공사,발전·에너지,20260317000686,사업보고서 (2025.12),별도 감사보고서 · 목차: 22. 차입금 및 사채 · 수동 입력(replace),-1,수동 입력,단기(차입·CP·전단채),다올투자증권,다올투자증권,증권사(CP·전단채 중개 추정),다올투자증권(주),명단 금융회사,False,1010000000000.0,억원,False
한국전력공사,발전·에너지,20260317000686,사업보고서 (2025.12),별도 감사보고서 · 목차: 22. 차입금 및 사채 · 수동 입력(replace),-1,수동 입력,단기(차입·CP·전단채),유안타증권,유안타증권,증권사(CP·전단채 중개 추정),유안타증권(주),명단 금융회사,False,980000000000.0,억원,False
한국전력공사,발전·에너지,20260317000686,사업보고서 (2025.12),별도 감사보고서 · 목차: 22. 차입금 및 사채 · 수동 입력(replace),-1,수동 입력,단기(차입·CP·전단채),DB증권,DB증권,증권사(CP·전단채 중개 추정),DB증권(주),명단 금융회사,False,570000000000.0,억원,False
한국전력공사,발전·에너지,20260317000686,사업보고서 (2025.12),별도 감사보고서 · 목차: 22. 차입금 및 사채 · 수동 입력(replace),-1,수동 입력,단기(차입·CP·전단채),유진투자증권,유진투자증권,증권사(CP·전단채 중개 추정),유진투자증권(주),명단 금융회사,False,400000000000.0,억원,False
한국전력공사,발전·에너지,20260317000686,사업보고서 (2025.12),별도 감사보고서 · 목차: 22. 차입금 및 사채 · 수동 입력(replace),-1,수동 입력,단기(차입·CP·전단채),메리츠증권,메리츠증권,증권사(CP·전단채 중개 추정),메리츠증권(주),명단 금융회사,False,200000000000.0,억원,False
한국전력공사,발전·에너지,20260317000686,사업보고서 (2025.12),별도 감사보고서 · 목차: 22. 차입금 및 사채 · 수동 입력(replace),-1,수동 입력,단기(차입·CP·전단채),현대차증권,현대차증권,증권사(CP·전단채 중개 추정),현대차증권(주),명단 금융회사,False,200000000000.0,억원,False
한국전력공사,발전·에너지,20260317000686,사업보고서 (2025.12),별도 감사보고서 · 목차: 22. 차입금 및 사채 · 수동 입력(replace),-1,수동 입력,단기(차입·CP·전단채),케이프투자증권,케이프투자증권,증권사(CP·전단채 중개 추정),케이프투자증권,명단 금융회사,False,180000000000.0,억원,False
한국전력공사,발전·에너지,20260317000686,사업보고서 (2025.12),별도 감사보고서 · 목차: 22. 차입금 및 사채 · 수동 입력(replace),-1,수동 입력,단기(차입·CP·전단채),KB증권,KB증권,증권사(CP·전단채 중개 추정),KB증권,명단 금융회사,False,170000000000.0,억원,False
한국전력공사,발전·에너지,20260317000686,사업보고서 (2025.12),별도 감사보고서 · 목차: 22. 차입금 및 사채 · 수동 입력(replace),-1,수동 입력,단기(차입·CP·전단채),아이엠증권,아이엠증권,증권사(CP·전단채 중개 추정),,금융회사(명단 밖),False,160000000000.0,억원,False
한국전력공사,발전·에너지,20260317000686,사업보고서 (2025.12),별도 감사보고서 · 목차: 22. 차입금 및 사채 · 수동 입력(replace),-1,수동 입력,단기(차입·CP·전단채),비엔케이투자증권,비엔케이투자증권,증권사(CP·전단채 중개 추정),(주)BNK투자증권,명단 금융회사,False,110000000000.0,억원,False
한국전력공사,발전·에너지,20260317000686,사업보고서 (2025.12),별도 감사보고서 · 목차: 22. 차입금 및 사채 · 수동 입력(replace),-1,수동 입력,단기(차입·CP·전단채),리딩투자증권,리딩투자증권,증권사(CP·전단채 중개 추정),,투자조합 등,False,100000000000.0,억원,False
한국전력공사,발전·에너지,20260317000686,사업보고서 (2025.12),별도 감사보고서 · 목차: 22. 차입금 및 사채 · 수동 입력(replace),-1,수동 입력,단기(차입·CP·전단채),교보증권,교보증권,증권사(CP·전단채 중개 추정),교보증권(주),명단 금융회사,False,80000000000.0,억원,False
한국전력공사,발전·에너지,20260317000686,사업보고서 (2025.12),별도 감사보고서 · 목차: 22. 차입금 및 사채 · 수동 입력(replace),-1,수동 입력,단기(차입·CP·전단채),디에스투자증권,디에스투자증권,증권사(CP·전단채 중개 추정),,투자조합 등,False,70000000000.0,억원,False
한국전력공사,발전·에너지,20260317000686,사업보고서 (2025.12),별도 감사보고서 · 목차: 22. 차입금 및 사채 · 수동 입력(replace),-1,수동 입력,단기(차입·CP·전단채),한화투자증권,한화투자증권,증권사(CP·전단채 중개 추정),한화투자증권(주),명단 금융회사,False,50000000000.0,억원,False
한국전력공사,발전·에너지,20260317000686,사업보고서 (2025.12),별도 감사보고서 · 목차: 22. 차입금 및 사채 · 수동 입력(replace),-1,수동 입력,단기(차입·CP·전단채),신한금융투자,신한금융투자,,,투자조합 등,False,30000000000.0,억원,False
한국전력공사,발전·에너지,20260317000686,사업보고서 (2025.12),별도 감사보고서 · 목차: 22. 차입금 및 사채 · 수동 입력(replace),-1,수동 입력,장기(농어촌융자금),한국산업은행,한국산업은행,,한국산업은행,명단 금융회사,False,1097000000.0,억원,False
한국전력공사,발전·에너지,20260317000686,사업보고서 (2025.12),별도 감사보고서 · 목차: 22. 차입금 및 사채 · 수동 입력(replace),-1,수동 입력,장기(중장기CP),(주)하나은행 등,하나은행,,하나은행,명단 금융회사,True,8350000000000.0,억원,False
한국전력공사,발전·에너지,20260317000686,사업보고서 (2025.12),별도 감사보고서 · 목차: 22. 차입금 및 사채 · 수동 입력(replace),-1,수동 입력,장기(남북협력기금),한국수출입은행,한국수출입은행,,한국수출입은행,명단 금융회사,False,1473000000.0,억원,False
한국전력공사,발전·에너지,20260317000686,사업보고서 (2025.12),별도 감사보고서 · 목차: 22. 차입금 및 사채 · 수동 입력(replace),-1,수동 입력,장기(성공불융자),한국에너지공단,한국에너지공단,,,공공기관·정책기금(명단 밖),False,12547000000.0,억원,False
한국전력공사,발전·에너지,20260317000686,사업보고서 (2025.12),별도 감사보고서 · 목차: 22. 차입금 및 사채 · 수동 입력(replace),-1,수동 입력,조정,현재가치할인차금(조정),현재가치할인차금(조정),,,기타(확인 필요),False,-184000000.0,억원,False
한국전력공사,발전·에너지,20260317000686,사업보고서 (2025.12),별도 감사보고서 · 목차: 22. 차입금 및 사채 · 수동 입력(replace),-1,수동 입력,사채,사채,사채,,,사채(직접금융),False,68364586000000.0,억원,False
보임열병합발전 주식회사,발전·에너지,20260331003485,감사보고서 (2025.12),별도 감사보고서 · 색인: 11. 차입금,57,운영자금대출,단기,뉴스타엔디제삼차 주식회사,뉴스타엔디제삼차,,,기타(확인 필요),False,76800000000.0,천원,False
보임열병합발전 주식회사,발전·에너지,20260331003485,감사보고서 (2025.12),별도 감사보고서 · 색인: 11. 차입금,59,시설자금대출,장기,중소기업은행,중소기업은행,,중소기업은행,명단 금융회사,False,118746667000.0,천원,False
보임열병합발전 주식회사,발전·에너지,20260331003485,감사보고서 (2025.12),별도 감사보고서 · 색인: 11. 차입금,59,농협은행,장기,농협은행,농협은행,,농협은행(주),명단 금융회사,False,93741769000.0,천원,False
보임열병합발전 주식회사,발전·에너지,20260331003485,감사보고서 (2025.12),별도 감사보고서 · 색인: 11. 차입금,59,신한은행,장기,신한은행,신한은행,,신한은행,명단 금융회사,False,39470219000.0,천원,False
보임열병합발전 주식회사,발전·에너지,20260331003485,감사보고서 (2025.12),별도 감사보고서 · 색인: 11. 차입금,59,운영자금대출,장기,한국남동발전(주),한국남동발전,,,기타(확인 필요),False,2465000000.0,천원,False
주식회사 전주페이퍼,제지,20260323001128,감사보고서 (2025.12),별도 감사보고서 · 색인: 17. 차입금,124,매출채권담보차입금(*),단기,국민은행 외,국민은행,,국민은행,명단 금융회사,True,0.0,천원,False
주식회사 전주페이퍼,제지,20260323001128,감사보고서 (2025.12),별도 감사보고서 · 색인: 17. 차입금,127,일반운영대(*),장기,산업은행,산업은행,,한국산업은행,명단 금융회사,False,145000000000.0,천원,False
주식회사 전주페이퍼,제지,20260323001128,감사보고서 (2025.12),별도 감사보고서 · 색인: 17. 차입금,127,일반운영대,장기,산업은행,산업은행,,한국산업은행,명단 금융회사,False,0.0,천원,False
주식회사 전주페이퍼,제지,20260323001128,감사보고서 (2025.12),별도 감사보고서 · 색인: 17. 차입금,127,일반운영대,장기,산업은행,산업은행,,한국산업은행,명단 금융회사,False,0.0,천원,False
주식회사 전주페이퍼,제지,20260323001128,감사보고서 (2025.12),별도 감사보고서 · 색인: 17. 차입금,127,장기차입금할인발행차금,장기,산업은행,산업은행,,한국산업은행,명단 금융회사,False,0.0,천원,False
주식회사 지에스포천그린에너지,발전·에너지,20260323000148,감사보고서 (2025.12),별도 감사보고서 · 색인: 15. 장기차입금당기말 및 전기말 현재 장 · 수동 입력(replace),-1,수동 입력,장기(PF),한국산업은행 외 대주단,한국산업은행외대주단,,,금융회사(명단 밖),False,269605651900.00003,억원,False
주식회사 케이씨씨글라스,시멘트·비금속,20260319000948,사업보고서 (2025.12),별도 감사보고서 · 색인: 18. 차입금,114,삼성카드(*),단기,삼성카드(*),삼성카드,,삼성카드(주),명단 금융회사,False,6228858000.0,천원,False
주식회사 케이씨씨글라스,시멘트·비금속,20260319000948,사업보고서 (2025.12),별도 감사보고서 · 색인: 18. 차입금,119,제2-1회무보증국내사채,사채,제2-1회 무보증국내사채,제2-1회무보증국내사채,,,사채(직접금융),False,0.0,천원,False
주식회사 케이씨씨글라스,시멘트·비금속,20260319000948,사업보고서 (2025.12),별도 감사보고서 · 색인: 18. 차입금,119,제2-2회무보증국내사채,사채,제2-2회 무보증국내사채,제2-2회무보증국내사채,,,사채(직접금융),False,90000000000.0,천원,False
주식회사 케이씨씨글라스,시멘트·비금속,20260319000948,사업보고서 (2025.12),별도 감사보고서 · 색인: 18. 차입금,119,제3-1회무보증국내사채,사채,제3-1회 무보증국내사채,제3-1회무보증국내사채,,,사채(직접금융),False,50000000000.0,천원,False
주식회사 케이씨씨글라스,시멘트·비금속,20260319000948,사업보고서 (2025.12),별도 감사보고서 · 색인: 18. 차입금,119,제3-2회무보증국내사채,사채,제3-2회 무보증국내사채,제3-2회무보증국내사채,,,사채(직접금융),False,100000000000.0,천원,False
주식회사 케이씨씨글라스,시멘트·비금속,20260319000948,사업보고서 (2025.12),별도 감사보고서 · 색인: 18. 차입금,119,제4-1회무보증국내사채,사채,제4-1회 무보증국내사채,제4-1회무보증국내사채,,,사채(직접금융),False,190000000000.0,천원,False
주식회사 케이씨씨글라스,시멘트·비금속,20260319000948,사업보고서 (2025.12),별도 감사보고서 · 색인: 18. 차입금,119,제4-2회무보증국내사채,사채,제4-2회 무보증국내사채,제4-2회무보증국내사채,,,사채(직접금융),False,60000000000.0,천원,False
에이치디현대중공업 주식회사,기타 제조,20260320000859,사업보고서 (2025.12),별도 감사보고서 · 목차: 24. 차입금과 사채 · 기준값 원문 확인,76,보증사채(*),사채,보증사채(*),보증사채,,,사채(직접금융),False,430470000000.0,백만원,False
에이치디현대중공업 주식회사,기타 제조,20260320000859,사업보고서 (2025.12),별도 감사보고서 · 목차: 24. 차입금과 사채 · 기준값 원문 확인,76,무보증사채,사채,무보증사채,무보증사채,,,사채(직접금융),False,211000000000.0,백만원,False
롯데쇼핑 주식회사,기타 비제조,20260312001405,사업보고서 (2025.12),별도 감사보고서 · 색인: 18. 차입금및사채,82,신한은행,단기,신한은행,신한은행,,신한은행,명단 금융회사,False,0.0,천원,False
롯데쇼핑 주식회사,기타 비제조,20260312001405,사업보고서 (2025.12),별도 감사보고서 · 색인: 18. 차입금및사채,82,한국투자증권,단기,한국투자증권,한국투자증권,증권사(CP·전단채 중개 추정),한국투자증권,명단 금융회사,False,0.0,천원,False
롯데쇼핑 주식회사,기타 비제조,20260312001405,사업보고서 (2025.12),별도 감사보고서 · 색인: 18. 차입금및사채,82,신한투자증권,단기,신한투자증권,신한투자증권,증권사(CP·전단채 중개 추정),신한투자증권,명단 금융회사,False,0.0,천원,False
롯데쇼핑 주식회사,기타 비제조,20260312001405,사업보고서 (2025.12),별도 감사보고서 · 색인: 18. 차입금및사채,82,SK증권,단기,SK증권,SK증권,증권사(CP·전단채 중개 추정),SK증권(주),명단 금융회사,False,0.0,천원,False
롯데쇼핑 주식회사,기타 비제조,20260312001405,사업보고서 (2025.12),별도 감사보고서 · 색인: 18. 차입금및사채,82,MUFG은행,단기,MUFG은행,MUFG은행,,,외국 금융회사,False,0.0,천원,False
롯데쇼핑 주식회사,기타 비제조,20260312001405,사업보고서 (2025.12),별도 감사보고서 · 색인: 18. 차입금및사채,82,부국증권,단기,부국증권,부국증권,증권사(CP·전단채 중개 추정),,금융회사(명단 밖),False,251900000000.0,천원,False
롯데쇼핑 주식회사,기타 비제조,20260312001405,사업보고서 (2025.12),별도 감사보고서 · 색인: 18. 차입금및사채,82,키움증권,단기,키움증권,키움증권,증권사(CP·전단채 중개 추정),키움증권(주),명단 금융회사,False,100000000000.0,천원,False
롯데쇼핑 주식회사,기타 비제조,20260312001405,사업보고서 (2025.12),별도 감사보고서 · 색인: 18. 차입금및사채,82,대신증권,단기,대신증권,대신증권,증권사(CP·전단채 중개 추정),대신증권(주),명단 금융회사,False,40000000000.0,천원,False
롯데쇼핑 주식회사,기타 비제조,20260312001405,사업보고서 (2025.12),별도 감사보고서 · 색인: 18. 차입금및사채,82,한국수출입은행,단기,한국수출입은행,한국수출입은행,,한국수출입은행,명단 금융회사,False,60000000000.0,천원,False
롯데쇼핑 주식회사,기타 비제조,20260312001405,사업보고서 (2025.12),별도 감사보고서 · 색인: 18. 차입금및사채,83,NH농협은행,장기,NH 농협은행,NH농협은행,,농협은행(주),명단 금융회사,False,0.0,천원,False
롯데쇼핑 주식회사,기타 비제조,20260312001405,사업보고서 (2025.12),별도 감사보고서 · 색인: 18. 차입금및사채,83,미즈호코퍼레이트은행,장기,미즈호코퍼레이트은행,미즈호코퍼레이트은행,,,외국 금융회사,False,0.0,천원,False
롯데쇼핑 주식회사,기타 비제조,20260312001405,사업보고서 (2025.12),별도 감사보고서 · 색인: 18. 차입금및사채,83,한국수출입은행,장기,한국수출입은행,한국수출입은행,,한국수출입은행,명단 금융회사,False,118522740000.0,천원,False
롯데쇼핑 주식회사,기타 비제조,20260312001405,사업보고서 (2025.12),별도 감사보고서 · 색인: 18. 차입금및사채,83,산업은행(*1),장기,산업은행(*1),산업은행,,한국산업은행,명단 금융회사,False,0.0,천원,False
롯데쇼핑 주식회사,기타 비제조,20260312001405,사업보고서 (2025.12),별도 감사보고서 · 색인: 18. 차입금및사채,83,산업은행,장기,산업은행,산업은행,,한국산업은행,명단 금융회사,False,200000000000.0,천원,False
롯데쇼핑 주식회사,기타 비제조,20260312001405,사업보고서 (2025.12),별도 감사보고서 · 색인: 18. 차입금및사채,83,우리은행(*2),장기,우리은행(*2),우리은행,,㈜우리은행,명단 금융회사,False,0.0,천원,False
롯데쇼핑 주식회사,기타 비제조,20260312001405,사업보고서 (2025.12),별도 감사보고서 · 색인: 18. 차입금및사채,83,유안타증권,장기,유안타증권,유안타증권,증권사(CP·전단채 중개 추정),유안타증권(주),명단 금융회사,False,100000000000.0,천원,False
롯데쇼핑 주식회사,기타 비제조,20260312001405,사업보고서 (2025.12),별도 감사보고서 · 색인: 18. 차입금및사채,83,한화투자증권,장기,한화투자증권,한화투자증권,증권사(CP·전단채 중개 추정),한화투자증권(주),명단 금융회사,False,60000000000.0,천원,False
롯데쇼핑 주식회사,기타 비제조,20260312001405,사업보고서 (2025.12),별도 감사보고서 · 색인: 18. 차입금및사채,83,신한투자증권,장기,신한투자증권,신한투자증권,증권사(CP·전단채 중개 추정),신한투자증권,명단 금융회사,False,30000000000.0,천원,False
롯데쇼핑 주식회사,기타 비제조,20260312001405,사업보고서 (2025.12),별도 감사보고서 · 색인: 18. 차입금및사채,83,KB증권,장기,KB증권,KB증권,증권사(CP·전단채 중개 추정),KB증권,명단 금융회사,False,30000000000.0,천원,False
롯데쇼핑 주식회사,기타 비제조,20260312001405,사업보고서 (2025.12),별도 감사보고서 · 색인: 18. 차입금및사채,83,신한은행(*3),장기,신한은행(*3),신한은행,,신한은행,명단 금융회사,False,100000000000.0,천원,False
롯데쇼핑 주식회사,기타 비제조,20260312001405,사업보고서 (2025.12),별도 감사보고서 · 색인: 18. 차입금및사채,83,산업은행,장기,산업은행,산업은행,,한국산업은행,명단 금융회사,False,150000000000.0,천원,False
롯데쇼핑 주식회사,기타 비제조,20260312001405,사업보고서 (2025.12),별도 감사보고서 · 색인: 18. 차입금및사채,83,NH농협은행(*3),장기,NH 농협은행(*3),NH농협은행,,농협은행(주),명단 금융회사,False,75000000000.0,천원,False
롯데쇼핑 주식회사,기타 비제조,20260312001405,사업보고서 (2025.12),별도 감사보고서 · 색인: 18. 차입금및사채,83,SMBC은행,장기,SMBC은행,SMBC은행,,,외국 금융회사,False,100000000000.0,천원,False
롯데쇼핑 주식회사,기타 비제조,20260312001405,사업보고서 (2025.12),별도 감사보고서 · 색인: 18. 차입금및사채,83,국민은행,장기,국민은행,국민은행,,국민은행,명단 금융회사,False,100000000000.0,천원,False
롯데쇼핑 주식회사,기타 비제조,20260312001405,사업보고서 (2025.12),별도 감사보고서 · 색인: 18. 차입금및사채,83,신한은행(*3),장기,신한은행(*3),신한은행,,신한은행,명단 금융회사,False,100000000000.0,천원,False
롯데쇼핑 주식회사,기타 비제조,20260312001405,사업보고서 (2025.12),별도 감사보고서 · 색인: 18. 차입금및사채,83,산업은행(*3),장기,산업은행(*3),산업은행,,한국산업은행,명단 금융회사,False,100000000000.0,천원,False
롯데쇼핑 주식회사,기타 비제조,20260312001405,사업보고서 (2025.12),별도 감사보고서 · 색인: 18. 차입금및사채,83,에스타이거핑제일차(*3),장기,에스타이거핑제일차(*3),에스타이거핑제일차,,,기타(확인 필요),False,200000000000.0,천원,False
롯데쇼핑 주식회사,기타 비제조,20260312001405,사업보고서 (2025.12),별도 감사보고서 · 색인: 18. 차입금및사채,83,하나은행,장기,하나은행,하나은행,,하나은행,명단 금융회사,False,50000000000.0,천원,False
롯데쇼핑 주식회사,기타 비제조,20260312001405,사업보고서 (2025.12),별도 감사보고서 · 색인: 18. 차입금및사채,83,SMBC은행(*3),장기,SMBC은행(*3),SMBC은행,,,외국 금융회사,False,200000000000.0,천원,False
롯데쇼핑 주식회사,기타 비제조,20260312001405,사업보고서 (2025.12),별도 감사보고서 · 색인: 18. 차입금및사채,83,부국증권,장기,부국증권,부국증권,증권사(CP·전단채 중개 추정),,금융회사(명단 밖),False,200000000000.0,천원,False
롯데쇼핑 주식회사,기타 비제조,20260312001405,사업보고서 (2025.12),별도 감사보고서 · 색인: 18. 차입금및사채,83,현재가치할인차금,장기,부국증권,부국증권,증권사(CP·전단채 중개 추정),,금융회사(명단 밖),False,-12052325000.0,천원,False
롯데쇼핑 주식회사,기타 비제조,20260312001405,사업보고서 (2025.12),별도 감사보고서 · 색인: 18. 차입금및사채,84,제66-3회원화사채,사채,제66-3회 원화사채,제66-3회원화사채,,,사채(직접금융),False,0.0,천원,False
롯데쇼핑 주식회사,기타 비제조,20260312001405,사업보고서 (2025.12),별도 감사보고서 · 색인: 18. 차입금및사채,84,제70-3회원화사채,사채,제70-3회 원화사채,제70-3회원화사채,,,사채(직접금융),False,70000000000.0,천원,False
롯데쇼핑 주식회사,기타 비제조,20260312001405,사업보고서 (2025.12),별도 감사보고서 · 색인: 18. 차입금및사채,84,제77-3회원화사채,사채,제77-3회 원화사채,제77-3회원화사채,,,사채(직접금융),False,100000000000.0,천원,False
롯데쇼핑 주식회사,기타 비제조,20260312001405,사업보고서 (2025.12),별도 감사보고서 · 색인: 18. 차입금및사채,84,제79회원화사채,사채,제79회 원화사채,제79회원화사채,,,사채(직접금융),False,70000000000.0,천원,False
롯데쇼핑 주식회사,기타 비제조,20260312001405,사업보고서 (2025.12),별도 감사보고서 · 색인: 18. 차입금및사채,84,제80회원화사채,사채,제80회 원화사채,제80회원화사채,,,사채(직접금융),False,30000000000.0,천원,False
롯데쇼핑 주식회사,기타 비제조,20260312001405,사업보고서 (2025.12),별도 감사보고서 · 색인: 18. 차입금및사채,84,제82-3회원화사채,사채,제82-3회 원화사채,제82-3회원화사채,,,사채(직접금융),False,140000000000.0,천원,False
롯데쇼핑 주식회사,기타 비제조,20260312001405,사업보고서 (2025.12),별도 감사보고서 · 색인: 18. 차입금및사채,84,제83-2회원화사채,사채,제83-2회 원화사채,제83-2회원화사채,,,사채(직접금융),False,70000000000.0,천원,False
롯데쇼핑 주식회사,기타 비제조,20260312001405,사업보고서 (2025.12),별도 감사보고서 · 색인: 18. 차입금및사채,84,제83-3회원화사채,사채,제83-3회 원화사채,제83-3회원화사채,,,사채(직접금융),False,110000000000.0,천원,False
롯데쇼핑 주식회사,기타 비제조,20260312001405,사업보고서 (2025.12),별도 감사보고서 · 색인: 18. 차입금및사채,84,제86-1회원화사채,사채,제86-1회 원화사채,제86-1회원화사채,,,사채(직접금융),False,0.0,천원,False
롯데쇼핑 주식회사,기타 비제조,20260312001405,사업보고서 (2025.12),별도 감사보고서 · 색인: 18. 차입금및사채,84,제86-2회원화사채,사채,제86-2회 원화사채,제86-2회원화사채,,,사채(직접금융),False,20000000000.0,천원,False
롯데쇼핑 주식회사,기타 비제조,20260312001405,사업보고서 (2025.12),별도 감사보고서 · 색인: 18. 차입금및사채,84,제88-1회원화사채,사채,제88-1회 원화사채,제88-1회원화사채,,,사채(직접금융),False,0.0,천원,False
롯데쇼핑 주식회사,기타 비제조,20260312001405,사업보고서 (2025.12),별도 감사보고서 · 색인: 18. 차입금및사채,84,제88-2회원화사채,사채,제88-2회 원화사채,제88-2회원화사채,,,사채(직접금융),False,60000000000.0,천원,False
롯데쇼핑 주식회사,기타 비제조,20260312001405,사업보고서 (2025.12),별도 감사보고서 · 색인: 18. 차입금및사채,84,제89-2회원화사채,사채,제89-2회 원화사채,제89-2회원화사채,,,사채(직접금융),False,190000000000.0,천원,False
롯데쇼핑 주식회사,기타 비제조,20260312001405,사업보고서 (2025.12),별도 감사보고서 · 색인: 18. 차입금및사채,84,제89-3회원화사채,사채,제89-3회 원화사채,제89-3회원화사채,,,사채(직접금융),False,35000000000.0,천원,False
롯데쇼핑 주식회사,기타 비제조,20260312001405,사업보고서 (2025.12),별도 감사보고서 · 색인: 18. 차입금및사채,84,제92회외화사채,사채,제92회 외화사채,제92회외화사채,,,사채(직접금융),False,0.0,천원,False
롯데쇼핑 주식회사,기타 비제조,20260312001405,사업보고서 (2025.12),별도 감사보고서 · 색인: 18. 차입금및사채,84,제93-2회원화사채,사채,제93-2회 원화사채,제93-2회원화사채,,,사채(직접금융),False,0.0,천원,False
롯데쇼핑 주식회사,기타 비제조,20260312001405,사업보고서 (2025.12),별도 감사보고서 · 색인: 18. 차입금및사채,84,제93-3회원화사채,사채,제93-3회 원화사채,제93-3회원화사채,,,사채(직접금융),False,40000000000.0,천원,False
롯데쇼핑 주식회사,기타 비제조,20260312001405,사업보고서 (2025.12),별도 감사보고서 · 색인: 18. 차입금및사채,84,제94회외화사채,사채,제94회 외화사채,제94회외화사채,,,사채(직접금융),False,0.0,천원,False
롯데쇼핑 주식회사,기타 비제조,20260312001405,사업보고서 (2025.12),별도 감사보고서 · 색인: 18. 차입금및사채,84,제95-1회원화사채,사채,제95-1회 원화사채,제95-1회원화사채,,,사채(직접금융),False,0.0,천원,False
롯데쇼핑 주식회사,기타 비제조,20260312001405,사업보고서 (2025.12),별도 감사보고서 · 색인: 18. 차입금및사채,84,제95-2회원화사채,사채,제95-2회 원화사채,제95-2회원화사채,,,사채(직접금융),False,190000000000.0,천원,False
롯데쇼핑 주식회사,기타 비제조,20260312001405,사업보고서 (2025.12),별도 감사보고서 · 색인: 18. 차입금및사채,84,제95-3회원화사채,사채,제95-3회 원화사채,제95-3회원화사채,,,사채(직접금융),False,40000000000.0,천원,False
롯데쇼핑 주식회사,기타 비제조,20260312001405,사업보고서 (2025.12),별도 감사보고서 · 색인: 18. 차입금및사채,84,제96-1회원화사채,사채,제96-1회 원화사채,제96-1회원화사채,,,사채(직접금융),False,0.0,천원,False
롯데쇼핑 주식회사,기타 비제조,20260312001405,사업보고서 (2025.12),별도 감사보고서 · 색인: 18. 차입금및사채,84,제96-2회원화사채,사채,제96-2회 원화사채,제96-2회원화사채,,,사채(직접금융),False,120000000000.0,천원,False
롯데쇼핑 주식회사,기타 비제조,20260312001405,사업보고서 (2025.12),별도 감사보고서 · 색인: 18. 차입금및사채,84,제96-3회원화사채,사채,제96-3회 원화사채,제96-3회원화사채,,,사채(직접금융),False,20000000000.0,천원,False
롯데쇼핑 주식회사,기타 비제조,20260312001405,사업보고서 (2025.12),별도 감사보고서 · 색인: 18. 차입금및사채,84,제97-1회외화사채(*),사채,제97-1회 외화사채(*),제97-1회외화사채,,,사채(직접금융),False,143490000000.0,천원,False
롯데쇼핑 주식회사,기타 비제조,20260312001405,사업보고서 (2025.12),별도 감사보고서 · 색인: 18. 차입금및사채,84,제97-2회외화사채(*),사채,제97-2회 외화사채(*),제97-2회외화사채,,,사채(직접금융),False,71745000000.0,천원,False
롯데쇼핑 주식회사,기타 비제조,20260312001405,사업보고서 (2025.12),별도 감사보고서 · 색인: 18. 차입금및사채,84,제98-1회원화사채,사채,제98-1회 원화사채,제98-1회원화사채,,,사채(직접금융),False,110000000000.0,천원,False
롯데쇼핑 주식회사,기타 비제조,20260312001405,사업보고서 (2025.12),별도 감사보고서 · 색인: 18. 차입금및사채,84,제98-2회원화사채,사채,제98-2회 원화사채,제98-2회원화사채,,,사채(직접금융),False,185000000000.0,천원,False
롯데쇼핑 주식회사,기타 비제조,20260312001405,사업보고서 (2025.12),별도 감사보고서 · 색인: 18. 차입금및사채,84,제98-3회원화사채,사채,제98-3회 원화사채,제98-3회원화사채,,,사채(직접금융),False,40000000000.0,천원,False
롯데쇼핑 주식회사,기타 비제조,20260312001405,사업보고서 (2025.12),별도 감사보고서 · 색인: 18. 차입금및사채,84,제99-1회원화사채,사채,제99-1회 원화사채,제99-1회원화사채,,,사채(직접금융),False,120000000000.0,천원,False
롯데쇼핑 주식회사,기타 비제조,20260312001405,사업보고서 (2025.12),별도 감사보고서 · 색인: 18. 차입금및사채,84,제99-2회원화사채,사채,제99-2회 원화사채,제99-2회원화사채,,,사채(직접금융),False,330000000000.0,천원,False
롯데쇼핑 주식회사,기타 비제조,20260312001405,사업보고서 (2025.12),별도 감사보고서 · 색인: 18. 차입금및사채,84,제99-3회원화사채,사채,제99-3회 원화사채,제99-3회원화사채,,,사채(직접금융),False,50000000000.0,천원,False
롯데쇼핑 주식회사,기타 비제조,20260312001405,사업보고서 (2025.12),별도 감사보고서 · 색인: 18. 차입금및사채,84,제100-1회외화사채,사채,제100-1회 외화사채,제100-1회외화사채,,,사채(직접금융),False,143490000000.0,천원,False
롯데쇼핑 주식회사,기타 비제조,20260312001405,사업보고서 (2025.12),별도 감사보고서 · 색인: 18. 차입금및사채,84,제100-2회외화사채,사채,제100-2회 외화사채,제100-2회외화사채,,,사채(직접금융),False,143490000000.0,천원,False
롯데쇼핑 주식회사,기타 비제조,20260312001405,사업보고서 (2025.12),별도 감사보고서 · 색인: 18. 차입금및사채,84,제100-3회외화사채(*),사채,제100-3회 외화사채(*),제100-3회외화사채,,,사채(직접금융),False,107617500000.0,천원,False
롯데쇼핑 주식회사,기타 비제조,20260312001405,사업보고서 (2025.12),별도 감사보고서 · 색인: 18. 차입금및사채,84,제101회외화사채(*),사채,제101회 외화사채(*),제101회외화사채,,,사채(직접금융),False,143490000000.0,천원,False
롯데쇼핑 주식회사,기타 비제조,20260312001405,사업보고서 (2025.12),별도 감사보고서 · 색인: 18. 차입금및사채,84,제102회외화사채(*),사채,제102회 외화사채(*),제102회외화사채,,,사채(직접금융),False,143490000000.0,천원,False
롯데쇼핑 주식회사,기타 비제조,20260312001405,사업보고서 (2025.12),별도 감사보고서 · 색인: 18. 차입금및사채,84,제103회외화사채(*),사채,제103회 외화사채(*),제103회외화사채,,,사채(직접금융),False,71745000000.0,천원,False
롯데쇼핑 주식회사,기타 비제조,20260312001405,사업보고서 (2025.12),별도 감사보고서 · 색인: 18. 차입금및사채,84,제104회외화사채,사채,제104회 외화사채,제104회외화사채,,,사채(직접금융),False,229584000000.0,천원,False
롯데쇼핑 주식회사,기타 비제조,20260312001405,사업보고서 (2025.12),별도 감사보고서 · 색인: 18. 차입금및사채,84,제105-1회원화사채,사채,제105-1회 원화사채,제105-1회원화사채,,,사채(직접금융),False,90000000000.0,천원,False
롯데쇼핑 주식회사,기타 비제조,20260312001405,사업보고서 (2025.12),별도 감사보고서 · 색인: 18. 차입금및사채,84,제105-2회원화사채,사채,제105-2회 원화사채,제105-2회원화사채,,,사채(직접금융),False,160000000000.0,천원,False
롯데쇼핑 주식회사,기타 비제조,20260312001405,사업보고서 (2025.12),별도 감사보고서 · 색인: 18. 차입금및사채,84,제106-1회원화사채,사채,제106-1회 원화사채,제106-1회원화사채,,,사채(직접금융),False,60000000000.0,천원,False
롯데쇼핑 주식회사,기타 비제조,20260312001405,사업보고서 (2025.12),별도 감사보고서 · 색인: 18. 차입금및사채,84,제106-2회원화사채,사채,제106-2회 원화사채,제106-2회원화사채,,,사채(직접금융),False,240000000000.0,천원,False
롯데쇼핑 주식회사,기타 비제조,20260312001405,사업보고서 (2025.12),별도 감사보고서 · 색인: 18. 차입금및사채,84,제107회외화사채,사채,제107회 외화사채,제107회외화사채,,,사채(직접금융),False,143490000000.0,천원,False
(주)이마트,기타 비제조,20260318001024,사업보고서 (2025.12),별도 감사보고서 · 색인: 20. 차입금 · 수동 입력(replace),-1,수동 입력,단기(기업어음),BNK투자증권,BNK투자증권,증권사(CP·전단채 중개 추정),(주)BNK투자증권,명단 금융회사,False,155000000000.0,억원,False
(주)이마트,기타 비제조,20260318001024,사업보고서 (2025.12),별도 감사보고서 · 색인: 20. 차입금 · 수동 입력(replace),-1,수동 입력,장기(원화고정),한국산업은행 외,한국산업은행,,한국산업은행,명단 금융회사,True,899467000000.0,억원,False
(주)이마트,기타 비제조,20260318001024,사업보고서 (2025.12),별도 감사보고서 · 색인: 20. 차입금 · 수동 입력(replace),-1,수동 입력,장기(원화변동),신한은행 외,신한은행,,신한은행,명단 금융회사,True,779610000000.0,억원,False
(주)이마트,기타 비제조,20260318001024,사업보고서 (2025.12),별도 감사보고서 · 색인: 20. 차입금 · 수동 입력(replace),-1,수동 입력,사채,사채(무보증·해외사모),사채(무보증·해외사모),,,사채(직접금융),False,3489194999999.9995,억원,False
