name,status_final,size_final,final_note,status,reason,next_step,source,listed,size,group_prev,group_2605,group_check,corp_code,kets_code,jurir_no,ftc_jurir_no,ftc_ksic,ftc_n,ftc_match,ksic,kets_member,is_holding,note_prev
(주)성광벤드,포함,중견,,포함,,,중견 73 (이전 레포),상장,중견,,,,00132318,,1801110036425,,,0,,24133,False,False,
(주)제일테크노스,포함,중견,,포함,,,중견 73 (이전 레포),상장,중견,,,,00148595,,1746110001179,,,0,,2511,False,False,
KG케미칼(주),포함,중견,,포함,,,중견 73 (이전 레포),상장,중견,KG,KG,,00101220,,1243110008999,1243110008999,C2031,1,법인등록번호,201,True,False,
성신양회(주),포함,중견,,포함,,,중견 73 (이전 레포),상장,중견,,,,00132804,,1101110072928,,,0,,23311,True,False,
아세아시멘트(주),포함,중견,,포함,,,중견 73 (이전 레포),상장,중견,,,,00990165,,1101115238096,,,0,,23311,True,False,
금강공업(주),포함,중견,,포함,,,중견 73 (이전 레포),상장,중견,,,,00105299,,1801110034320,,,0,,2413,False,False,
(주)대창스틸,포함,중견,,포함,,,중견 73 (이전 레포),상장,중견,,,,00112721,,1101110276116,,,0,,24122,False,False,
부국철강(주),포함,중견,,포함,,,중견 73 (이전 레포),상장,중견,,,,00123781,,2001110001407,,,0,,2413,False,False,
삼목에스폼(주),포함,중견,,포함,,,중견 73 (이전 레포),상장,중견,,,,00125646,,1101110400377,,,0,,2511,True,False,
(주)태양,포함,중견,,포함,,,중견 73 (이전 레포),상장,중견,,,,00186717,,1615110006118,,,0,,25991,False,False,
(주)대륙제관,포함,중견,,포함,,,중견 73 (이전 레포),상장,중견,,,,00109587,,1101110073877,,,0,,25991,False,False,
(주)하이스틸,포함,중견,,포함,,,중견 73 (이전 레포),상장,중견,,,,00435312,,1101112686024,,,0,,2413,False,False,
(주)SIMPAC,포함,중견,,포함,,,중견 73 (이전 레포),상장,중견,,,,00138260,,1201110002189,,,0,,24113,True,False,
삼현철강(주),포함,중견,,포함,,,중견 73 (이전 레포),상장,중견,,,,00128926,,1901110005551,,,0,,2419,False,False,
한일철강(주),포함,중견,,포함,,,중견 73 (이전 레포),상장,중견,,,,00163196,,1101110048987,,,0,,2419,False,False,
다스코(주),포함,중견,,포함,,,중견 73 (이전 레포),상장,중견,,,,00353878,,2052110005288,,,0,,25112,False,False,
(주)NI스틸,포함,중견,,포함,,,중견 73 (이전 레포),상장,중견,,,,00116301,,1101110137491,,,0,,2419,False,False,
조일알미늄(주),포함,중견,,포함,,,중견 73 (이전 레포),상장,중견,,,,00149239,,1701110021543,,,0,,24222,True,False,
삼보산업 주식회사,포함,중견,,포함,,,중견 73 (이전 레포),상장,중견,,,,00125822,,1801110020246,,,0,,24222,True,False,
태경산업(주),포함,중견,,포함,,,중견 73 (이전 레포),상장,중견,,,,00153339,,1348110002080,,,0,,20129,True,False,
(주)알루코,포함,중견,,포함,,,중견 73 (이전 레포),상장,중견,,,,00117027,,1601110002313,,,0,,24222,False,False,
동국제강(주),포함,중견,,포함,,,중견 73 (이전 레포),상장,중견,동국제강,동국제강,,01765265,,1101118651633,1101118651633,C2411,1,법인등록번호,241,True,False,
삼화왕관(주),포함,중견,,포함,,,중견 73 (이전 레포),상장,중견,,,,00129235,,1341110003462,,,0,,25991,False,False,
(주)동국에스엔씨,포함,중견,,포함,,,중견 73 (이전 레포),상장,중견,,,,00415594,,1101112276784,,,0,,2511,False,False,
씨에스윈드(주),포함,중견,,포함,,,중견 73 (이전 레포),상장,중견,,,,00670340,,1101113509887,,,0,,2511,False,False,
(주)삼표시멘트,포함,중견,,포함,,,중견 73 (이전 레포),상장,중견,삼표,삼표,,00239639,,1101110738637,1101110738637,C2331,1,법인등록번호,239,True,False,
(주)원일특강,포함,중견,,포함,,,중견 73 (이전 레포),상장,중견,,,,00143907,,1101110220288,,,0,,24123,False,False,
동국산업(주),포함,중견,,포함,,,중견 73 (이전 레포),상장,중견,,,,00172680,,1101110085583,,,0,,24122,True,False,
동국씨엠 주식회사,포함,중견,,포함,,,중견 73 (이전 레포),상장,중견,동국제강,동국제강,,01765256,,1101118651659,1101118651659,C2412,1,법인등록번호,24122,True,False,
(주)대호특수강,포함,중견,,포함,,,중견 73 (이전 레포),상장,중견,,,,00166175,,1845110003856,,,0,,24123,False,False,
(주)태웅,포함,중견,,포함,,,중견 73 (이전 레포),상장,중견,,,,00186799,,1801110073922,,,0,,25912,True,False,
아주스틸(주),포함,중견,,포함,,,중견 73 (이전 레포),상장,중견,동국제강,동국제강,,00486705,,1760110020145,1760110020145,C2419,1,법인등록번호,2419,False,False,
주식회사 신스틸,포함,중견,,포함,,,중견 73 (이전 레포),상장,중견,,,,00958664,,1942110094409,,,0,,241,False,False,
(주)휴스틸,포함,중견,,포함,,,중견 73 (이전 레포),상장,중견,,,,00156488,,1101110077283,,,0,,2413,False,False,
(주)태광,포함,중견,,포함,,,중견 73 (이전 레포),상장,중견,,,,00153375,,1801110045559,,,0,,2413,False,False,
삼아알미늄(주),포함,중견,,포함,,,중견 73 (이전 레포),상장,중견,,,,00126779,,1341110002365,,,0,,24222,False,False,
고려제강(주),포함,중견,,포함,,,중견 73 (이전 레포),상장,중견,,,,00103006,,1801110001220,,,0,,2411,True,False,
에스와이(주),포함,중견,,포함,,,중견 73 (이전 레포),상장,중견,,,,00535481,,1301110064351,,,0,,25112,False,False,
경남스틸(주),포함,중견,,포함,,,중견 73 (이전 레포),상장,중견,,,,00206039,,1942110006090,,,0,,24199,False,False,
KG스틸(주),포함,중견,,포함,,,중견 73 (이전 레포),상장,중견,KG,KG,,00115676,,1101110393308,1101110393308,C2412,1,법인등록번호,24122,True,False,
(주)유니온,포함,중견,,포함,,,중견 73 (이전 레포),상장,중견,,,,00144252,,1101110200579,,,0,,23311,True,False,
한주라이트메탈(주),포함,중견,,포함,,,중견 73 (이전 레포),상장,중견,,,,00156600,,1812110008538,,,0,,24212,False,False,
한국철강(주),포함,중견,,포함,,,중견 73 (이전 레포),상장,중견,,,,00687711,,1942110094318,,,0,,2411,True,False,
대한제강(주),포함,중견,,포함,,,중견 73 (이전 레포),상장,중견,,,,00113225,,1801110003268,,,0,,2411,True,False,
케이비아이동양철관(주),포함,중견,,포함,,,중견 73 (이전 레포),상장,중견,,,,00117629,,1201110002056,,,0,,2413,False,False,
DSR제강(주),포함,중견,,포함,,,중견 73 (이전 레포),상장,중견,,,,00151298,,1801110004753,,,0,,24123,False,False,
넥스틸(주),포함,중견,,포함,,,중견 73 (이전 레포),상장,중견,,,,00220613,,1746110022860,,,0,,2419,False,False,
디씨엠(주),포함,중견,,포함,,,중견 73 (이전 레포),상장,중견,,,,00177199,,1801110071794,,,0,,2419,False,False,
동일산업(주),포함,중견,,포함,,,중견 73 (이전 레포),상장,중견,,,,00172936,,1701110002171,,,0,,24113,True,False,
(주)한국특강,포함,중견,,포함,,,중견 73 (이전 레포),상장,중견,,,,00124090,,1801110015362,,,0,,24121,True,False,
(주)케이피에프,포함,중견,,포함,,,중견 73 (이전 레포),상장,중견,,,,00157636,,1301110010841,,,0,,259,True,False,
(주)TCC스틸,포함,중견,,포함,,,중견 73 (이전 레포),상장,중견,,,,00117300,,1101110032112,,,0,,24191,True,False,
한일시멘트(주),포함,중견,,포함,,,중견 73 (이전 레포),상장,중견,,,,01319808,,1101116799203,,,0,,23311,True,False,
(주)대호에이엘,포함,중견,,포함,,,중견 73 (이전 레포),상장,중견,,,,00428729,,1701110233338,,,0,,24222,True,False,
(주)덕신이피씨,포함,중견,,포함,,,중견 73 (이전 레포),상장,중견,,,,00454937,,1101110730732,,,0,,25112,False,False,
(주)대양금속,포함,중견,,포함,,,중견 73 (이전 레포),상장,중견,,,,00111111,,1201110002212,,,0,,24122,False,False,
만호제강(주),포함,중견,,포함,,,중견 73 (이전 레포),상장,중견,,,,00120872,,1801110054659,,,0,,24123,True,False,
금강철강(주),포함,중견,,포함,,,중견 73 (이전 레포),상장,중견,,,,00105475,,1101110207799,,,0,,2419,False,False,
와이케이스틸 주식회사,포함,중견,,포함,,,중견 73 (이전 레포),비상장,중견,,,,01507148,I0024170001,,,,0,,24121,True,False,대한제강 자회사(2020년 지분 51% 인수)
대한시멘트 주식회사,포함,중견,,포함,,,중견 73 (이전 레포),비상장,중견,,,,00950705,I0700100001,,,,0,,23311,True,False,
한라시멘트(주),포함,중견,,포함,,,중견 73 (이전 레포),비상장,중견,,,,00257219,I0700100007,,,,0,,23311,True,False,아세아시멘트 자회사로 알려짐
쌍용씨앤이주식회사,포함,중견,,포함,,,중견 73 (이전 레포),비상장,중견,,,,00138224,I0700100010,,,,0,,23311,True,False,"API 매출값 이상(1,116억/0원). 자산 3.8조로 매출과 무관하게 중견"
한국씨엔티(주),포함,중견,,포함,,,중견 73 (이전 레포),비상장,중견,,,,00156637,I0700100016,,,,0,,23311,True,False,
한국제강주식회사,포함,중견,,포함,,,중견 73 (이전 레포),비상장,중견,,,,01007408,I0800100026,,,,0,,24112,True,False,
홍덕산업(주),포함,중견,,포함,,,중견 73 (이전 레포),비상장,중견,,,,00935627,I0800100033,,,,0,,24123,True,False,
환영철강공업(주),포함,중견,,포함,,,중견 73 (이전 레포),비상장,중견,,,,00166546,I0800100034,,,,0,,24112,True,False,
디케이동신주식회사,포함,중견,,포함,,,중견 73 (이전 레포),비상장,중견,,,,00760069,I0800120045,,,,0,,24191,True,False,
진양특수강(주),포함,중견,,포함,,,중견 73 (이전 레포),비상장,중견,,,,00150466,I0800120050,,,,0,,24121,True,False,
일진제강(주),포함,중견,,포함,,,중견 73 (이전 레포),비상장,중견,,,,00146658,I0800140083,,,,0,,24132,True,False,
(주)세진메탈,포함,중견,,포함,,,중견 73 (이전 레포),비상장,중견,,,,00441410,I0900110019,,,,0,,24212,True,False,3년 평균 판정
하이호경금속주식회사,포함,중견,,포함,,,중견 73 (이전 레포),비상장,중견,,,,00766814,I0900110020,,,,0,,24212,True,False,
한일제관(주),포함,중견,,포함,,,중견 73 (이전 레포),비상장,중견,,,,00163169,I1000100018,,,,0,,25991,True,False,
현대아이에프씨 주식회사,포함,중견,,포함,,,중견 73 (이전 레포),비상장,중견,,,,01467460,I1000200069,,,,0,,24112,True,False,"2026-02-27 현대제철 지분 100% 매각(우리베일리국민성장(유)), 현대자동차 집단 이탈"
(주)세아베스틸지주,제외,대기업,,제외,지주회사,사업회사 후보 확인 (mfg1_holding_candidates.csv),상장 cbam 1차,상장,대기업,세아,세아,,00106669,,1101110035794,1101110035794,K6499,1,법인등록번호,2411,False,True,
포스코홀딩스(주),제외,대기업,,제외,지주회사,사업회사 후보 확인 (mfg1_holding_candidates.csv),상장 cbam 1차,상장,대기업,포스코,포스코,,00155319,,1746110000741,1746110000741,K6499,1,법인등록번호,2411,False,True,
남해화학(주),포함,대기업,,포함,,,상장 cbam 1차,상장,대기업,농협,농협,,00107987,,1101110164717,1101110164717,C2031,1,법인등록번호,20312,True,False,
포스코스틸리온(주),포함,대기업,,포함,,,상장 cbam 1차,상장,대기업,포스코,포스코,,00155258,,1746110006492,1746110006492,C2419,1,법인등록번호,2419,True,False,
(주)세아홀딩스,제외,대기업,,제외,지주회사,사업회사 후보 확인 (mfg1_holding_candidates.csv),상장 cbam 1차,상장,대기업,세아,세아,,00377610,,1101112276809,1101112276809,K6499,1,법인등록번호,241,False,True,
(주)포스코엠텍,포함,대기업,,포함,,,상장 cbam 1차,상장,대기업,포스코,포스코,,00128111,,1746110000866,1746110000866,N7599,1,법인등록번호,24199,False,False,
현대비앤지스틸(주),포함,대기업,,포함,,,상장 cbam 1차,상장,대기업,현대자동차,현대자동차,,00125743,,1101110065395,1101110065395,C2412,1,법인등록번호,24122,True,False,
두산에너빌리티(주),포함,대기업,,포함,,,상장 cbam 1차,상장,대기업,두산,두산,,00159616,,1942110000943,1942110000943,C2811,1,법인등록번호,29119,True,False,
(주)세아제강,포함,대기업,,포함,,,상장 cbam 1차,상장,대기업,세아,세아,,01325979,,1101116860640,1101116860640,C2413,1,법인등록번호,2413,True,False,
(주)남선알미늄,포함,대기업,,포함,,,상장 cbam 1차,상장,대기업,SM,SM,,00107224,,1701110005042,1701110005042,C2422,1,법인등록번호,24222,False,False,
에스케이오션플랜트(주),포함,대기업,,포함,,,상장 cbam 1차,상장,대기업,에스케이,에스케이,,00480367,,1913110003485,1913110003485,C3111,1,법인등록번호,2413,False,False,
현대제철(주),포함,대기업,,포함,,,상장 cbam 1차,상장,대기업,현대자동차,현대자동차,,00145880,,1201110001743,1201110001743,C2412,1,법인등록번호,2411,True,False,
한일홀딩스(주),제외,중견,,제외,지주회사,사업회사 후보 확인 (mfg1_holding_candidates.csv),상장 cbam 1차,상장,중견,,,,00162993,,1101110040165,,,0,,23311,False,True,
KISCO홀딩스(주),제외,중견,,제외,지주회사,사업회사 후보 확인 (mfg1_holding_candidates.csv),상장 cbam 1차,상장,중견,,,,00159740,,1901110001872,,,0,,241,False,True,
주식회사 피엔알,포함,대기업 계열,제조1-3 확인(2026-09-29): 포항 법인(1717110076545)이 공정위 포스코 집단 값과 같고 같은 주소 공장에서 직접환원철(HBI·DRI)을 생산함,확인 대기,동명 회사 있음. 공정위 포스코 집단의 (주)피엔알과 배출권 명단 업체가 같은 법인인지 확인,제조1-3 신원 확인,비상장 판정 32 (이전 레포),비상장,대기업 계열,,포스코,,,E1950170042,,1717110076545,E3831,1,이름,24119,True,False,동명 2곳 중 포스코 집단 소속 후보가 철강 관련
현대스틸파이프 주식회사,포함,대기업 계열,,포함,,,비상장 판정 32 (이전 레포),비상장,대기업 계열,,현대자동차,,,E2413240001,,2301110399905,C2413,1,이름,24132,True,False,
한일현대시멘트 주식회사,제외,합병 소멸,,제외,합병 소멸: 2025-11-01 한일시멘트에 흡수합병 (존속법인 한일시멘트는 중견 명단에 있음),,비상장 판정 32 (이전 레포),비상장,합병 소멸,,,,00164672,I0700100019,,,,0,,23311,True,False,2025-11-01 한일시멘트에 흡수합병. 존속법인 한일시멘트는 상장 대상에 포함
광진산업(주),제외,중소,제조1-3 확인(2026-09-29): 최다 주주 법인의 자산이 5000억 원 미만이고 그 위 최다 주주는 개인,확인 대기,규모 기준(5·6)으로 중소 판정,제조1-3 감사보고서 열람,비상장 판정 32 (이전 레포),비상장,중소,,,,00960526,I0700100020,,,,0,,23311,True,False,동명 회사 2곳 중 한울회계법인 감사분
주식회사 디비메탈,제외,대기업 계열,,제외,"생산 중단: DB월드와 합병 보도, 2026-06 합금철 생산 전면 중단 보도",,비상장 판정 32 (이전 레포),비상장,대기업 계열,,,,00652016,I0800100020,,,,0,,24113,True,False,"DB그룹 계열, DB월드와 합병 보도, 2026-06 합금철 생산 전면 중단 보도"
주식회사 세아창원특수강,포함,대기업 계열,,포함,,,비상장 판정 32 (이전 레포),비상장,대기업 계열,,세아,,,I0800100025,,1942110025248,C2411,1,이름,24112,True,False,
현대종합특수강 주식회사,포함,대기업 계열,,포함,,,비상장 판정 32 (이전 레포),비상장,대기업 계열,,현대자동차,,,I0800120044,,1101114505595,C2412,1,이름,24123,True,False,
고려강선(주),포함,중견,제조1-3 확인(2026-09-29): 규칙 4. 1978년 50 대 50 합작 후 2014년 고려제강이 상대편 지분 보유사(Kiswire International)를 100% 인수해 지배기업이 됨. 지분 30% 이상·최다출자는 추정,확인 대기,규모 기준(5·6)으로 중소 판정,제조1-3 감사보고서 열람,비상장 판정 32 (이전 레포),비상장,중소,,,,00102672,I0800120052,,,,0,,24123,True,False,"3년 평균 판정, 고려제강 계열"
(주)세아씨엠,포함,대기업 계열,,포함,,,비상장 판정 32 (이전 레포),비상장,대기업 계열,,세아,,,I0800140092,,2111110050667,C2419,1,이름,24191,True,False,
주식회사 심팩인더스트리,포함,중견,제조1-3 확인(2026-09-29): 규칙 4. CBAM 품목은 제조1-4에서 재확인(포항 페로실리콘·인천 감속기 기어),확인 대기,규모 기준(5·6)으로 중소 판정,제조1-3 감사보고서 열람,비상장 판정 32 (이전 레포),비상장,중소,,,,00123648,I0800170097,,,,0,,24113,True,False,
주식회사 포스코,포함,대기업 계열,,포함,,,비상장 판정 32 (이전 레포),비상장,대기업 계열,,포스코,,,I0800200098,,1717110171410,C2411,1,이름,24111,True,False,
주식회사 세아베스틸,포함,대기업 계열,,포함,,,비상장 판정 32 (이전 레포),비상장,대기업 계열,,세아,,,I0800210099,,1101118256467,C2411,1,이름,24112,True,False,
노벨리스코리아 주식회사,포함,외국계 대기업 계열,,포함,,,비상장 판정 32 (이전 레포),비상장,외국계 대기업 계열,,,,00276117,I0900100002,,,,0,,24222,True,False,Novelis Inc.(Hindalco) 특수목적회사 3곳이 99.999% 보유
성훈엔지니어링주식회사,제외,중소,제조1-3 확인(2026-09-29): 주된 업종 C24(알루미늄합금 빌릿·단조 소재). 매출 2년 평균 1309억 원으로 기준 1800억 원의 73%,확인 대기,규모 기준(5·6)으로 중소 판정,제조1-3 감사보고서 열람,비상장 판정 32 (이전 레포),비상장,중소,,,,00205386,I0900100011,,,,0,,24212,True,False,배출권 업종 24212 기준 판정. DART 업종 23999와 불일치
울산알루미늄 주식회사,포함,외국계 대기업 계열,,포함,,,비상장 판정 32 (이전 레포),비상장,외국계 대기업 계열,,,,01319996,I0900140049,,,,0,,24212,True,False,노벨리스코리아 50% + Kobe Steel 50% 합작
(주)동남,포함,중견,제조1-3 확인(2026-09-29): 마산 법인(1901110004321)으로 특정. 규칙 6: 매출 2년 평균 3402억 원(C24 기준 1800억 원의 189%). DART 업종 23993과 배출권 업종 24212가 달라도 C23·C24 어느 기준이든 중견,확인 대기,동명 회사 8곳. 배출권 명단 업체의 법인 특정 필요,제조1-3 신원 확인,비상장 판정 32 (이전 레포),비상장,보류,,,,,I0900150040,,,,0,,24212,True,False,"동명 회사 8곳, GIR상 1차 비철금속 사업장"
주식회사 포스코모빌리티솔루션,포함,대기업 계열,,포함,,,비상장 판정 32 (이전 레포),비상장,대기업 계열,,포스코,,,IB002200008,,1615110269609,C3039,1,이름,24122,True,False,
보성파워텍(주),제외,중소,제조1-3 자동 선별: 최다 주주가 개인 (추정),확인 대기,상장 중소: cbam 판정에 규칙 2·4가 없었음,제조1-3 DART 최대주주 선별,상장 cbam 1차,상장,중소,,,,00267881,,1301110007765,,,0,,2511,False,False,"3년 평균 매출 1,010억 ≤ 기준 1,200억, 자산 5,000억 미만"
효성오앤비(주),제외,중소,제조1-3 자동 선별: 최다 주주가 개인 (추정),확인 대기,상장 중소: cbam 판정에 규칙 2·4가 없었음,제조1-3 DART 최대주주 선별,상장 cbam 1차,상장,중소,,,,00367385,,1648110001094,,,0,,2031,False,False,"3년 평균 매출 263억 ≤ 기준 1,200억, 자산 5,000억 미만"
(주)신화다이나믹스,제외,중소,제조1-3 자동 선별: 최다 주주가 개인 (추정),확인 대기,상장 중소: cbam 판정에 규칙 2·4가 없었음,제조1-3 DART 최대주주 선별,상장 cbam 1차,상장,중소,,,,00137809,,1101110028632,,,0,,24199,False,False,"3년 평균 매출 1,044억 ≤ 기준 1,800억, 자산 5,000억 미만"
(주)조비,제외,중소,제조1-3 자동 선별: 간접 소유 16.72% 또는 위 주주가 개인,확인 대기,상장 중소: cbam 판정에 규칙 2·4가 없었음,제조1-3 DART 최대주주 선별,상장 cbam 1차,상장,중소,,,,00148948,,1101110086599,,,0,,20312,False,False,"3년 평균 매출 1,056억 ≤ 기준 1,200억, 자산 5,000억 미만"
(주)쎄니트,제외,중소,제조1-3 자동 선별: 최다 주주가 개인 (추정),확인 대기,상장 중소: cbam 판정에 규칙 2·4가 없었음,제조1-3 DART 최대주주 선별,상장 cbam 1차,상장,중소,,,,00239596,,1942110018855,,,0,,24122,False,False,"3년 평균 매출 717억 ≤ 기준 1,800억, 자산 5,000억 미만"
(주)누리플랜,제외,중소,제조1-3 자동 선별: 최다 주주가 개인 (추정),확인 대기,상장 중소: cbam 판정에 규칙 2·4가 없었음,제조1-3 DART 최대주주 선별,상장 cbam 1차,상장,중소,,,,00410997,,1101111015779,,,0,,25112,False,False,"3년 평균 매출 296억 ≤ 기준 1,200억, 자산 5,000억 미만"
문배철강(주),제외,중소,제조1-3 자동 선별: 최다 주주가 개인 (추정),확인 대기,상장 중소: cbam 판정에 규칙 2·4가 없었음,제조1-3 DART 최대주주 선별,상장 cbam 1차,상장,중소,,,,00121570,,1101110139190,,,0,,2419,False,False,"3년 평균 매출 1,472억 ≤ 기준 1,800억, 자산 5,000억 미만"
주식회사 그린플러스,제외,중소,제조1-3 자동 선별: 최다 주주가 개인 (추정),확인 대기,상장 중소: cbam 판정에 규칙 2·4가 없었음,제조1-3 DART 최대주주 선별,상장 cbam 1차,상장,중소,,,,00602279,,1348110033605,,,0,,24222,False,False,"3년 평균 매출 783억 ≤ 기준 1,800억, 자산 5,000억 미만"
하이록코리아(주),제외,중소,제조1-3 자동 선별: 최다 주주가 개인 (추정),확인 대기,상장 중소: cbam 판정에 규칙 2·4가 없었음,제조1-3 DART 최대주주 선별,상장 cbam 1차,상장,중소,,,,00165060,,1801110029321,,,0,,241,False,False,"3년 평균 매출 1,789억 ≤ 기준 1,800억, 자산 5,000억 미만"
(주)윈하이텍,제외,중소,제조1-3 확인(2026-09-29): 최다 주주 법인의 자산이 5000억 원 미만이고 그 위 최다 주주는 개인,확인 대기,상장 중소: cbam 판정에 규칙 2·4가 없었음,제조1-3 DART 최대주주 선별,상장 cbam 1차,상장,중소,,,,00910840,,1545110049654,,,0,,2511,False,False,"3년 평균 매출 1,137억 ≤ 기준 1,200억, 자산 5,000억 미만"
(주)화인베스틸,제외,중소,"제조1-3 자동 선별: 법인 최다 주주 21.1% (30% 미만, 직접 기준)",확인 대기,상장 중소: cbam 판정에 규칙 2·4가 없었음,제조1-3 DART 최대주주 선별,상장 cbam 1차,상장,중소,,,,00661847,,1951110010951,,,0,,24121,False,False,"3년 평균 매출 1,416억 ≤ 기준 1,800억, 자산 5,000억 미만"
한국주철관공업(주),제외,중소,"제조1-3 자동 선별: 법인 최다 주주 15.2% (30% 미만, 직접 기준)",확인 대기,상장 중소: cbam 판정에 규칙 2·4가 없었음,제조1-3 DART 최대주주 선별,상장 cbam 1차,상장,중소,,,,00159573,,1801110000587,,,0,,24131,True,False,"3년 평균 매출 1,269억 ≤ 기준 1,800억, 자산 5,000억 미만"
한국선재(주),제외,중소,제조1-3 자동 선별: 최다 주주가 개인 (추정),확인 대기,상장 중소: cbam 판정에 규칙 2·4가 없었음,제조1-3 DART 최대주주 선별,상장 cbam 1차,상장,중소,,,,00158015,,1801110102359,,,0,,24123,False,False,"3년 평균 매출 1,632억 ≤ 기준 1,800억, 자산 5,000억 미만"
(주)동양에스텍,제외,중소,제조1-3 자동 선별: 최다 주주가 개인 (추정),확인 대기,상장 중소: cbam 판정에 규칙 2·4가 없었음,제조1-3 DART 최대주주 선별,상장 cbam 1차,상장,중소,,,,00178851,,1601110004426,,,0,,241,False,False,"3년 평균 매출 1,629억 ≤ 기준 1,800억, 자산 5,000억 미만"
(주)강동씨앤엘,제외,중소,"제조1-3 자동 선별: 법인 최다 주주 17.06% (30% 미만, 직접 기준)",확인 대기,상장 중소: cbam 판정에 규칙 2·4가 없었음,제조1-3 DART 최대주주 선별,상장 cbam 1차,상장,중소,,,,01032583,,1101115403623,,,0,,233,True,False,"3년 평균 매출 566억 ≤ 기준 800억, 자산 5,000억 미만"
동일스틸럭스(주),제외,중소,"제조1-3 자동 선별: 법인 최다 주주 15.57% (30% 미만, 직접 기준)",확인 대기,상장 중소: cbam 판정에 규칙 2·4가 없었음,제조1-3 DART 최대주주 선별,상장 cbam 1차,상장,중소,,,,00172945,,1801110002004,,,0,,24121,False,False,"3년 평균 매출 207억 ≤ 기준 1,800억, 자산 5,000억 미만"
(주)영흥,제외,중소,제조1-3 자동 선별: 최다 주주가 개인 (추정),확인 대기,상장 중소: cbam 판정에 규칙 2·4가 없었음,제조1-3 DART 최대주주 선별,상장 cbam 1차,상장,중소,,,,00141477,,1942110000191,,,0,,24123,False,False,"3년 평균 매출 1,570억 ≤ 기준 1,800억, 자산 5,000억 미만"
(주)알멕,제외,중소,"제조1-3 자동 선별: 법인 최다 주주 27.38% (30% 미만, 직접 기준)",확인 대기,상장 중소: cbam 판정에 규칙 2·4가 없었음,제조1-3 DART 최대주주 선별,상장 cbam 1차,상장,중소,,,,00229030,,1942110050823,,,0,,24222,False,False,"3년 평균 매출 1,510억 ≤ 기준 1,800억, 자산 5,000억 미만"
에스와이스틸텍(주),제외,중소,제조1-3 확인(2026-09-29): 최다 주주 법인의 자산이 5000억 원 미만이고 그 위 최다 주주는 개인,확인 대기,상장 중소: cbam 판정에 규칙 2·4가 없었음,제조1-3 DART 최대주주 선별,상장 cbam 1차,상장,중소,,,,01135084,,1511110053458,,,0,,2511,False,False,"3년 평균 매출 1,114억 ≤ 기준 1,200억, 자산 5,000억 미만"
(주)율촌,제외,중소,제조1-3 자동 선별: 최다 주주가 개인 (추정),확인 대기,상장 중소: cbam 판정에 규칙 2·4가 없었음,제조1-3 DART 최대주주 선별,상장 cbam 1차,상장,중소,,,,00495633,,1243110014912,,,0,,24131,False,False,"3년 평균 매출 314억 ≤ 기준 1,800억, 자산 5,000억 미만"
삼영엠텍(주),제외,중소,제조1-3 자동 선별: 최다 주주가 개인 (추정),확인 대기,상장 중소: cbam 판정에 규칙 2·4가 없었음,제조1-3 DART 최대주주 선별,상장 cbam 1차,상장,중소,,,,00250614,,1943110005149,,,0,,2511,False,False,"3년 평균 매출 891억 ≤ 기준 1,200억, 자산 5,000억 미만"
(주)이렘,제외,중소,"제조1-3 자동 선별: 법인 최다 주주 17.47% (30% 미만, 직접 기준)",확인 대기,상장 중소: cbam 판정에 규칙 2·4가 없었음,제조1-3 DART 최대주주 선별,상장 cbam 1차,상장,중소,,,,00116426,,1101110162191,,,0,,2413,False,False,"3년 평균 매출 929억 ≤ 기준 1,800억, 자산 5,000억 미만"
동일제강(주),제외,중소,제조1-3 확인(2026-09-29): 에스폼 자산이 기준의 93%인 경계값. 그 위 최다 주주는 개인,확인 대기,상장 중소: cbam 판정에 규칙 2·4가 없었음,제조1-3 DART 최대주주 선별,상장 cbam 1차,상장,중소,,,,00118451,,1101110032005,,,0,,24122,False,False,"3년 평균 매출 1,598억 ≤ 기준 1,800억, 자산 5,000억 미만"
제이스코홀딩스(주),제외,중소,"제조1-3 자동 선별: 법인 최다 주주 5.13% (30% 미만, 직접 기준)",확인 대기,상장 중소: cbam 판정에 규칙 2·4가 없었음,제조1-3 DART 최대주주 선별,상장 cbam 1차,상장,중소,,,,00148531,,1101110045347,,,0,,24121,False,False,"3년 평균 매출 416억 ≤ 기준 1,800억, 자산 5,000억 미만"
광진실업(주),제외,중소,제조1-3 자동 선별: 최다 주주가 개인 (추정),확인 대기,상장 중소: cbam 판정에 규칙 2·4가 없었음,제조1-3 DART 최대주주 선별,상장 cbam 1차,상장,중소,,,,00104120,,1801110025882,,,0,,24121,False,False,"3년 평균 매출 537억 ≤ 기준 1,800억, 자산 5,000억 미만"
(주)하이드로리튬,제외,중소,"제조1-3 자동 선별: 법인 최다 주주 4.89% (30% 미만, 직접 기준)",확인 대기,상장 중소: cbam 판정에 규칙 2·4가 없었음,제조1-3 DART 최대주주 선별,상장 cbam 1차,상장,중소,,,,00527491,,1101111125289,,,0,,2511,False,False,"3년 평균 매출 95억 ≤ 기준 1,200억, 자산 5,000억 미만"
(주)유에스티,제외,중소,제조1-3 자동 선별: 간접 소유 22.23% 또는 위 주주가 개인,확인 대기,상장 중소: cbam 판정에 규칙 2·4가 없었음,제조1-3 DART 최대주주 선별,상장 cbam 1차,상장,중소,,,,01196313,,1101116298148,,,0,,241,False,False,"3년 평균 매출 768억 ≤ 기준 1,800억, 자산 5,000억 미만"
주식회사 에스엔엔씨,포함,대기업 계열,,포함,,,지주회사 확인에서 추가,비상장,대기업 계열,,포스코,,,I0800100021,,2046110023415,C2421,1,이름,24219,True,False,포스코홀딩스(주) 확인에서 추가 (2026-09-29)
