name,listed,size_final,ksic,corp_code,kets_code,cbam_sector,cbam_item,cbam_basis,cbam_status,cbam_note,fertilizer_flag
(주)성광벤드,상장,중견,24133,00132318,,철강,철강,cbam 판정 (사업보고서 품목),대상,,
(주)제일테크노스,상장,중견,2511,00148595,,철강,구조물,cbam 판정 (사업보고서 품목),대상,,
KG케미칼(주),상장,중견,201,00101220,,비료,비료,cbam 판정 (사업보고서 품목),대상,,유예 논의 중
성신양회(주),상장,중견,23311,00132804,,시멘트,시멘트,cbam 판정 (사업보고서 품목),대상,,
아세아시멘트(주),상장,중견,23311,00990165,,시멘트,시멘트,cbam 판정 (사업보고서 품목),대상,,
금강공업(주),상장,중견,2413,00105299,,철강,철강,cbam 판정 (사업보고서 품목),대상,,
(주)대창스틸,상장,중견,24122,00112721,,철강,철강,cbam 판정 (사업보고서 품목),대상,,
부국철강(주),상장,중견,2413,00123781,,철강,철강,cbam 판정 (사업보고서 품목),대상,,
삼목에스폼(주),상장,중견,2511,00125646,,철강,구조물,cbam 판정 (사업보고서 품목),대상,,
(주)태양,상장,중견,25991,00186717,,철강,탱크·용기,cbam 판정 (사업보고서 품목),대상,,
(주)대륙제관,상장,중견,25991,00109587,,철강,탱크·용기,cbam 판정 (사업보고서 품목),대상,,
(주)하이스틸,상장,중견,2413,00435312,,철강,철강,cbam 판정 (사업보고서 품목),대상,,
(주)SIMPAC,상장,중견,24113,00138260,,철강,망간합금철 등·프레스·압연 롤·자동차 부품,SIMPAC 2025 사업보고서 II-2 주요 제품·생산능력·생산실적,대상,합금철/ROLL 부문 매출 1748억 원. 망간합금철 생산 2025년 20216톤(2023년 90789톤). 페로망간·실리코망간 구성은 공개되지 않아 페로망간 생산을 전제로 대상(추정),
삼현철강(주),상장,중견,2419,00128926,,철강,철강,cbam 판정 (사업보고서 품목),대상,,
한일철강(주),상장,중견,2419,00163196,,철강,철강,cbam 판정 (사업보고서 품목),대상,,
다스코(주),상장,중견,25112,00353878,,철강,구조물,cbam 판정 (사업보고서 품목),대상,,
(주)NI스틸,상장,중견,2419,00116301,,철강,철강,cbam 판정 (사업보고서 품목),대상,,
조일알미늄(주),상장,중견,24222,00149239,,알루미늄,알루미늄,cbam 판정 (사업보고서 품목),대상,,
삼보산업 주식회사,상장,중견,24222,00125822,,알루미늄,알루미늄,cbam 판정 (사업보고서 품목),대상,,
태경산업(주),상장,중견,20129,00153339,,철강,철강,cbam 판정 (사업보고서 품목),대상,,
(주)알루코,상장,중견,24222,00117027,,알루미늄,알루미늄,cbam 판정 (사업보고서 품목),대상,,
동국제강(주),상장,중견,241,01765265,,철강,철강,cbam 판정 (사업보고서 품목),대상,,
삼화왕관(주),상장,중견,25991,00129235,,철강,탱크·용기,cbam 판정 (사업보고서 품목),대상,,
(주)동국에스엔씨,상장,중견,2511,00415594,,철강,구조물,cbam 판정 (사업보고서 품목),대상,,
씨에스윈드(주),상장,중견,2511,00670340,,철강,구조물,cbam 판정 (사업보고서 품목),대상,,
(주)삼표시멘트,상장,중견,239,00239639,,시멘트,시멘트,cbam 판정 (사업보고서 품목),대상,,
(주)원일특강,상장,중견,24123,00143907,,철강,철강,cbam 판정 (사업보고서 품목),대상,,
동국산업(주),상장,중견,24122,00172680,,철강,철강,cbam 판정 (사업보고서 품목),대상,,
동국씨엠 주식회사,상장,중견,24122,01765256,,철강,철강,cbam 판정 (사업보고서 품목),대상,,
(주)대호특수강,상장,중견,24123,00166175,,철강,철강,cbam 판정 (사업보고서 품목),대상,,
(주)태웅,상장,중견,25912,00186799,,철강,철강,cbam 판정 (사업보고서 품목),대상,,
아주스틸(주),상장,중견,2419,00486705,,철강,철강,cbam 판정 (사업보고서 품목),대상,,
주식회사 신스틸,상장,중견,241,00958664,,철강,철강,cbam 판정 (사업보고서 품목),대상,,
(주)휴스틸,상장,중견,2413,00156488,,철강,철강,cbam 판정 (사업보고서 품목),대상,,
(주)태광,상장,중견,2413,00153375,,철강,철강,cbam 판정 (사업보고서 품목),대상,,
삼아알미늄(주),상장,중견,24222,00126779,,알루미늄,알루미늄,cbam 판정 (사업보고서 품목),대상,,
고려제강(주),상장,중견,2411,00103006,,철강,철강,cbam 판정 (사업보고서 품목),대상,,
에스와이(주),상장,중견,25112,00535481,,철강,구조물,cbam 판정 (사업보고서 품목),대상,,
경남스틸(주),상장,중견,24199,00206039,,철강,철강,cbam 판정 (사업보고서 품목),대상,,
KG스틸(주),상장,중견,24122,00115676,,철강,철강,cbam 판정 (사업보고서 품목),대상,,
(주)유니온,상장,중견,23311,00144252,,시멘트,시멘트,cbam 판정 (사업보고서 품목),대상,,
한주라이트메탈(주),상장,중견,24212,00156600,,알루미늄,알루미늄,cbam 판정 (사업보고서 품목),대상,,
한국철강(주),상장,중견,2411,00687711,,철강,철강,cbam 판정 (사업보고서 품목),대상,,
대한제강(주),상장,중견,2411,00113225,,철강,철강,cbam 판정 (사업보고서 품목),대상,,
케이비아이동양철관(주),상장,중견,2413,00117629,,철강,철강,cbam 판정 (사업보고서 품목),대상,,
DSR제강(주),상장,중견,24123,00151298,,철강,철강,cbam 판정 (사업보고서 품목),대상,,
넥스틸(주),상장,중견,2419,00220613,,철강,철강,cbam 판정 (사업보고서 품목),대상,,
디씨엠(주),상장,중견,2419,00177199,,철강,철강,cbam 판정 (사업보고서 품목),대상,,
동일산업(주),상장,중견,24113,00172936,,철강,봉강·페로망간·주강품·자동차 부품,동일산업 2025 사업보고서 II-2 주요 제품·생산실적,대상,봉강 1785억 원(51.3%)과 페로망간 758억 원(21.8%) 모두 CBAM 대상. 합금철 생산 47197톤(페로망간 환산),
(주)한국특강,상장,중견,24121,00124090,,철강,철강,cbam 판정 (사업보고서 품목),대상,,
(주)케이피에프,상장,중견,259,00157636,,철강,볼트·너트,cbam 판정 (사업보고서 품목),대상,,
(주)TCC스틸,상장,중견,24191,00117300,,철강,철강,cbam 판정 (사업보고서 품목),대상,,
한일시멘트(주),상장,중견,23311,01319808,,시멘트,시멘트,cbam 판정 (사업보고서 품목),대상,,
(주)대호에이엘,상장,중견,24222,00428729,,알루미늄,알루미늄,cbam 판정 (사업보고서 품목),대상,,
(주)덕신이피씨,상장,중견,25112,00454937,,철강,구조물,cbam 판정 (사업보고서 품목),대상,,
(주)대양금속,상장,중견,24122,00111111,,철강,철강,cbam 판정 (사업보고서 품목),대상,,
만호제강(주),상장,중견,24123,00120872,,철강,철강,cbam 판정 (사업보고서 품목),대상,,
금강철강(주),상장,중견,2419,00105475,,철강,철강,cbam 판정 (사업보고서 품목),대상,,
와이케이스틸 주식회사,비상장,중견,24121,01507148,I0024170001,철강,압연·압출,배출권 명단 업종코드,대상,,
대한시멘트 주식회사,비상장,중견,23311,00950705,I0700100001,시멘트,시멘트,배출권 명단 업종코드,대상,,
한라시멘트(주),비상장,중견,23311,00257219,I0700100007,시멘트,시멘트,배출권 명단 업종코드,대상,,
쌍용씨앤이주식회사,비상장,중견,23311,00138224,I0700100010,시멘트,시멘트,배출권 명단 업종코드,대상,,
한국씨엔티(주),비상장,중견,23311,00156637,I0700100016,시멘트,시멘트,배출권 명단 업종코드,대상,,
한국제강주식회사,비상장,중견,24112,01007408,I0800100026,철강,제철·제강·합금철,배출권 명단 업종코드,대상,,
홍덕산업(주),비상장,중견,24123,00935627,I0800100033,철강,압연·압출,배출권 명단 업종코드,대상,,
환영철강공업(주),비상장,중견,24112,00166546,I0800100034,철강,제철·제강·합금철,배출권 명단 업종코드,대상,,
디케이동신주식회사,비상장,중견,24191,00760069,I0800120045,철강,기타 1차 철강,배출권 명단 업종코드,대상,,
진양특수강(주),비상장,중견,24121,00150466,I0800120050,철강,압연·압출,배출권 명단 업종코드,대상,,
일진제강(주),비상장,중견,24132,00146658,I0800140083,철강,강관,배출권 명단 업종코드,대상,,
(주)세진메탈,비상장,중견,24212,00441410,I0900110019,알루미늄,비철 제련·합금,배출권 명단 업종코드,대상,,
하이호경금속주식회사,비상장,중견,24212,00766814,I0900110020,알루미늄,비철 제련·합금,배출권 명단 업종코드,대상,,
한일제관(주),비상장,중견,25991,00163169,I1000100018,철강,금속 용기 등,배출권 명단 업종코드,대상,,
현대아이에프씨 주식회사,비상장,중견,24112,01467460,I1000200069,철강,제철·제강·합금철,배출권 명단 업종코드,대상,,
남해화학(주),상장,대기업,20312,00107987,,비료,비료,cbam 판정 (사업보고서 품목),대상,,유예 논의 중
포스코스틸리온(주),상장,대기업,2419,00155258,,철강,철강,cbam 판정 (사업보고서 품목),대상,,
(주)포스코엠텍,상장,대기업,24199,00128111,,철강,철강,cbam 판정 (사업보고서 품목),대상,,
현대비앤지스틸(주),상장,대기업,24122,00125743,,철강,철강,cbam 판정 (사업보고서 품목),대상,,
두산에너빌리티(주),상장,대기업,29119,00159616,,철강,철강,cbam 판정 (사업보고서 품목),대상,,
(주)세아제강,상장,대기업,2413,01325979,,철강,철강,cbam 판정 (사업보고서 품목),대상,,
(주)남선알미늄,상장,대기업,24222,00107224,,알루미늄,알루미늄,cbam 판정 (사업보고서 품목),대상,,
에스케이오션플랜트(주),상장,대기업,2413,00480367,,철강,철강,cbam 판정 (사업보고서 품목),대상,,
현대제철(주),상장,대기업,2411,00145880,,철강,철강,cbam 판정 (사업보고서 품목),대상,,
주식회사 피엔알,비상장,대기업 계열,24119,,E1950170042,철강,직접환원철 HBI·DRI (CN 7203),제조1-3 확인 (등록공장),대상,,
현대스틸파이프 주식회사,비상장,대기업 계열,24132,,E2413240001,철강,강관,배출권 명단 업종코드,대상,,
주식회사 세아창원특수강,비상장,대기업 계열,24112,,I0800100025,철강,제철·제강·합금철,배출권 명단 업종코드,대상,,
현대종합특수강 주식회사,비상장,대기업 계열,24123,,I0800120044,철강,압연·압출,배출권 명단 업종코드,대상,,
고려강선(주),비상장,중견,24123,00102672,I0800120052,철강,압연·압출,배출권 명단 업종코드,대상,,
(주)세아씨엠,비상장,대기업 계열,24191,,I0800140092,철강,기타 1차 철강,배출권 명단 업종코드,대상,,
주식회사 심팩인더스트리,비상장,중견,24113,00123648,I0800170097,철강,페로실리콘·산업기계(상품 매출 중심),심팩인더스트리 2025 감사보고서 손익계산서·주석 3·9·24,대상 아님,제조 부문은 산업기계와 페로실리콘뿐이며 둘 다 CBAM 대상 아님(페로실리콘 CN 7202 2는 부속서 I 제외). 매출 1016억 원 중 제품 102억 원·상품 834억 원. 2026-02 포항 페로실리콘 공장 일부 매각 결정,
주식회사 포스코,비상장,대기업 계열,24111,,I0800200098,철강,제철·제강·합금철,배출권 명단 업종코드,대상,,
주식회사 세아베스틸,비상장,대기업 계열,24112,,I0800210099,철강,제철·제강·합금철,배출권 명단 업종코드,대상,,
노벨리스코리아 주식회사,비상장,외국계 대기업 계열,24222,00276117,I0900100002,알루미늄,비철 압연·압출,배출권 명단 업종코드,대상,,
울산알루미늄 주식회사,비상장,외국계 대기업 계열,24212,01319996,I0900140049,알루미늄,비철 제련·합금,배출권 명단 업종코드,대상,,
(주)동남,비상장,중견,24212,,I0900150040,알루미늄,비철 제련·합금,배출권 명단 업종코드,대상,,
주식회사 포스코모빌리티솔루션,비상장,대기업 계열,24122,,IB002200008,철강,압연·압출,배출권 명단 업종코드,대상,,
주식회사 에스엔엔씨,비상장,대기업 계열,24219,,I0800100021,철강,페로니켈 (CN 7202 60 00),제조1-2 확인 (보도·CBAM 부속서),대상,,
