target,source,corp_code,name,jurir_no,address,detail,ftc_jurir_match,product_hint
피엔알,DART,00921262,(주)피엔알,1101111449621,경기도 성남시 분당구 삼평동 621 판교이노밸리 씨동 1002호,업종 68112,,
피엔알,DART,00650179,(주)피엔알,1717110076545,경상북도 포항시 남구 동해안로 6262 (동촌동),업종 3831,일치,
피엔알,등록공장 2024-12,,(주)피엔알,, ,광양국가산업단지 / 직접 환원철,,단서 있음
피엔알,등록공장 2024-12,,(주)피엔알,,경상북도 포항시 남구 동해안로 6262 (동촌동),"포항국가산업단지 / 직접환원철(HBI, DRI)",,단서 있음
동남,DART,00252764,(주)동남,2143110000178,전라북도 장수군 번암면 대론리 280,업종 ,,
동남,DART,01096660,주식회사 동남,1101110783955,"경기도 시흥시 공단2대로 86 302 (정왕동, 시화공단1바)",업종 46622,,
동남,DART,00226680,주식회사 동남,1846110001010,경상남도 김해시 주촌면 선지리 125-2,업종 23322,,
동남,DART,00178435,주식회사 동남,1901110004321,"경상남도 창원시 마산회원구 자유무역6길 157 (봉암동, 동남(주))",업종 23993,,
동남,DART,00114871,주식회사 동남,1801110026997,부산광역시 서구 원양로 171 (암남동),업종 03111,,
동남,DART,00761882,주식회사 동남,1201110168882,충청남도 천안시 동남구 성남면 대흥1길 173-130 (대흥리),업종 06,,
동남,DART,00211147,주식회사 동남,1243110020018,전라남도 나주시 왕곡면 혁신산단5길 54 (덕산리),업종 2812,,
동남,DART,02008006,(주)동남,1601110138803,"대전광역시 유성구 죽동로 77-1 (죽동, 주식회사동남)",업종 29172,,
동남,등록공장 2024-12,,동남(주),,인천광역시 미추홀구 도화동 956-3번지,인천일반산업단지 / 성형사출기 부품 ,,
동남,등록공장 2024-12,,(주)동남,,대전광역시 유성구 죽동로 77-1 (죽동),대덕연구단지 / 자동차 부품,,
동남,등록공장 2024-12,,(주)동남,,대전광역시 유성구 테크노3로 77 (관평동),대덕테크노밸리 / 자동차공조부품,,
동남,등록공장 2024-12,,(주)동남,,울산광역시 울주군 웅촌면 고연로 172,  / 자동차 back beam,,
동남,등록공장 2024-12,,(주)동남,,"경기도 평택시 만세로 1565 (청룡동, (주)동남)","  / 조림앙금, 팥앙금",,
동남,등록공장 2024-12,,주식회사 동남,,"경기도 안산시 단원구 산단로 296, 1동 4층 404호 (원시동, 대우테크노피아아파트)",반월국가산업단지 / 전기적산계기,,
동남,등록공장 2024-12,,(주)동남,,"경기도 시흥시 공단2대로 88, 1바302-102호 (정왕동)","시화국가산업단지 / 볼트, 너트, 건설기자재",,
동남,등록공장 2024-12,,(주)동남,,"경기도 시흥시 공단2대로 86, 1바 302 (정왕동)",시화국가산업단지 / 발전소건설 볼트너트류,,
동남,등록공장 2024-12,,동남(주),,"경기도 김포시 대곶면 율생중앙로205번길 102, 가동 외 3필지",  / 건축자재,,
동남,등록공장 2024-12,,동남,,경기도 화성시 양감면 요당길 145-19,  / 폐사축처리기,,
동남,등록공장 2024-12,,(주)동남,,충청남도 서산시 지곡면 무장산업로 263-33 외 1필지,서산오토밸리일반산업단지 / 알미늄괴,,단서 있음
동남,등록공장 2024-12,,(주)동남,,전라남도 나주시 왕곡면 혁신산단5길 54,"나주혁신일반산업단지 / 170/72.5/29/25.5kv 가스절연개폐장치,개폐기류,전기회로개폐",,
동남,등록공장 2024-12,,(주)동남,,"경상남도 창원시 마산회원구 자유무역6길 157 (봉암동, 동남(주))",마산자유무역지역 / 정밀주물용규사,,
동남,등록공장 2024-12,,(주)동남,,경상남도 김해시 주촌면 서부로1701번안길 58-100,"  / 골재,석분",,
동남,등록공장 2024-12,,(주)동남,,경상남도 김해시 주촌면 서부로1701번안길 58-93,"  / 레미콘,아스콘,쇄석골재",,
동남,등록공장 2024-12,,(주)동남,,경상남도 함안군 칠원읍 경남대로 1937-2 외 5필지,  / 자동차부품 및 유압부품,,
동남,등록공장 2024-12,,(주)동남,,전북특별자치도 장수군 번암면 장수로 153 ((주)동남레미콘) 외 1필지,  / 레미콘,,
