account,sector,match,factory_name,zone,product,address,addr_k,sido,relevant
(주)남선알미늄,알루미늄,정확,(주)남선알미늄,달성일반산업단지,알미늄샷시,대구광역시 달성군 논공읍 논공중앙로 288,대구광역시달성군논공읍논공중앙로288,대구,Y
(주)남선알미늄,알루미늄,정확,남선알미늄(주), ,알루미늄창호삿시,광주광역시 북구 하남대로 523 (동림동),광주광역시북구하남대로523,광주,Y
(주)남선알미늄,알루미늄,지점,(주)남선알미늄 구미공장,구미국가산업단지,알루미늄샷시,경상북도 구미시 수출대로9길 80 (공단동),경상북도구미시수출대로9길80,경북,Y
(주)남선알미늄,알루미늄,지점,(주)남선알미늄자동차사업부문,구미국가산업단지,자동차 범퍼 등,경상북도 구미시 1공단로 251 (공단동),경상북도구미시1공단로251,경북,N
(주)세아제강,철강,정확,(주)세아제강,반월국가산업단지,강관,"경기도 안산시 단원구 강촌로 61, 1060-2, 3 (신길동)",경기도안산시단원구강촌로611060-23,경기,Y
(주)세아제강,철강,정확,(주)세아제강,여수율촌제1일반산업단지,복관,전라남도 순천시 해룡면 율촌산단1로 80-113,전라남도순천시해룡면율촌산단1로80-113,전남,Y
(주)세아제강,철강,정확,(주)세아제강,창원국가산업단지,강관 등,경상남도 창원시 성산구 공단로 280 (웅남동),경상남도창원시성산구공단로280,경남,Y
(주)세아제강,철강,정확,(주)세아제강,군산2국가산업단지,강관,"전북특별자치도 군산시 자유무역로 52 (오식도동, 세아제강)",전북특별자치도군산시자유무역로52,전북,Y
(주)세아제강,철강,지점,(주)세아제강 순천공장,여수율촌제1일반산업단지,"강관제조, 열교환기 등",전라남도 순천시 해룡면 율촌산단5로 77 ((주)세아스틸파이프) 외 1필지,전라남도순천시해룡면율촌산단5로77세아스틸파이프),전남,Y
(주)세아제강,철강,지점,(주)세아제강 제1단지공장,포항철강지방산업단지,강관,"경상북도 포항시 남구 괴동로 136 (장흥동, 세아제강)",경상북도포항시남구괴동로136,경북,Y
(주)세아제강,철강,지점,(주)세아제강 문덕공장,포항제4일반산업단지,강관,경상북도 포항시 남구 오천읍 송덕로 228-11 외 1필지,경상북도포항시남구오천읍송덕로228-11,경북,Y
(주)포스코엠텍,철강,정확,(주)포스코엠텍,포항국가산업단지,탈산용 알루미늄,"경상북도 포항시 남구 철강로 431 (호동, 삼정PNA2공장)",경상북도포항시남구철강로431,경북,Y
(주)포스코엠텍,철강,정확,(주)포스코엠텍,포항제4일반산업단지,"철재 내/외주링, 단면측판",경상북도 포항시 남구 오천읍 철강산단로130번길 198,경상북도포항시남구오천읍철강산단로130번길198,경북,Y
(주)포스코엠텍,철강,정확,(주)포스코엠텍,포항영일만일반산업단지,"자동포장기계, 자동결속기, 기타포장기계 등",경상북도 포항시 북구 흥해읍 죽천리 698번지,경상북도포항시북구흥해읍죽천리698번지,경북,N
남해화학(주),비료,정확,남해화학(주),여수국가산업단지,"암모니아,황산,인산,농질산,희질산,복비,이산화규소",전라남도 여수시 여수산단로 1384 (낙포동),전라남도여수시여수산단로1384,전남,Y
남해화학(주),비료,정확,남해화학주식회사, ,혼합유기질비료,"전북특별자치도 김제시 용지면 용수4길 15, (신정리 52-26번지)",전북특별자치도김제시용지면용수4길15,전북,Y
두산에너빌리티(주),철강,정확,두산에너빌리티(주), ,산업처리공정 제어장비 외 2,경기도 화성시 삼성1로5길 37 (석우동),경기도화성시삼성1로5길37,경기,N
두산에너빌리티(주),철강,정확,두산에너빌리티(주),창원국가산업단지,발전설비외,경상남도 창원시 성산구 두산볼보로 22(귀곡동) 외 9필지,경상남도창원시성산구두산볼보로22,경남,N
에스케이오션플랜트(주),철강,정확,에스케이오션플랜트(주),고성내산일반산업단지,선체블록,경상남도 고성군 동해면 내산3길 51-1,경상남도고성군동해면내산3길51-1,경남,Y
에스케이오션플랜트(주),철강,지점,에스케이오션플랜트(주)밀양2공장,밀양하남농공단지,후육관/강관,경상남도 밀양시 하남읍 양동농공단지길 65-22,경상남도밀양시하남읍양동농공단지길65-22,경남,Y
에스케이오션플랜트(주),철강,지점,에스케이오션플랜트(주)밀양제1공장,밀양하남농공단지,금속조립 구조제 제조,경상남도 밀양시 하남읍 양동농공단지길 40,경상남도밀양시하남읍양동농공단지길40,경남,Y
에스케이오션플랜트(주),철강,지점,에스케이오션플랜트(주)가공공장, ,조립용 금속구조재 및 구성부분품,경상남도 고성군 동해면 조선특구로 2029 (총 6 필지) 외 5필지,경상남도고성군동해면조선특구로2029,경남,Y
포스코스틸리온(주),철강,지점,포스코스틸리온(주)컬러공장,포항철강지방산업단지,"도장강판,냉연강판 가공",경상북도 포항시 남구 대송로 243 외 2필지,경상북도포항시남구대송로243,경북,Y
포스코스틸리온(주),철강,지점,포스코스틸리온(주)도금공장,포항철강지방산업단지,"아연,알루미늄 도금강판",경상북도 포항시 남구 철강로 173(장흥동) 외 3필지,경상북도포항시남구철강로173,경북,Y
현대비앤지스틸(주),철강,정확,현대비앤지스틸(주),광주하남일반산업단지,자동차엔진부품,광주광역시 광산구 하남산단7번로 47 (오선동),광주광역시광산구하남산단7번로47,광주,N
현대비앤지스틸(주),철강,정확,현대비앤지스틸(주),울산미포국가산업단지,자동차엔진부품,울산광역시 남구 납도로 90 (여천동),울산광역시남구납도로90,울산,N
현대비앤지스틸(주),철강,정확,현대비앤지스틸(주),아산국가산업단지(고대부곡지구),철강 가공품,충청남도 당진시 송악읍 부곡공단4길 28-51,충청남도당진시송악읍부곡공단4길28-51,충남,Y
현대비앤지스틸(주),철강,정확,현대비앤지스틸(주),당진송산제2일반산업단지,"엔진부품, 전기(태양력 발전업)",충청남도 당진시 송산면 동곡리 397번지,충청남도당진시송산면동곡리397번지,충남,N
현대비앤지스틸(주),철강,정확,현대비앤지스틸(주),창원국가산업단지,"스텐레스,강판,강대","경상남도 창원시 성산구 적현로 124 (신촌동, 비앤지스틸(주)) 외 4필지",경상남도창원시성산구적현로124),경남,Y
현대제철(주),철강,정확,현대제철(주), ,"H형강,철근,스테인레스,주강품","인천광역시 동구 중봉대로 63 (송현동, 현대제철) (총 20 필지)",인천광역시동구중봉대로63,인천,Y
현대제철(주),철강,정확,현대제철(주),광주하남일반산업단지,고철가공처리,광주광역시 광산구 하남산단10번로 176 (도천동),광주광역시광산구하남산단10번로176,광주,Y
현대제철(주),철강,정확,현대제철(주),당진제1철강일반산업단지,"열연강판, 봉강",충청남도 당진시 송악읍 북부산업로 1480 (현대스틸) (총 47 필지),충청남도당진시송악읍북부산업로1480,충남,Y
현대제철(주),철강,정확,현대제철(주),당진송산제2일반산업단지,냉간압연제품,충청남도 당진시 송산면 0-0번지 송산2일반산업단지내 A3-2블럭,충청남도당진시송산면0-0번지송산2일반산업단지내A3-2블럭,충남,Y
현대제철(주),철강,정확,현대제철(주),당진송산제2일반산업단지,"수소가스, 연료전지 금속분리판",충청남도 당진시 송산면 가곡로 189,충청남도당진시송산면가곡로189,충남,Y
현대제철(주),철강,정확,현대제철(주),예산일반산업단지,자동차 차체용 부품,충청남도 예산군 삽교읍 산단2길 158,충청남도예산군삽교읍산단2길158,충남,N
현대제철(주),철강,정확,현대제철(주),여수율촌제1일반산업단지,"냉연강판, 도금강판",전라남도 순천시 해룡면 인덕로 300,전라남도순천시해룡면인덕로300,전남,Y
현대제철(주),철강,지점,현대제철(주)예산1공장,예산일반산업단지,자동차 차체용 부품,충청남도 예산군 삽교읍 산단1길 131,충청남도예산군삽교읍산단1길131,충남,N
현대제철(주),철강,지점,현대제철(주)예산2공장,예산일반산업단지,자동차 차체용 부품,충청남도 예산군 삽교읍 산단3길 107,충청남도예산군삽교읍산단3길107,충남,N
현대제철(주),철강,지점,현대제철(주)제1공장,포항철강지방산업단지,"H-BEAM,봉강,압연롤,중기부품외 ","경상북도 포항시 남구 동해안로 6363 (송내동, 현대제철)",경상북도포항시남구동해안로6363,경북,Y
현대제철(주),철강,지점,현대제철(주)제2공장,포항국가산업단지,"H빔,I빔,형강 등","경상북도 포항시 남구 철강로314번길 36 (장흥동, 현대제철)",경상북도포항시남구철강로314번길36,경북,Y
현대제철(주),철강,지점,현대제철(주)제3공장 ,포항철강지방산업단지,특수강가공  ,경상북도 포항시 남구 철강로 161 (장흥동),경상북도포항시남구철강로161,경북,Y
현대제철(주),철강,지점,현대제철(주)제4공장,포항철강지방산업단지,"철구조물,고철가공",경상북도 포항시 남구 대송면 철강산단로130번길 21 (총 2 필지),경상북도포항시남구대송면철강산단로130번길21,경북,Y
(주)NI스틸,철강,정확,주식회사 엔아이스틸, ,"교량,건축구조체",충청북도 충주시 동량면 수회길 264 외 12필지,충청북도충주시동량면수회길264,충북,Y
(주)NI스틸,철강,정확,(주)엔아이스틸, ,sheet pile(강널말뚝),전라남도 광양시 광양읍 백운로 600,전라남도광양시광양읍백운로600,전남,Y
(주)NI스틸,철강,정확,(주)엔아이스틸,포항국가산업단지,"박판,스켈프,U-LIB SHEET PILE, D-DECK PLATE, TRUSS GIRDER ","경상북도 포항시 남구 장흥로 173 (장흥동, (주)N.I스틸)",경상북도포항시남구장흥로173N.I스틸),경북,Y
(주)NI스틸,철강,지점,(주)엔아이스틸 제1공장, ,"H-Beam, Steel pipe",충청남도 당진시 송악읍 순성로 777-66 외 7필지,충청남도당진시송악읍순성로777-66,충남,Y
(주)NI스틸,철강,지점,(주)엔아이스틸 제3공장, ,"시스템 비계, 시스템 동바리",충청남도 당진시 송악읍 순성로 777-56,충청남도당진시송악읍순성로777-56,충남,N
(주)NI스틸,철강,지점,(주)엔아이스틸 제4공장, ,조립빔 및 철골기둥보,충청남도 당진시 송악읍 순성로 777-57,충청남도당진시송악읍순성로777-57,충남,Y
(주)NI스틸,철강,지점,(주)엔아이스틸 제2공장, ,"SHEET PILE, H.BEAM",충청남도 당진시 순성면 순성로 753 외 23필지,충청남도당진시순성면순성로753,충남,N
(주)SIMPAC,철강,정확,(주)SIMPAC, ,프레스,인천광역시 부평구 부평북로 127 (청천동) 외 2필지,인천광역시부평구부평북로127,인천,N
(주)SIMPAC,철강,정확,(주)심팩,뷰티풀파크,금속조립구조재,인천광역시 서구 오류동 1616-7번지 외 2필지,인천광역시서구오류동1616-7번지,인천,Y
(주)SIMPAC,철강,지점,(주)심팩인더스트리 가좌공장, ,감속기외,인천광역시 서구 건지로 124 (가좌동) 외 1필지,인천광역시서구건지로124,인천,N
(주)SIMPAC,철강,지점,(주)SIMPAC 당진공장, ,"가공철판, 합금철","충청남도 당진시 정미면 정미로 438,  (신시리 303-9) (총 23 필지) 외 22필지",충청남도당진시정미면정미로438,충남,Y
(주)SIMPAC,철강,지점,(주)심팩 포항1공장 ,포항철강지방산업단지,"Fe Mn,Si-Mn",경상북도 포항시 남구 괴동로 153 (괴동동),경상북도포항시남구괴동로153,경북,N
(주)SIMPAC,철강,지점,(주)심팩 포항2공장  ,포항국가산업단지,제지 및 제철용 roller,경상북도 포항시 남구 서원재로 22 (호동),경상북도포항시남구서원재로22,경북,Y
(주)TCC스틸,철강,정확,(주)티씨씨스틸 ,포항철강지방산업단지,전기주석도금강판,경상북도 포항시 남구 괴동로 100 (장흥동),경상북도포항시남구괴동로100,경북,Y
(주)대륙제관,철강,정확,(주)대륙제관, ,철재용기,충청남도 아산시 영인면 영인로202번길 14-15 외 1필지,충청남도아산시영인면영인로202번길14-15,충남,Y
(주)대륙제관,철강,정확,(주)대륙제관,아산영인농공단지,"휴대용부탄가스,윤활유can,식관can",충청남도 아산시 영인면 영인로202번길 17 (총 2 필지),충청남도아산시영인면영인로202번길17,충남,Y
(주)대륙제관,철강,지점,(주)대륙제관 2공장, ,"금속캔TOP완제품,금속캔BOTTOM완제품",충청남도 아산시 영인면 신운리 151-2 외 1필지,충청남도아산시영인면신운리151-2,충남,Y
(주)대양금속,철강,정확,대양금속,서대구일반산업단지,자동차부품,대구광역시 서구 와룡로87길 31 (이현동),대구광역시서구와룡로87길31,대구,N
(주)대양금속,철강,정확,대양금속(주), ,"샷시,창호",경기도 고양시 덕양구 용두로47번안길 70-2 (용두동),경기도고양시덕양구용두로47번안길70-2,경기,Y
(주)대양금속,철강,정확,대양금속,시화국가산업단지,"lcd,pdp장비부품","경기도 시흥시 정왕천로 197, A동 1층 114호 (정왕동, 동우디지털파크)",경기도시흥시정왕천로197A동1층114호,경기,N
(주)대양금속,철강,정확,(주)대양금속, ,"스포츠시설물, 휀스 외 기타 조립식 금속 구조물",경기도 용인시 처인구 양지면 한터로 327,경기도용인시처인구양지면한터로327,경기,Y
(주)대양금속,철강,정확,대양금속, ,케이스,경기도 김포시 대곶면 대곶북로305번길 42-14,경기도김포시대곶면대곶북로305번길42-14,경기,N
(주)대양금속,철강,정확,(주)대양금속, ,"휀스,난간",경기도 화성시 정남면 덕절중앙길 94-7,경기도화성시정남면덕절중앙길94-7,경기,N
(주)대양금속,철강,정확,(주)대양금속, ,스텐레스 냉연강판,충청남도 예산군 신암면 추사로 146-8,충청남도예산군신암면추사로146-8,충남,Y
(주)대양금속,철강,정확,대양금속, ,변압기클램프도장품,경상북도 경주시 외동읍 구어리 산 36-31번지,경상북도경주시외동읍구어리산36-31번지,경북,N
(주)대양금속,철강,정확,(주)대양금속,김해GoldenRoot일반산업단지,스테인리스 냉연강판,경상남도 김해시 주촌면 골든루트로 80-115,경상남도김해시주촌면골든루트로80-115,경남,Y
(주)대창스틸,철강,정확,(주)대창스틸,남동국가산업단지,냉연강판,"인천광역시 남동구 아암대로 1213, 168블록25로트 (고잔동)",인천광역시남동구아암대로1213168블록25로트,인천,Y
(주)대창스틸,철강,정확,(주)대창스틸, ,바닥재,경기도 파주시 파주읍 돈유1로 14,경기도파주시파주읍돈유1로14,경기,N
(주)대창스틸,철강,정확,(주)대창스틸, ,냉연강판,충청남도 아산시 둔포면 아산밸리동로 58 (총 7 필지) 외 6필지,충청남도아산시둔포면아산밸리동로58,충남,Y
(주)대창스틸,철강,정확,(주) 대창스틸,서산오토밸리일반산업단지,철강 가공,충청남도 서산시 지곡면 무장산업로 201-47,충청남도서산시지곡면무장산업로201-47,충남,Y
(주)대호에이엘,알루미늄,정확,(주)대호에이엘,달성일반산업단지,알미늄판제,대구광역시 달성군 논공읍 논공중앙로 211,대구광역시달성군논공읍논공중앙로211,대구,Y
(주)대호에이엘,알루미늄,정확,(주)대호에이엘,달성2차일반산업단지,공기순환기,대구광역시 달성군 구지면 달성2차1로 10 (대호에이엘),대구광역시달성군구지면달성2차1로10,대구,N
(주)대호에이엘,알루미늄,지점,(주)대호에이엘 구지공장,달성2차일반산업단지,"자동차부품, 알루미늄잉고트 외",대구광역시 달성군 구지면 내리 853-8번지,대구광역시달성군구지면내리853-8번지,대구,Y
(주)대호특수강,철강,정확,(주)대호특수강,충주제2지방산업단지,냉간압조용강선,"충청북도 충주시 충주산단1로 95, (제2산단) (용탄동)",충청북도충주시충주산단1로95,충북,Y
(주)대호특수강,철강,정확,대호특수강, ,후판환봉,경상남도 창원시 마산회원구 봉암공단11길 22 (봉암동),경상남도창원시마산회원구봉암공단11길22,경남,Y
(주)대호특수강,철강,지점,(주)대호특수강 포항공장,포항국가산업단지,"CHQ선재(냉간압조용선재),직선바","경상북도 포항시 남구 서원재로 44(호동, (주)대호특수강 포항공장)",경상북도포항시남구서원재로44대호특수강포항공장),경북,Y
(주)대호특수강,철강,지점,(주)대호특수강 양산공장, ,냉간압조용선재,경상남도 양산시 산막공단북4길 13(산막동),경상남도양산시산막공단북4길13,경남,Y
(주)덕신이피씨,철강,정확,(주)덕신이피씨, ,"데크,플레이트",충청남도 천안시 동남구 수신면 수신로 485-34 외 22필지,충청남도천안시동남구수신면수신로485-34,충남,Y
(주)덕신이피씨,철강,지점,주식회사 덕신이피씨 제2공장, ,데크플레이트,충청남도 천안시 동남구 수신면 속창리 268번지,충청남도천안시동남구수신면속창리268번지,충남,Y
(주)동국에스엔씨,철강,정확,(주)동국에스엔씨,포항철강지방산업단지,윈드타워,"경상북도 포항시 남구 대송로 62(장흥동, (주)동국S&C) 외 2필지",경상북도포항시남구대송로62동국S&C),경북,Y
(주)동국에스엔씨,철강,정확,(주)동국S&C,용한2지구도시개발사업,윈드타워 외,경상북도 포항시 북구 흥해읍 해안로 964,경상북도포항시북구흥해읍해안로964,경북,Y
(주)동국에스엔씨,철강,지점,(주)동국에스엔씨 제3공장  ,포항철강지방산업단지,WIND TOWER,경상북도 포항시 남구 철강로 181 (장흥동),경상북도포항시남구철강로181,경북,Y
(주)삼표시멘트,시멘트,지점,(주)삼표시멘트 부산사업소, ,시멘트,부산광역시 서구 원양로 268 (암남동) (총 20 필지) 외 19필지,부산광역시서구원양로268,부산,Y
(주)삼표시멘트,시멘트,지점,동양시멘트(주)파주사업소, ,레미콘,경기도 파주시 다율동 4-5번지,경기도파주시다율동4-5번지,경기,Y
(주)삼표시멘트,시멘트,지점,(주)삼표시멘트 광양슬래그공장,광양국가산업단지,슬래그시멘트,전라남도 광양시 태인3길 90(태인동) 외 2필지,전라남도광양시태인3길90,전남,Y
(주)삼표시멘트,시멘트,지점,(주)삼표시멘트 동해공장, ,시멘트,강원특별자치도 동해시 송정동 559 번지 (대동로 210),강원특별자치도동해시송정동559번지,강원,Y
(주)삼표시멘트,시멘트,지점,(주)삼표시멘트 삼척공장, ,"시멘트, Pet-Coke Powder","강원특별자치도 삼척시 동양길 20 (사직동, 동양시멘트)",강원특별자치도삼척시동양길20,강원,Y
(주)삼표시멘트,시멘트,지점,(주)삼표시멘트 군산사업소,군산일반산업단지,시멘트, ,,전북,Y
(주)성광벤드,철강,정확,(주)성광벤드,명지녹산국가산업단지,관이음쇠,부산광역시 강서구 녹산산단261로74번길 14 (송정동),부산광역시강서구녹산산단261로74번길14,부산,Y
(주)성광벤드,철강,정확,(주)성광벤드,명지녹산국가산업단지,"관이음쇠,강관",부산광역시 강서구 녹산산단262로 26 (송정동) (총 2 필지) 외 1필지,부산광역시강서구녹산산단262로26,부산,Y
(주)성광벤드,철강,정확,(주)성광벤드,명지녹산국가산업단지,관이음쇠,부산광역시 강서구 녹산산단262로 35 (송정동),부산광역시강서구녹산산단262로35,부산,Y
(주)성광벤드,철강,정확,(주)성광벤드,명지녹산국가산업단지,관이음쇠,부산광역시 강서구 녹산산단262로50번길 14 (송정동),부산광역시강서구녹산산단262로50번길14,부산,Y
(주)성광벤드,철강,정확,(주)성광벤드,명지녹산국가산업단지,파이프,부산광역시 강서구 녹산산단262로49번길 55 (송정동),부산광역시강서구녹산산단262로49번길55,부산,Y
(주)성광벤드,철강,정확,(주)성광벤드,명지녹산국가산업단지,용접용 관이음쇠,부산광역시 강서구 녹산산업북로221번길 9 (송정동),부산광역시강서구녹산산업북로221번길9,부산,Y
(주)알루코,알루미늄,정확,(주)알루코, ,금속절삭기계,경기도 화성시 정남면 귀래리 458-1번지,경기도화성시정남면귀래리458-1번지,경기,Y
(주)알루코,알루미늄,정확,(주)알루코,논산양지제2농공단지,"알루미늄 건축구조재, 자동차 관련 부품 등","충청남도 논산시 연무읍 원앙로503번길 127-38, (동양강철 논산공장)",충청남도논산시연무읍원앙로503번길127-38,충남,Y
(주)알루코,알루미늄,지점,(주)알루코 제2공장,"대전지방1,2지방산업단지",알루미늄 샷시,"대전광역시 대덕구 대화로 100 (대화동, 동양강철2공장)",대전광역시대덕구대화로100,대전,Y
(주)알루코,알루미늄,지점,(주)알루코 제3공장,"대전지방1,2지방산업단지",알루미늄샷시 외,"대전광역시 대덕구 대화로119번길 31 (대화동, 동양강철제3공장)",대전광역시대덕구대화로119번길31,대전,Y
(주)알루코,알루미늄,지점,(주)알루코 제5공장,"대전지방1,2지방산업단지",알루미늄샷시,"대전광역시 대덕구 대화로 220 (대화동, 주식회사동양강철)",대전광역시대덕구대화로220,대전,Y
(주)원일특강,철강,정확,(주)원일특강,시화국가산업단지,금형,"경기도 시흥시 공단2대로256번길 4, 시화단지 3바 104호 (정왕동)",경기도시흥시공단2대로256번길4시화단지3바104호,경기,N
(주)원일특강,철강,정확,주식회사 원일특강,진천신척일반산업단지,특수강,충청북도 진천군 덕산읍 신척산단1로 43-29,충청북도진천군덕산읍신척산단1로43-29,충북,Y
(주)원일특강,철강,정확,(주)원일특강, ,주형 및 금형,경상남도 밀양시 하남읍 파서중앙길 34 외 28필지,경상남도밀양시하남읍파서중앙길34,경남,N
(주)원일특강,철강,지점,(주)원일특강 2공장,시화국가산업단지,금형제조,"경기도 시흥시 마유로42번길 35, 시화단지 3바 201호 (정왕동)",경기도시흥시마유로42번길35시화단지3바201호,경기,N
(주)유니온,시멘트,정확,유니온, ,기타봉제의복제조업,"서울특별시 중구 퇴계로18길 46 (남산동1가, 일문빌딩)",서울특별시중구퇴계로18길46,서울,N
(주)유니온,시멘트,정확,(주)유니온,명지녹산국가산업단지,sox scrubber,부산광역시 강서구 녹산산단382로49번길 12 (송정동) 외 1필지,부산광역시강서구녹산산단382로49번길12,부산,N
(주)유니온,시멘트,정확,(주)유니온,성서지방산업단지,PE 필름,"대구광역시 달서구 성서로24길 38, (2차단지 42B 18L) (2차단지 42B 18L) (월암동)",대구광역시달서구성서로24길38,대구,N
(주)유니온,시멘트,정확,유니온, ,핸드폰힌지,경기도 안양시 동안구 시민대로109번길 66 (호계동),경기도안양시동안구시민대로109번길66,경기,N
(주)유니온,시멘트,정확,(주)유니온, ,"정수기,제습기","경기도 김포시 대곶면 상마신기로41번길 102, 가동",경기도김포시대곶면상마신기로41번길102가동,경기,N
(주)유니온,시멘트,정확,(주)유니온, ,"백시멘트,알루미나시멘트,여과기,급결제",충청북도 청주시 상당구 가덕면 상장인차로 27 외 1필지,충청북도청주시상당구가덕면상장인차로27,충북,Y
(주)유니온,시멘트,정확,(주)유니온,대불국가산업단지,"성형철근, 흙경화제, 유흡착제",전라남도 영암군 삼호읍 소등로 146 (유니온(주)) 외 1필지,전라남도영암군삼호읍소등로146),전남,N
(주)유니온,시멘트,정확,(주)유니온,포항철강지방산업단지,시멘트,경상북도 포항시 남구 대송면 송덕로 143 ((주)유니온) (총 2 필지),경상북도포항시남구대송면송덕로143유니온),경북,Y
(주)유니온,시멘트,정확,(주)유니온,창원국가산업단지,PCB ASS'Y,"경상남도 창원시 의창구 차룡로14번길 17 (팔용동, (주)유니온)",경상남도창원시의창구차룡로14번길17유니온),경남,N
(주)유니온,시멘트,지점,(주)유니온 부산녹산지점, ,선박블럭,"부산광역시 영도구 해양로 125(청학동, (주)거청) 외 2필지",부산광역시영도구해양로125거청),부산,N
(주)유니온,시멘트,지점,유니온머티리얼(주)포항공장 ,포항철강지방산업단지,FERRTE NAGNET,경상북도 포항시 남구 대송로 223 (괴동동) (총 4 필지) 외 3필지,경상북도포항시남구대송로223,경북,N
(주)유니온,시멘트,지점,(주)유니온김해공장, ,ROCK BOLT,경상남도 김해시 김해대로2553번길 26 (어방동),경상남도김해시김해대로2553번길26,경남,N
(주)제일테크노스,철강,지점,(주)제일테크노스 광양1공장,여수율촌제1일반산업단지,"조선용후판전처리, 절단, 성형, 조립","전라남도 순천시 해룡면 율촌산단3로 40, 율촌제1일반산업단지 제1블럭",전라남도순천시해룡면율촌산단3로40율촌제1일반산업단지제1블럭,전남,Y
(주)제일테크노스,철강,지점,(주)제일테크노스 제3공장,포항철강지방산업단지,숏트블라스트,경상북도 포항시 남구 대송로 199 (괴동동) (총 4 필지),경상북도포항시남구대송로199,경북,N
(주)제일테크노스,철강,지점,(주)제일테크노스 제1공장,포항국가산업단지,테크플레이트,"경상북도 포항시 남구 장흥로39번길 7 (장흥동, (주)제일테크노스)",경상북도포항시남구장흥로39번길7제일테크노스),경북,N
(주)제일테크노스,철강,지점,(주)제일테크노스 제5공장,포항제4일반산업단지,조선용T_바,경상북도 포항시 남구 대송면 송덕로212번길 244,경상북도포항시남구대송면송덕로212번길244,경북,N
(주)제일테크노스,철강,지점,(주)제일테크노스 플랜트공장, ,철구조물(P/X빔),경상북도 경주시 안강읍 노당리 480번지 외 3필지,경상북도경주시안강읍노당리480번지,경북,Y
(주)케이피에프,철강,정확,케이피에프, ,"카본히팅케이블,동파열선",경기도 양주시 은현면 도하리 385-16번지 다동,경기도양주시은현면도하리385-16번지다동,경기,N
(주)케이피에프,철강,정확,(주)케이피에프,충주제2지방산업단지,"단조품류(베어링,하우징등), 볼트, 너트","충청북도 충주시 충주산단5로 50, (제2산업단지) (용탄동)",충청북도충주시충주산단5로50,충북,Y
(주)케이피에프,철강,정확,주식회사 케이피에프, ,마스크,경상남도 김해시 한림면 가동로 25-13,경상남도김해시한림면가동로25-13,경남,N
(주)케이피에프,철강,지점,(주)케이피에프 충주2공장,충주제2지방산업단지,"볼트,너트,나사제품,금속파트","충청북도 충주시 충주산단5로 66, (제2산업단지) (용탄동)",충청북도충주시충주산단5로66,충북,Y
(주)태광,철강,정확,태광,서울디지털국가산업단지,아동복,"서울특별시 구로구 디지털로33길 27 3층 312호 (구로동, 삼성IT밸리)",서울특별시구로구디지털로33길273층312호,서울,N
(주)태광,철강,정확,태광, ,밸브 핸들,"부산광역시 사하구 하신중앙로 109, 2층(신평동)",부산광역시사하구하신중앙로1092층,부산,N
(주)태광,철강,정확,(주)태광,명지녹산국가산업단지,"관이음쇠, 밸브",부산광역시 강서구 녹산산업대로 117-12 (송정동),부산광역시강서구녹산산업대로117-12,부산,Y
(주)태광,철강,정확,(주)태광,부산강서화전일반산업단지,"강관,관이음쇠류",부산광역시 강서구 화전산단2로 37 (화전동) (총 2 필지) 외 1필지,부산광역시강서구화전산단2로37,부산,Y
(주)태광,철강,정확,(주)태광,부산강서화전일반산업단지,"강관,관이음쇠류",부산광역시 강서구 화전산단5로 51 (화전동),부산광역시강서구화전산단5로51,부산,Y
(주)태광,철강,정확,(주)태광, ,살균소독제 (기타식품첨가물 외),인천광역시 서구 가석로 30 (가좌동) 광양프런티어밸리3차 1동 8F층 819호,인천광역시서구가석로30광양프런티어밸리3차1동8F층819호,인천,N
(주)태광,철강,정확,(주)태광,반월국가산업단지,수배전반 ,"경기도 안산시 단원구 별망로 453 3층 314호 (목내동, 광양프런티어밸리-2 지식산업센터)",경기도안산시단원구별망로4533층314호,경기,N
(주)태광,철강,정확,태광,시화국가산업단지,"기계, 자동제어기기","경기도 시흥시 옥구천서로93번길 14,1마 410 (정왕동)",경기도시흥시옥구천서로93번길141마410,경기,N
(주)태광,철강,정확,(주)태광, ,구두부속품,경기도 광주시 오포읍 매자리길27번길 103 외 1필지,경기도광주시오포읍매자리길27번길103,경기,N
(주)태광,철강,정확,(주)태광, ,"판넬,단열재",충청북도 진천군 이월면 산삼로 448 ((주)태광) (총 3 필지) 외 2필지,충청북도진천군이월면산삼로448태광),충북,Y
(주)태광,철강,정확,(주)태광, ,건설자재(앵커체),충청북도 음성군 대소면 대금로196번길 71 (총 2 필지) 외 1필지,충청북도음성군대소면대금로196번길71,충북,N
(주)태광,철강,정확,(주)태광, ,소방배관,충청남도 당진시 정미면 상구실로 102-34,충청남도당진시정미면상구실로102-34,충남,Y
(주)태광,철강,정확,(주)태광, ,금속부품,경상북도 경주시 안강읍 부곡길 25-92 ((주)태광),경상북도경주시안강읍부곡길25-92태광),경북,Y
(주)태광,철강,정확,태광, ,간판,경상북도 울진군 울진읍 고성1길 61-12 (태광광고),경상북도울진군울진읍고성1길61-12,경북,Y
(주)태광,철강,정확,주식회사 태광, ,철판절단 임가공,"경상남도 창원시 마산회원구 봉암공단9길 46 (봉암동, (주)태광)",경상남도창원시마산회원구봉암공단9길46태광),경남,Y
(주)태광,철강,정확,주식회사 태광, ,부이 및 박스,경상남도 고성군 상리면 부포로 199-14 외 7필지,경상남도고성군상리면부포로199-14,경남,N
(주)태광,철강,정확,(주)태광,동해북평지방산업단지,"door 제품,OA가구,주방가구",강원특별자치도 동해시 공단3로 24 (구호동),강원특별자치도동해시공단3로24,강원,N
(주)태광,철강,정확,(주)태광,동해북평지방산업단지,가구 도어,강원특별자치도 동해시 공단3로 14 (구호동),강원특별자치도동해시공단3로14,강원,N
(주)태광,철강,정확,(주)태광,익산국가산업단지,자동차부품제조업,"전북특별자치도 익산시 선화로 470-22 (신흥동, ㈜태광)",전북특별자치도익산시선화로470-22,전북,N
(주)태광,철강,지점,태광산업(주)반여공장, ,방적사,부산광역시 해운대구 선수촌로 202-13 (반여동),부산광역시해운대구선수촌로202-13,부산,N
(주)태광,철강,지점,태광후지킨(주)화전2공장,부산강서화전일반산업단지,반도체 설비용 밸브 등,부산광역시 강서구 화전산단3로 24 (화전동),부산광역시강서구화전산단3로24,부산,N
(주)태광,철강,지점,(주)태광산업 대구사업소,대구염색일반산업단지,폴리에스텔.나염,대구광역시 서구 염색공단중앙로 95 (비산동),대구광역시서구염색공단중앙로95,대구,N
(주)태광,철강,지점,태광공업사2공장,성서지방산업단지,농업및임업용기계제조업,"대구광역시 달서구 달서대로64길 102, 2차단지 48B 3L (대천동)",대구광역시달서구달서대로64길1022차단지48B3L,대구,Y
(주)태광,철강,지점,(주)태광노이공장, ,건축용목제품,대구광역시 달성군 논공읍 노이길 12-1,대구광역시달성군논공읍노이길12-1,대구,N
(주)태광,철강,지점,(주)태광산업 공단지점,남동국가산업단지,"편조선,연선",인천광역시 남동구 남동동로 195 (고잔동),인천광역시남동구남동동로195,인천,N
(주)태광,철강,지점,(주)태광안전유리 지점, ,"유리제품(강화유리 , 방화유리,  복층유리)",인천광역시 서구 보도진로30번길 5 (가좌동),인천광역시서구보도진로30번길5,인천,Y
(주)태광,철강,지점,태광산업(주) 석유화학2공장,울산미포국가산업단지,프로필렌(ANP),"울산광역시 남구 산안로 46 (여천동, 태광산업(주))",울산광역시남구산안로46),울산,N
(주)태광,철강,지점,태광산업(주)석유화학1공장,울산미포국가산업단지,PTA,"울산광역시 남구 신여천로 154 (여천동, PTA크레인하우스(주))",울산광역시남구신여천로154),울산,N
(주)태광,철강,지점,태광산업(주) 석유화학3공장,울산미포국가산업단지,아크릴로니트릴,"울산광역시 남구 부곡로 68 (부곡동, 태광산업(주)석유화학3공장) 외 3필지",울산광역시남구부곡로68석유화학3공장),울산,N
(주)태광,철강,지점,태광정밀 2공장, ,"자동차부품[CASE,WASHER,TUBE]",경기도 평택시 청북읍 고잔리 504-6 외 2필지,경기도평택시청북읍고잔리504-6,경기,N
(주)태광,철강,지점,(주)태광글로벌 경주공장, ,"화섬직물, 면직물","경상북도 경주시 유림로13번길 93-1 (황성동, 태광산업)",경상북도경주시유림로13번길93-1,경북,N
(주)태광,철강,지점,태광산업(주)제2공장, ,순면사,"경상북도 경주시 유림로13번길 93-2 (황성동, 태광산업)",경상북도경주시유림로13번길93-2,경북,N
(주)태광,철강,지점,(주)태광금속 제2공장, ,"금속절삭가공품,자동차부품",경상북도 영천시 금호읍 칠백로 291 외 2필지,경상북도영천시금호읍칠백로291,경북,Y
(주)태광,철강,지점,(주)태광뉴텍 밀양공장,밀양초동농공단지,플라스틱필름제조업,경상남도 밀양시 초동면 초동농공단지길 39-4,경상남도밀양시초동면초동농공단지길39-4,경남,N
(주)태광,철강,지점,태광산업(주) 웅상공장 2공장, ,섬유,경상남도 양산시 소주공단3길 75 (소주동),경상남도양산시소주공단3길75,경남,N
(주)태광,철강,지점,태광산업(주)웅상공장, ,ACELAN,경상남도 양산시 소주공단4길 54 (소주동),경상남도양산시소주공단4길54,경남,N
(주)태양,철강,정확,태양, ,"심폐소생술 모형, 마우스쉴드","서울특별시 영등포구 가마산로46가길 9, 지하 (대림동)",서울특별시영등포구가마산로46가길9지하,서울,N
(주)태양,철강,정확,태양, ,폴리머 전기절연물(폴리머 COS),부산광역시 강서구 대저중앙로357번길 23 (대저1동),부산광역시강서구대저중앙로357번길23,부산,N
(주)태양,철강,정확,(주)태양, ,신발(안전화),"부산광역시 사상구 사상로 433, 2~7층 (모라동)",부산광역시사상구사상로4332~7층,부산,N
(주)태양,철강,정확,태양, ,"모니터 받침대, 칫솔살균기, 무선충전기, USB HUB","인천광역시 부평구 무네미로448번길 56(구산동, 한국폴리텍대학(인천캠퍼스))",인천광역시부평구무네미로448번길56),인천,N
(주)태양,철강,정확,태양,시화국가산업단지,프로파일,"경기도 시흥시 공단1대로 13, 1동 1층 135호 (정왕동, 삼양 스마트 테크노파크)",경기도시흥시공단1대로131동1층135호,경기,N
(주)태양,철강,정확,태양, ,음식물폐기물 감량기,경기도 화성시 효행로 846-30 (안녕동),경기도화성시효행로846-30,경기,N
(주)태양,철강,정확,(주)태양, ,자동차부품,경기도 포천시 가산면 방산길 64,경기도포천시가산면방산길64,경기,N
(주)태양,철강,정확,(주)태양, ,종이,충청북도 청주시 상당구 가덕면 행정리 84-1번지,충청북도청주시상당구가덕면행정리84-1번지,충북,N
(주)태양,철강,정확,(주)태양, ,"제관,가스,살균,살충제,화장품등",충청남도 천안시 서북구 업성1길 27 (업성동) 외 5필지,충청남도천안시서북구업성1길27,충남,Y
(주)태양,철강,정확,(주)태양, ,태양집열기,충청남도 논산시 연산면 연산리 380-15번지,충청남도논산시연산면연산리380-15번지,충남,N
(주)태양,철강,정확,주식회사 태양, ,일반철물제조,충청남도 당진시 고대면 당미로 450 (공장) 외 1필지,충청남도당진시고대면당미로450,충남,Y
(주)태양,철강,정확,태양, ,"보조사료,단미사료,배합사료",충청남도 예산군 오가면 오가중앙로 20,충청남도예산군오가면오가중앙로20,충남,N
(주)태양,철강,정확,주식회사 태양, ,"포장완충재, 농산물포장자재",경상북도 김천시 감천면 금감로 1532-26 외 3필지,경상북도김천시감천면금감로1532-26,경북,N
(주)태양,철강,정확,(주)태양,경산제1일반산업단지,"기계식덕트, 스파이럴덕트",경상북도 경산시 진량읍 공단4로 92,경상북도경산시진량읍공단4로92,경북,N
(주)태양,철강,지점,태양합성(주) 제3공장,남동국가산업단지,계면활성제,"인천광역시 남동구 능허대로649번길 92, 131블럭 13로트 (고잔동) (총 2 필지)",인천광역시남동구능허대로649번길92131블럭13로트,인천,N
(주)태양,철강,지점,태양정공(주) 온양공장, ,자동차부품(머플러 행거 등),울산광역시 울주군 온양읍 삼광리 718-2번지,울산광역시울주군온양읍삼광리718-2번지,울산,N
(주)태양,철강,지점,(주)태양에스티 시화공단지점,시화국가산업단지,"기계 및 자동차부품,금속패널","경기도 시흥시 마유로 62, 3마 817-3 (정왕동)",경기도시흥시마유로623마817-3,경기,Y
(주)태양,철강,지점,(주)태양FSD 제2공장 , ,방화문 ,"경기도 파주시 파주읍 오봉골길 242, 4동",경기도파주시파주읍오봉골길2424동,경기,N
(주)태양,철강,지점,(주)태양 화성공장, ,공조용 닥트,경기도 화성시 향남읍 발안로 336-7 2층,경기도화성시향남읍발안로336-72층,경기,N
(주)태양,철강,지점,태양기계(주) 제1공장, ,"DIFF CARRIER,PINION HOUSING",경기도 화성시 팔탄면 푸른들판로 843-24 (태양기계(주)) 외 2필지,경기도화성시팔탄면푸른들판로843-24),경기,N
(주)태양,철강,지점,태양조명공업(주) 지점, ,조명기구,경기도 광주시 회덕길 18-12 (회덕동) (총 2 필지) 외 1필지,경기도광주시회덕길18-12,경기,N
(주)태양,철강,지점,태양정밀2공장, ,쇼케이스,충청남도 천안시 서북구 입장면 입장로 233-8 ((주)안성파워스틸),충청남도천안시서북구입장면입장로233-8안성파워스틸),충남,N
(주)태웅,철강,정확,(주)태웅,명지녹산국가산업단지,단조품,부산광역시 강서구 녹산산단27로 67 (송정동) 외 2필지,부산광역시강서구녹산산단27로67,부산,Y
(주)태웅,철강,정확,(주)태웅,명지녹산국가산업단지,플랜지등 단조품가공,부산광역시 강서구 녹산산단335로 24-11 (송정동),부산광역시강서구녹산산단335로24-11,부산,Y
(주)태웅,철강,정확,(주)태웅,부산강서화전일반산업단지,"인고트,BLOOM",부산광역시 강서구 화전산단1로 15 (화전동),부산광역시강서구화전산단1로15,부산,N
(주)태웅,철강,정확,(주)태웅,반월국가산업단지,연성 PCB,"경기도 안산시 단원구 산단로 232, 2층 211호(원시동, 신안산비즈스타복합지식산업센터)",경기도안산시단원구산단로2322층211호,경기,N
(주)태웅,철강,정확,(주)태웅, ,절연금속선 및 케이블,경기도 화성시 장안면 수정로 110-44,경기도화성시장안면수정로110-44,경기,Y
(주)태웅,철강,정확,(주)태웅, ,전자제어식 현가장치,충청남도 천안시서북구 성환읍 율금리 157-3번지,충청남도천안시서북구성환읍율금리157-3번지,충남,N
(주)태웅,철강,정확,(주)태웅,왜관일반산업단지,폴리에스텔직물,"경상북도 칠곡군 왜관읍 공단로8길 157, 1단지 27B-13-1L",경상북도칠곡군왜관읍공단로8길1571단지27B-13-1L,경북,N
(주)태웅,철강,정확,(주)태웅,창원국가산업단지,상호조립,경상남도 창원시 의창구 반계로 15 (팔용동),경상남도창원시의창구반계로15,경남,N
(주)태웅,철강,정확,(주)태웅, ,금속제창,경상남도 창원시 의창구 북면 천주로 463,경상남도창원시의창구북면천주로463,경남,Y
(주)태웅,철강,정확,태웅,창원국가산업단지,chuck & jig fixture,"경상남도 창원시 성산구 완암로 50, 테크동 4층 401호 (성산동, SK테크노파크)",경상남도창원시성산구완암로50테크동4층401호,경남,N
(주)태웅,철강,지점,(주)태웅에스엔티 녹산지점,명지녹산국가산업단지,Main Shaft,부산광역시 강서구 녹산산업북로 75 (송정동),부산광역시강서구녹산산업북로75,부산,N
(주)태웅,철강,지점,(주)태웅에스엔티 미음지점,부산미음일반산업단지,풍력메인샤프트,부산광역시 강서구 구랑동 1185-1번지,부산광역시강서구구랑동1185-1번지,부산,N
(주)하이스틸,철강,정확,(주)하이스틸,남동국가산업단지,강관정척절단품,"인천광역시 남동구 남동동로78번길 6,  152블럭 14로트 (고잔동)",인천광역시남동구남동동로78번길6152블럭14로트,인천,Y
(주)하이스틸,철강,정확,(주)하이스틸,남동국가산업단지,일반구조용 강관,"인천광역시 남동구 남동대로 139, 4번지 89블럭 4,10로트 (고잔동)",인천광역시남동구남동대로1394번지89블럭410로트,인천,Y
(주)하이스틸,철강,정확,하이스틸(주), ,"절단철강재, 자동차부품",충청남도 아산시 둔포면 장영실로 929-1,충청남도아산시둔포면장영실로929-1,충남,Y
(주)하이스틸,철강,정확,(주)하이스틸,아산국가산업단지(고대부곡지구),강관,충청남도 당진시 송악읍 부곡공단4길 28-252 (하이스틸 당진공장),충청남도당진시송악읍부곡공단4길28-252,충남,Y
(주)하이스틸,철강,정확,주식회사 하이스틸,의령봉수농공단지,"철선, 철망, 와이어메쉬",경상남도 의령군 봉수면 한지18길 31 ((주)하이스틸),경상남도의령군봉수면한지18길31하이스틸),경남,Y
(주)하이스틸,철강,정확,(주)하이스틸,함안일반산업단지,"육상금속골조구조재, 강관",경상남도 함안군 군북면 함안산단5길 19,경상남도함안군군북면함안산단5길19,경남,Y
(주)하이스틸,철강,지점,(주)하이스틸 당진 2공장,아산국가산업단지(고대부곡지구),"서브머지드아크용접강관, 전기저항용접강관","충청남도 당진시 부곡공단4길 28 -129(송악읍, (주)하이스틸)",충청남도당진시부곡공단4길28-129하이스틸),충남,Y
(주)한국특강,철강,정확,(주)한국특강,명지녹산국가산업단지,각종형강,부산광역시 강서구 녹산산단407로 84 (송정동),부산광역시강서구녹산산단407로84,부산,Y
(주)한국특강,철강,정확,(주)한국특강,사상재생사업지구,압연제품,부산광역시 사상구 장인로77번길 52(학장동) 외 1필지,부산광역시사상구장인로77번길52,부산,Y
(주)한국특강,철강,정확,(주)한국특강,칠서일반산업단지,"앵글,평강외, 철근","경상남도 함안군 칠서면 공단동길 98, (주)한국특강",경상남도함안군칠서면공단동길98한국특강,경남,Y
(주)휴스틸,철강,정확,(주)휴스틸,달성2차일반산업단지,STS강관,대구광역시 달성군 구지면 달성2차2로 38,대구광역시달성군구지면달성2차2로38,대구,Y
(주)휴스틸,철강,정확,(주)휴스틸,아산국가산업단지(고대부곡지구),강관,충청남도 당진시 송악읍 부곡공단4길 28-17,충청남도당진시송악읍부곡공단4길28-17,충남,Y
(주)휴스틸,철강,정확,(주)휴스틸,아산국가산업단지(고대부곡지구),강관,"충청남도 당진시 송악읍 부곡공단로 131 (송악읍, 휴스틸(주))",충청남도당진시송악읍부곡공단로131),충남,Y
(주)휴스틸,철강,정확,(주)휴스틸,대불국가산업단지,강관,전라남도 영암군 삼호읍 대불산단3로 150 ((주)휴스틸),전라남도영암군삼호읍대불산단3로150휴스틸),전남,Y
(주)휴스틸,철강,정확,(주)휴스틸,군산2국가산업단지,강관,전북특별자치도 군산시 군산산단로 49 (비응도동),전북특별자치도군산시군산산단로49,전북,Y
(주)휴스틸,철강,지점,(주)휴스틸대구영업소,북구검단일반산업단지,강관 및 철강제품,대구광역시 북구 검단공단로 98 (검단동),대구광역시북구검단공단로98,대구,Y
DSR제강(주),철강,정확,디에스알제강(주),여수율촌제1일반산업단지,"와이어 로프, 경강선","전라남도 순천시 해룡면 율촌산단1로 80-21,율촌제1일반산업단지 제9블럭",전라남도순천시해룡면율촌산단1로80-21율촌제1일반산업단지제9블럭,전남,Y
DSR제강(주),철강,정확,디에스알제강(주),순천일반산업단지,와이어로프,전라남도 순천시 서면 산단1길 15 (DSR제강),전라남도순천시서면산단1길15,전남,Y
DSR제강(주),철강,지점,디에스알제강(주) 제2공장,순천일반산업단지,와이어로프,전라남도 순천시 서면 산단4길 38 (DSR제강(주)),전라남도순천시서면산단4길38),전남,Y
KG스틸(주),철강,정확,케이지스틸 주식회사,아산국가산업단지(고대부곡지구),"냉연(아연도,석도) 강판",충청남도 당진시 송악읍 북부산업로 1228 외 3필지,충청남도당진시송악읍북부산업로1228,충남,Y
KG스틸(주),철강,정확,(주)케이지스틸,김해테크노밸리일반산업단지,절삭가동,경상남도 김해시 진례면 테크노밸리로 201,경상남도김해시진례면테크노밸리로201,경남,N
KG스틸(주),철강,지점,케이지스틸(주) 인천공장,인천일반산업단지,냉간압연압출및인발제품제조외6,인천광역시 서구 백범로 789 (가좌동),인천광역시서구백범로789,인천,Y
KG케미칼(주),비료,정확,케이지케미칼(주),온산국가산업단지,"비료, 정수처리제",울산광역시 울주군 온산읍 당월로 322,울산광역시울주군온산읍당월로322,울산,Y
KG케미칼(주),비료,지점,케이지케미칼(주)이천공장, ,비료,경기도 이천시 장호원읍 설장로 599-144 외 1필지,경기도이천시장호원읍설장로599-144,경기,Y
KG케미칼(주),비료,지점,케이지케미칼(주)맞춤음성공장, ,유기질비료,충청북도 음성군 삼성면 대덕로 175-23,충청북도음성군삼성면대덕로175-23,충북,Y
KG케미칼(주),비료,지점,케이지케미칼(주)청도공장 , ,유기질비료,경상북도 청도군 각남면 옥산길 133,경상북도청도군각남면옥산길133,경북,Y
경남스틸(주),철강,정확,경남스틸(주),광양국가산업단지,냉연압연강판,전라남도 광양시 장내길 24 (태인동) 외 2필지,전라남도광양시장내길24,전남,Y
경남스틸(주),철강,정확,경남스틸(주),창원국가산업단지,냉연 및 도금제,"경상남도 창원시 성산구 연덕로15번길 10 (웅남동, 경남스틸 웅남동 공장)",경상남도창원시성산구연덕로15번길10,경남,Y
경남스틸(주),철강,정확,경남스틸,진주상평일반산업단지,건축부속자재,경상남도 진주시 공단로 124(상평동),경상남도진주시공단로124,경남,N
경남스틸(주),철강,지점,경남스틸(주) 광양2공장,광양국가산업단지,"냉연,열연 강판",전라남도 광양시 장내길 47 (태인동),전라남도광양시장내길47,전남,Y
고려제강(주),철강,정확,고려제강(주),함안일반산업단지,와이어로프 등,경상남도 함안군 군북면 함안산단4길 25,경상남도함안군군북면함안산단4길25,경남,Y
고려제강(주),철강,지점,고려제강(주) 하이프로공장,기장정관일반산업단지,와이어로프,부산광역시 기장군 정관면 산단6로 5 (고려제강(주)),부산광역시기장군정관면산단6로5),부산,Y
고려제강(주),철강,지점,고려제강(주)언양공장,울산상북농공단지,콘트롤케이블,울산광역시 울주군 상북면 양등농공길 53 (총 2 필지) 외 1필지,울산광역시울주군상북면양등농공길53,울산,N
고려제강(주),철강,지점,고려제강(주) 건천공장,경주건천제2일반산업단지,"PC강연선, 도금선 특수이형선(송유관용 압연선=특수이형선)",경상북도 경주시 건천읍 용명공단길 173-91,경상북도경주시건천읍용명공단길173-91,경북,Y
고려제강(주),철강,지점,고려제강(주)유산공장,양산일반산업단지,와이어로프,"경상남도 양산시 어실로 1 (유산동, 고려제강(주)유산공장)",경상남도양산시어실로1유산공장),경남,Y
고려제강(주),철강,지점,고려제강(주)양산공장, ,외이어로프,경상남도 양산시 상북면 양산대로 1314,경상남도양산시상북면양산대로1314,경남,Y
금강공업(주),철강,정확,금강공업(주),부산신평장림일반산업단지(협업단지),선박및건축기자재제조,부산광역시 사하구 다산로 110 (다대동),부산광역시사하구다산로110,부산,N
금강공업(주),철강,정확,(주)금강공업, ,섬유기계 (방사기),경상북도 영천시 청통면 관방길 156,경상북도영천시청통면관방길156,경북,N
금강공업(주),철강,정확,금강공업, ,금속압형제품,경상남도 김해시 주촌면 서부로1403번길 8-25,경상남도김해시주촌면서부로1403번길8-25,경남,Y
금강공업(주),철강,정확,금강공업(주), ,"철구조물,조선기자재",경상남도 창녕군 계성면 광계마을길 149-16 외 8필지,경상남도창녕군계성면광계마을길149-16,경남,Y
금강공업(주),철강,지점,금강공업(주)언양공장,울산하이테크밸리일반산업단지 ,"강관, 가드레인",울산광역시 울주군 삼남읍 반구대로 359 (총 6 필지),울산광역시울주군삼남읍반구대로359,울산,Y
금강공업(주),철강,지점,금강공업(주) 진천제2공장, ,알루미늄폼,충청북도 진천군 이월면 신척서길 27-29 (금강공업(주)),충청북도진천군이월면신척서길27-29),충북,Y
금강공업(주),철강,지점,금강공업(주)음성공장, ,"알루미늄폼, 보수용알루미늄폼",충청북도 음성군 음성읍 용광로 505 외 4필지,충청북도음성군음성읍용광로505,충북,Y
금강공업(주),철강,지점,금강공업(주)음성제2공장 , ,"철재 인코너, AL압출제",충청북도 음성군 생극면 오생리 251-1 외 2필지,충청북도음성군생극면오생리251-1,충북,Y
금강공업(주),철강,지점,금강공업(주)음성제4공장, ,알루미늄폼,충청북도 음성군 생극면 오생리 251-9 외 4필지,충청북도음성군생극면오생리251-9,충북,Y
금강공업(주),철강,지점,금강공업(주)음성제5공장, ,알루미늄폼, ,,?,Y
금강철강(주),철강,정확,금강철강(주),남동국가산업단지,"건축, 자동차","인천광역시 남동구 호구포로 17, [고잔동 728-4, 157B-6L] (고잔동)",인천광역시남동구호구포로17[고잔동728-4157B-6L],인천,N
금강철강(주),철강,정확,금강철강(주),남동국가산업단지,압연 Roll 가공 ,"인천광역시 남동구 남동대로 130, 93블록 8로트 (고잔동)",인천광역시남동구남동대로13093블록8로트,인천,Y
금강철강(주),철강,정확,금강철강(주),남동국가산업단지,"환봉, 평철, I-Bar 등","인천광역시 남동구 호구포로 25, 157블럭 5로트 (고잔동)",인천광역시남동구호구포로25157블럭5로트,인천,Y
금강철강(주),철강,정확,금강철강(주),울산미포국가산업단지,임팩트 바,울산광역시 북구 효암로 164 (효문동),울산광역시북구효암로164,울산,N
금강철강(주),철강,정확,금강철강(주),시화국가산업단지,철강제품,"경기도 안산시 단원구 시화로 130, 시화단지 4다 502호 (성곡동)",경기도안산시단원구시화로130시화단지4다502호,경기,Y
금강철강(주),철강,정확,금강철강,시화국가산업단지,철강,"경기도 시흥시 군자천로237번길 10, 2나 405 (정왕동)",경기도시흥시군자천로237번길102나405,경기,Y
금강철강(주),철강,정확,(주)금강철강, ,"징크,칼라강판,U-250",경기도 이천시 마장면 덕평로 758-8 외 1필지,경기도이천시마장면덕평로758-8,경기,Y
금강철강(주),철강,정확,금강철강, ,환봉 가공품,충청북도 청주시 청원구 공항로 452(오동동),충청북도청주시청원구공항로452,충북,Y
금강철강(주),철강,정확,금강철강(주), ,기어및자동조종장치,충청남도 아산시 인주면 아산만로 1494 (아산만휴게소),충청남도아산시인주면아산만로1494,충남,N
금강철강(주),철강,정확,금강철강, ,절단가공품,경상북도 영천시 금완로 68 (완산동),경상북도영천시금완로68,경북,N
금강철강(주),철강,정확,(주)금강철강, ,프라스틱창호,강원특별자치도 춘천시 동내면 외솔길 36,강원특별자치도춘천시동내면외솔길36,강원,Y
넥스틸(주),철강,정확,넥스틸(주),부산신평장림일반산업단지(협업단지),절삭가공,부산광역시 사하구 다산로 60 (다대동),부산광역시사하구다산로60,부산,N
넥스틸(주),철강,정확,넥스틸(주),포항제4일반산업단지,파이프(유정관),경상북도 포항시남구 대송면 대각리 768번지,경상북도포항시남구대송면대각리768번지,경북,Y
넥스틸(주),철강,정확,넥스틸(주),포항제4일반산업단지,"파이프, 후육강관",경상북도 포항시 남구 대송면 송덕로212번길 195 (총 2 필지),경상북도포항시남구대송면송덕로212번길195,경북,Y
넥스틸(주),철강,지점,넥스틸(주)포항2공장,포항철강지방산업단지,"SHEET,SKEEP/철판,파이프",경상북도 포항시 남구 섬안로 51 (괴동동),경상북도포항시남구섬안로51,경북,Y
넥스틸(주),철강,지점,넥스틸(주) 본사3공장,포항제4일반산업단지,도금강관,경상북도 포항시 남구 대송면 송덕로212번길 225 (대송면),경상북도포항시남구대송면송덕로212번길225,경북,Y
넥스틸(주),철강,지점,넥스틸(주) 경주2공장, ,앵글,경상북도 경주시 안강읍 부곡길 25-67 (안강읍) 외 1필지,경상북도경주시안강읍부곡길25-67,경북,N
넥스틸(주),철강,지점,넥스틸(주)경주1공장,경주강동일반산업단지,"유정관(OCTG), 송유관, 배관용 탄소강관, 구조용 탄소강관, Skelp 등",경상북도 경주시 강동면 강동산단로 80,경상북도경주시강동면강동산단로80,경북,Y
다스코(주),철강,정확,(주)다스코,명지녹산국가산업단지,"증류기, 열교환기 및 가스발생기, 선박 구성 부분품",부산광역시 강서구 녹산산단17로78번길 33 (송정동),부산광역시강서구녹산산단17로78번길33,부산,N
다스코(주),철강,정확,(주)다스코,부산미음일반산업단지,"증류기, 열교환기, 가스발생기",부산광역시 강서구 미음산단1로15번길 33(구랑동),부산광역시강서구미음산단1로15번길33,부산,N
다스코(주),철강,정확,(주)다스코, ,황사방역마스크, ,,?,N
다스코(주),철강,정확,다스코 주식회사,새만금국가산업단지,"선조립철근, 데크플레이트, 절단가공 철강재","전북특별자치도 군산시 새만금북로 290(오식도동, 다스코(주))",전북특별자치도군산시새만금북로290),전북,Y
다스코(주),철강,지점,다스코 주식회사 당진공장, ,데스크 플레이스,충청남도 당진시 합덕읍 면천로 1361-15 (경비실) (총 6 필지) 외 5필지,충청남도당진시합덕읍면천로1361-15,충남,N
다스코(주),철강,지점,다스코(주) 당진2공장,당진합덕일반산업단지,경질우레탄보드,충청남도 당진시 합덕읍 합덕산단1로 50,충청남도당진시합덕읍합덕산단1로50,충남,N
다스코(주),철강,지점,다스코 주식회사 제1공장,화순동면농공단지,"강재방호책,가드레일, 강재옹벽, 강재어초, 배수갑문, 표지판, 금속울타리",전라남도 화순군 동면 동농공길 26-2 (동아에스텍) (총 2 필지) 외 1필지,전라남도화순군동면동농공길26-2,전남,Y
다스코(주),철강,지점,다스코 주식회사 제2공장,화순동면농공단지,"강판탈형데크폴레이트, 절단목재, 방부목재","전라남도 화순군 동면 동농공길 26-7, (동면농공단지) (동면) 외 1필지",전라남도화순군동면동농공길26-7,전남,Y
대한제강(주),철강,정확,대한제강(주), ,철근,부산광역시 사하구 하신번영로 69 (신평동) (총 5 필지) 외 4필지,부산광역시사하구하신번영로69,부산,Y
대한제강(주),철강,정확,대한제강(주),명지녹산국가산업단지,"BILLET, 철근",부산광역시 강서구 녹산산업북로 333 (송정동) (총 4 필지),부산광역시강서구녹산산업북로333,부산,Y
대한제강(주),철강,정확,대한제강(주),아산국가산업단지(포승지구),철근,경기도 평택시 포승읍 평택항로268번길 39,경기도평택시포승읍평택항로268번길39,경기,Y
동국산업(주),철강,정확,동국산업, ,철구조물,울산광역시 울주군 서생면 덕골재길 57 외 1필지,울산광역시울주군서생면덕골재길57,울산,Y
동국산업(주),철강,정확,동국산업(주),포항철강지방산업단지,"냉간압연(CR,PO,HGI), 니켈도금강판",경상북도 포항시 남구 괴동로 57(장흥동) 외 4필지,경상북도포항시남구괴동로57,경북,Y
동국산업(주),철강,정확,동국산업, ,자동차부품,경상북도 경주시 외동읍 산업로 1779 ((주)동국산업),경상북도경주시외동읍산업로1779동국산업),경북,N
동국산업(주),철강,정확,동국산업, ,자동차부품,경상북도 경산시 압량읍 내리길19길 48 (동국산업),경상북도경산시압량읍내리길19길48,경북,N
동국산업(주),철강,지점,동국산업(주) 시흥공장,시화국가산업단지,압연강대,"경기도 시흥시 희망공원로 233,시화단지 2나 705호 (정왕동)",경기도시흥시희망공원로233시화단지2나705호,경기,Y
동국산업(주),철강,지점,동국산업(주)경주공장,경주천북일반산업단지,페로텅스텐,경상북도 경주시 천북면 천북산단로2길 116-24 외 1필지,경상북도경주시천북면천북산단로2길116-24,경북,Y
동국씨엠 주식회사,철강,지점,동국씨엠(주) 부산공장, ,"냉연강판, 산화철",부산광역시 남구 신선로 102 (감만동),부산광역시남구신선로102,부산,Y
동국씨엠 주식회사,철강,지점,동국씨엠(주) 도성센터, ,"철판, 함석, 칼라",충청남도 당진시 신평면 샛터로 23-34 외 1필지,충청남도당진시신평면샛터로23-34,충남,Y
동국제강(주),철강,정확,동국제강(주), ,"철근,앵글","인천광역시 동구 중봉대로 15 (송현동, 동국제강(주)) 외 12필지",인천광역시동구중봉대로15),인천,Y
동국제강(주),철강,지점,동국제강(주) 당진공장,아산국가산업단지(고대부곡지구),열연강대,충청남도 당진시 송악읍 고대공단1길 25,충청남도당진시송악읍고대공단1길25,충남,Y
동국제강(주),철강,지점,동국제강(주) CS공장,포항철강지방산업단지,철근,경상북도 포항시 남구 대송면 송덕로 33 (동국제강봉강공장),경상북도포항시남구대송면송덕로33,경북,Y
동국제강(주),철강,지점,동국제강(주) 포항공장,포항철강지방산업단지,"후판, 형강 외",경상북도 포항시 남구 대송면 철강산단로 195 (동국제강) (총 7 필지),경상북도포항시남구대송면철강산단로195,경북,Y
동일산업(주),철강,정확,동일산업, ,유압실린더,부산광역시 강서구 대저중앙로286번길 106-3 (대저1동),부산광역시강서구대저중앙로286번길106-3,부산,N
동일산업(주),철강,정확,동일산업, ,포장제,"부산광역시 사상구 모라로 24 (모라동, 대영코리아)",부산광역시사상구모라로24,부산,N
동일산업(주),철강,정확,동일산업, ,"패킹, 오링",부산광역시 사상구 새벽시장로 92-14 (감전동),부산광역시사상구새벽시장로92-14,부산,N
동일산업(주),철강,정확,동일산업,대구제3일반산업단지,문손잡이,대구광역시 북구 3공단로47길 3 (노원동3가),대구광역시북구3공단로47길3,대구,N
동일산업(주),철강,정확,동일산업, ,"백미러 및 램프류, 적재함메달, 파워실린더",대구광역시 북구 검단공단로17길 8(검단동),대구광역시북구검단공단로17길8,대구,N
동일산업(주),철강,정확,동일산업, ,"넉가래, 장난감 정리함, 바구니 등",인천광역시 서구 가정로87번길 2 (가좌동),인천광역시서구가정로87번길2,인천,N
동일산업(주),철강,정확,동일산업,인천기계일반산업단지,주방용품,인천광역시 서구 장고개로 158(가좌동),인천광역시서구장고개로158,인천,N
동일산업(주),철강,정확,동일산업(주),울산미포국가산업단지,철구조물,"울산광역시 남구 산안로 114 (여천동, 동일산업(주))",울산광역시남구산안로114),울산,Y
동일산업(주),철강,정확,(주)동일산업,반월국가산업단지,플라스틱 성형용기,"경기도 안산시 단원구 신원로91번길 9, 635-4 (성곡동)",경기도안산시단원구신원로91번길9635-4,경기,Y
동일산업(주),철강,정확,동일산업, ,자동차부품,경기도 남양주시 진접읍 양진로926번길 58-28,경기도남양주시진접읍양진로926번길58-28,경기,N
동일산업(주),철강,정확,동일산업, ,"총포류, 분사기",경기도 남양주시 수동면 남가로 1720-5 (네오스탄),경기도남양주시수동면남가로1720-5,경기,N
동일산업(주),철강,정확,동일산업,시화국가산업단지,가구,"경기도 시흥시 옥구천서로 39, 1바 304 (정왕동)",경기도시흥시옥구천서로391바304,경기,N
동일산업(주),철강,정확,동일산업, ,PET,경기도 파주시 조리읍 팔학골길 148-26 (총 3 필지) 외 2필지,경기도파주시조리읍팔학골길148-26,경기,N
동일산업(주),철강,정확,동일산업, ,"콘크리트측구(플륨관), 콘크리트맨홀",경기도 연천군 전곡읍 늘목리 12-2번지 외 2필지,경기도연천군전곡읍늘목리12-2번지,경기,Y
동일산업(주),철강,정확,동일산업(주), ,레미콘,충청북도 제천시 봉양읍 명암로 2,충청북도제천시봉양읍명암로2,충북,N
동일산업(주),철강,정확,동일산업(주), ,제습기,충청남도 천안시서북구 직산읍 신갈리 95-1번지,충청남도천안시서북구직산읍신갈리95-1번지,충남,N
동일산업(주),철강,정확,동일산업(주), ,"레미콘,아스콘,콘크리트관",전라남도 담양군 금성면 금성산성길 71 외 3필지,전라남도담양군금성면금성산성길71,전남,Y
동일산업(주),철강,정확,동일산업, ,도자기,경상북도 경주시 서면 내서로 470,경상북도경주시서면내서로470,경북,N
동일산업(주),철강,정확,동일산업,구미국가산업단지,창호,경상북도 구미시 수출대로 225-17(공단동),경상북도구미시수출대로225-17,경북,Y
동일산업(주),철강,정확,동일산업,고령제2일반산업단지,PP사,경상북도 고령군 다산면 다산산단로 208,경상북도고령군다산면다산산단로208,경북,N
동일산업(주),철강,정확,동일산업, ,자동차부품,경상남도 김해시 삼안로 11-24 (안동),경상남도김해시삼안로11-24,경남,N
동일산업(주),철강,정확,동일산업주식회사, ,맨홀뚜겅,경상남도 김해시 한림면 김해대로 1124-3,경상남도김해시한림면김해대로1124-3,경남,N
동일산업(주),철강,정확,동일산업, ,자동차부품,경상남도 함안군 칠원읍 운서3길 41-98,경상남도함안군칠원읍운서3길41-98,경남,N
동일산업(주),철강,정확,(유)동일산업, ,철재 난간및 수문,전북특별자치도 김제시 순백로 135-18 (순동) 외 1필지,전북특별자치도김제시순백로135-18,전북,Y
동일산업(주),철강,지점,동일산업(주)봉강사업부,포항철강지방산업단지,"마환봉,환봉,철근","경상북도 포항시 남구 대송로 111 (장흥동, (주)동일철강)",경상북도포항시남구대송로111동일철강),경북,Y
동일산업(주),철강,지점,동일산업(주)합금철사업부,포항철강지방산업단지,"합금철, 주강품","경상북도 포항시 남구 괴동로 112 (장흥동, 동일산업) 외 4필지",경상북도포항시남구괴동로112,경북,Y
동일산업(주),철강,지점,동일산업(주)봉강사업부 제2공장,포항제4일반산업단지,마봉강,경상북도 포항시 남구 오천읍 송덕로212번길 18 (현대종합금속),경상북도포항시남구오천읍송덕로212번길18,경북,Y
동일산업(주),철강,지점,동일산업제2공장, ,벽타일,경상북도 경주시 서면 화촌길 14-3,경상북도경주시서면화촌길14-3,경북,N
디씨엠(주),철강,정확,(주)디씨엠,시화멀티테크노밸리,"세라믹볼, 제어장치, 컨트롤박스, 금속연마기,, 돌연마기 ,반도체 조립장비등",경기도 안산시 단원구 엠티브이1로91번길 26 (목내동) (주)디씨엠 시화mtv 7사 401호,경기도안산시단원구엠티브이1로91번길26디씨엠시화mtv7사401호,경기,Y
디씨엠(주),철강,정확,(주)디씨엠,경산제3일반산업단지,유압기기제조,경상북도 경산시 진량읍 공단9로 88,경상북도경산시진량읍공단9로88,경북,N
디씨엠(주),철강,정확,디씨엠(주),양산웅상농공단지,라미네이팅강판,경상남도 양산시 웅상농공단지길 55 (덕계동),경상남도양산시웅상농공단지길55,경남,Y
디씨엠(주),철강,정확,디씨엠(주),양산덕계일반산업단지,알루미늄 복합 판넬(ACP),경상남도 양산시 그린공단4길 49 (매곡동),경상남도양산시그린공단4길49,경남,Y
디씨엠(주),철강,지점,(주)디씨엠 검단지점,북구검단일반산업단지, ,"대구광역시 북구 검단공단로 82-21 (검단동, 대창기공)",대구광역시북구검단공단로82-21,대구,N
디씨엠(주),철강,지점,디씨엠(주) 제2공장,양산웅상농공단지,칼라철판,"경상남도 양산시 웅상농공단지길 57 (덕계동, 디씨엠(주))",경상남도양산시웅상농공단지길57),경남,Y
디씨엠(주),철강,지점,디씨엠(주) 제3공장,양산웅상농공단지,산업용필름,경상남도 양산시 웅상농공단지길 39 (덕계동),경상남도양산시웅상농공단지길39,경남,N
만호제강(주),철강,정확,만호제강(주),명지녹산국가산업단지,와이어로프,부산광역시 강서구 녹산화전로 71 (송정동),부산광역시강서구녹산화전로71,부산,Y
만호제강(주),철강,정확,만호제강(주),창원국가산업단지,로프 및 각종 선재,"경상남도 창원시 성산구 웅남로 670 (성산동, 동대금속(주))",경상남도창원시성산구웅남로670),경남,Y
만호제강(주),철강,지점,만호제강(주)양산공장,양산일반산업단지,섬유로프,경상남도 양산시 유산공단8길 31 (유산동) 외 1필지,경상남도양산시유산공단8길31,경남,Y
부국철강(주),철강,정확,부국철강(주),성서지방산업단지,철구조물,"대구광역시 달서구 성서공단북로 34, (3차단지 65B 2L) (파호동)",대구광역시달서구성서공단북로34,대구,Y
부국철강(주),철강,정확,부국철강(주),광주하남일반산업단지,"강관,형강, 판재류 外",광주광역시 광산구 하남산단9번로 90 (안청동),광주광역시광산구하남산단9번로90,광주,Y
부국철강(주),철강,정확,부국철강(주),순천일반산업단지,"형강,강관",전라남도 순천시 서면 산단1길 26 (부국철강),전라남도순천시서면산단1길26,전남,Y
부국철강(주),철강,정확,부국철강(주),익산제2일반산업단지,열연철판,"전북특별자치도 익산시 석암로13길 117, (지방산업단지내) (팔봉동)",전북특별자치도익산시석암로13길117,전북,Y
부국철강(주),철강,지점,부국철강(주) 부산지점,부산미음일반산업단지,"구조물용 철강재 봉,형재,관 등",부산광역시 강서구 미음산단4로 201 (미음동),부산광역시강서구미음산단4로201,부산,Y
삼목에스폼(주),철강,정확,삼목에스폼(주), ,알루미늄바,"경기도 안성시 안성맞춤대로 474 -72(미양면, 삼목정공(주))",경기도안성시안성맞춤대로474-72),경기,Y
삼목에스폼(주),철강,정확,삼목에스폼(주),안성미양제2일반산업단지,"알미늄폼, 알루미늄 빌렛",경기도 안성시 미양면 안성맞춤대로 474-40,경기도안성시미양면안성맞춤대로474-40,경기,Y
삼목에스폼(주),철강,정확,삼목에스폼(주), ,알루미늄폼. 갱폼,충청북도 진천군 이월면 미잠리 554번지,충청북도진천군이월면미잠리554번지,충북,Y
삼목에스폼(주),철강,정확,삼목에스폼(주),에스폼산업단지,알루미늄폼,충청북도 진천군 광혜원면 삼절1길 28,충청북도진천군광혜원면삼절1길28,충북,Y
삼목에스폼(주),철강,지점,삼목에스폼(주) 2공장,안성미양제2일반산업단지,알루미늄 폼,경기도 안성시 미양면 안성맞춤대로 474-63,경기도안성시미양면안성맞춤대로474-63,경기,Y
삼목에스폼(주),철강,지점,삼목에스폼(주) 제2공장,에스폼산업단지,"특수폼,시스템폼", ,,?,Y
삼보산업 주식회사,알루미늄,정확,(주)삼보산업, ,기어박스외,"부산광역시 사상구 새벽로215번길 11 (괘법동, (주)삼보산업)",부산광역시사상구새벽로215번길11삼보산업),부산,N
삼보산업 주식회사,알루미늄,정확,삼보산업,사상재생사업지구,밸브 및 유사장치,"부산광역시 사상구 낙동대로 917(감전동, (주)경부철강)",부산광역시사상구낙동대로917경부철강),부산,N
삼보산업 주식회사,알루미늄,정확,삼보산업, ,안경테,"대구광역시 서구 염색공단천로12길 18 (비산동, 삼보산업)",대구광역시서구염색공단천로12길18,대구,N
삼보산업 주식회사,알루미늄,정확,삼보산업(주),시화국가산업단지,골판지상자,"경기도 안산시 단원구 번영로44번길 36, 시화단지 4바 412호 (성곡동)",경기도안산시단원구번영로44번길36시화단지4바412호,경기,Y
삼보산업 주식회사,알루미늄,정확,삼보산업,시화국가산업단지,콘트러케이스외,"경기도 시흥시 소망공원로 180, 시화단지 2라 202호 (정왕동)",경기도시흥시소망공원로180시화단지2라202호,경기,N
삼보산업 주식회사,알루미늄,정확,삼보산업(주),김포양촌일반산업단지,골판지상자,경기도 김포시 양촌읍 학운리 양촌산업단지 G-5-1,경기도김포시양촌읍학운리양촌산업단지G-5-1,경기,Y
삼보산업 주식회사,알루미늄,정확,삼보산업, ,"섬유부직포, 휄트, 흴터",경기도 화성시 송산면 송산로240번길 23 외 4필지,경기도화성시송산면송산로240번길23,경기,N
삼보산업 주식회사,알루미늄,정확,삼보산업(주),서산오토밸리일반산업단지,"알루미늄 괴,알루미늄 용탕","충청남도 서산시 지곡면 무장산업로 226, (무장리 1735)",충청남도서산시지곡면무장산업로226,충남,Y
삼보산업 주식회사,알루미늄,정확,(주)삼보산업, ,"펠트,매트",충청남도 논산시 양촌면 황산벌로436번길 7 (총 2 필지) 외 1필지,충청남도논산시양촌면황산벌로436번길7,충남,N
삼보산업 주식회사,알루미늄,정확,삼보산업, ,"오일쿨러,냉동판",경상남도 창원시 의창구 동읍 의창대로 920-8,경상남도창원시의창구동읍의창대로920-8,경남,Y
삼보산업 주식회사,알루미늄,정확,(주)삼보산업, ,레미콘,경상남도 함안군 대산면 송산로 621 외 12필지,경상남도함안군대산면송산로621,경남,N
삼보산업 주식회사,알루미늄,지점,삼보산업(주)제1공장,진해마천일반산업단지,알미늄합금괴,경상남도 창원시 진해구 남의로21번길 36 (남양동),경상남도창원시진해구남의로21번길36,경남,Y
삼보산업 주식회사,알루미늄,지점,삼보산업(주)제3공장,진해마천일반산업단지,알미늄합금괴,"경상남도 창원시 진해구 남의로21번길 35 (남양동, 삼보산업(주))",경상남도창원시진해구남의로21번길35),경남,Y
삼아알미늄(주),알루미늄,정확,삼아알미늄(주),아산국가산업단지(포승지구),ALPASTE(알페이스트), ,,충남,Y
삼아알미늄(주),알루미늄,정확,삼아알미늄(주),아산국가산업단지(포승지구),"알루미늄 압연, 알페이스트, 가공지, 인쇄",경기도 평택시 포승읍 평택항로 92,경기도평택시포승읍평택항로92,경기,Y
삼현철강(주),철강,정확,삼현철강(주),광양국가산업단지,"열연박판,열연후판,무늬강판","전라남도 광양시 백운1로 54 (태인동, 삼현철강)",전라남도광양시백운1로54,전남,Y
삼현철강(주),철강,정확,삼현철강(주),창원국가산업단지,"열연철판,용단철판","경상남도 창원시 의창구 평산로70번길 36 (팔용동, 삼현철강(주))",경상남도창원시의창구평산로70번길36),경남,Y
삼현철강(주),철강,정확,(주)삼현철강,완주테크노밸리일반산업단지,자동차부품,전북특별자치도 완주군 봉동읍 테크노밸리2로 146,전북특별자치도완주군봉동읍테크노밸리2로146,전북,N
삼현철강(주),철강,지점,삼현철강(주) 광양2공장,광양국가산업단지,"용단가공품(중장비부분품,선급용부분품,강교부분품)", ,,전남,Y
삼화왕관(주),철강,정확,삼화왕관(주),반월국가산업단지,병마개,"경기도 안산시 단원구 강촌로 140, (20-01) (성곡동)",경기도안산시단원구강촌로140,경기,Y
성신양회(주),시멘트,정확,성신양회(주), ,시멘트,"충청북도 단양군 매포읍 매포길 18, 성신양회(주)",충청북도단양군매포읍매포길18성신양회,충북,Y
성신양회(주),시멘트,지점,성신양회(주) 부강공장, ,시멘트,세종특별자치시 부강면 부강외천로 48-37 (총 34 필지),세종특별자치시부강면부강외천로48-37,세종,Y
아세아시멘트(주),시멘트,정확,아세아시멘트(주), ,시멘트,충청북도 제천시 송학면 송학산로 14 (아세아시멘트) 외 40필지,충청북도제천시송학면송학산로14,충북,Y
아세아시멘트(주),시멘트,지점,아세아시멘트(주)중부공장, ,레미콘,대전광역시 대덕구 아리랑로55번길 60 (신대동),대전광역시대덕구아리랑로55번길60,대전,Y
아세아시멘트(주),시멘트,지점,아세아시멘트(주)대전공장, ,시멘트 레미콘,"대전광역시 대덕구 방두말1길 25 (평촌동, 아시아시멘트(주))",대전광역시대덕구방두말1길25),대전,Y
아세아시멘트(주),시멘트,지점,아세아시멘트(주) 수원공장, ,"시멘트, 레미콘",경기도 수원시 권선구 덕영대로 1006 (세류동),경기도수원시권선구덕영대로1006,경기,Y
아세아시멘트(주),시멘트,지점,아세아시멘트(주)서울레미콘공장, ,"레미콘,모르타르","경기도 안양시 동안구 안양천동로 108 (호계동, 아시아시멘트공업(주))",경기도안양시동안구안양천동로108),경기,Y
아세아시멘트(주),시멘트,지점,아세아시멘트 (주)용인공장, ,레미콘,경기도 용인시 처인구 남사읍 형제로 7 외 11필지,경기도용인시처인구남사읍형제로7,경기,Y
아세아시멘트(주),시멘트,지점,아세아시멘트(주)대구공장, ,"레미콘, 시멘트, 드라이몰탈",경상북도 칠곡군 약목면 경호천동길 2 외 9필지,경상북도칠곡군약목면경호천동길2,경북,Y
아주스틸(주),철강,정확,(주)아주스틸,순천해룡일반산업단지,철근 가공,전라남도 순천시 해룡면 해룡산단1로 61,전라남도순천시해룡면해룡산단1로61,전남,Y
아주스틸(주),철강,정확,아주스틸(주),김천제1일반산업단지,"철강재, 구조용 금속 판재 및 가전용 외장재 등",경상북도 김천시 어모면 산업단지9로 47,경상북도김천시어모면산업단지9로47,경북,Y
아주스틸(주),철강,정확,아주스틸(주),구미국가산업단지,영상 및 일반 고급가전용 표면처리 강판,경상북도 구미시 4공단로 265 (금전동) 외 2필지,경상북도구미시4공단로265,경북,Y
아주스틸(주),철강,정확,아주스틸(주),구미국가산업단지,스테인레스 강재 등,"경상북도 구미시 산동읍 첨단기업로 71, (12-2-16)",경상북도구미시산동읍첨단기업로71,경북,Y
아주스틸(주),철강,지점,아주스틸㈜ EGL공장, ,전기아연도금강판,경상북도 김천시 봉산면 봉산로 664 외 2필지,경상북도김천시봉산면봉산로664,경북,Y
아주스틸(주),철강,지점,아주스틸(주) 3공장,구미국가산업단지,전자제품 표면처리 강판,경상북도 구미시 4공단로 321 (금전동),경상북도구미시4공단로321,경북,Y
아주스틸(주),철강,지점,아주스틸(주) 아텍스 센터,구미국가산업단지,"IT 영상가전 철강소재, 자동차용 철강소재",경상북도 구미시 산동읍 첨단기업로 78,경상북도구미시산동읍첨단기업로78,경북,Y
에스와이(주),철강,정확,(주)에스와이,남동국가산업단지,PVC SHEET,인천광역시 남동구 호구포로74번길 49 (고잔동) 161블록 7로트,인천광역시남동구호구포로74번길49161블록7로트,인천,N
에스와이(주),철강,정확,(주)에스와이,인천서부일반산업단지,자동차부품,인천광역시 서구 사렴로31번길 24(경서동),인천광역시서구사렴로31번길24,인천,N
에스와이(주),철강,정확,에스와이 주식회사, ,양면테이프,경기도 화성시 우정읍 기아자동차로 267-11 (그린텍 코리아),경기도화성시우정읍기아자동차로267-11,경기,N
에스와이(주),철강,정확,(주)에스와이,청주오창과학일반산업단지,자동차사이드미러,충청북도 청주시 흥덕구 옥산면 과학산업1로 170,충청북도청주시흥덕구옥산면과학산업1로170,충북,N
에스와이(주),철강,정확,(주)에스와이, ,PVC SHEET,충청남도 천안시 동남구 동면 충절로 1995,충청남도천안시동남구동면충절로1995,충남,N
에스와이(주),철강,정확,에스와이,구미국가산업단지,브라운관 후레임,경상북도 구미시 옥계2공단로 28 (황상동),경상북도구미시옥계2공단로28,경북,Y
에스와이(주),철강,정확,주식회사 에스와이, ,비닐,경상남도 양산시 번영로 463-29 (소주동),경상남도양산시번영로463-29,경남,N
에스와이(주),철강,지점,에스와이(주)파주지점, ,조립식 판넬,경기도 파주시 문산읍 장산로76번길 14-90,경기도파주시문산읍장산로76번길14-90,경기,Y
에스와이(주),철강,지점,(주)에스와이폴리텍 화성공장, ,폐플라스틱,경기도 화성시 양감면 정문송산로93번길 10-7,경기도화성시양감면정문송산로93번길10-7,경기,N
에스와이(주),철강,지점,에스와이에너지(주)2공장, ,"PALLET RACK, 중경량 랙, DRIVE IN RACK",충청북도 진천군 초평면 용정리 801-62,충청북도진천군초평면용정리801-62,충북,Y
에스와이(주),철강,지점,에스와이(주) 인주2지점,아산인주일반산업단지,"우레탄보드, 알루미늄복합패널",충청남도 아산시 인주면 인주산단로 75-77,충청남도아산시인주면인주산단로75-77,충남,Y
에스와이(주),철강,지점,에스와이(주) 인주3지점,아산인주일반산업단지,건축외장용패널(샌드위치패널),충청남도 아산시 인주면 인주산단로 75-78,충청남도아산시인주면인주산단로75-78,충남,N
에스와이(주),철강,지점,에스와이(주) 인주4지점,아산인주일반산업단지,"방화문, 창호",충청남도 아산시 인주면 인주산단로 75-79,충청남도아산시인주면인주산단로75-79,충남,Y
에스와이(주),철강,지점,에스와이(주)인주지점,아산인주일반산업단지,조립식센드위치패널,충청남도 아산시 인주면 인주산단로 23-120 (에스와이패널(주)),충청남도아산시인주면인주산단로23-120),충남,N
에스와이(주),철강,지점,에스와이(주)영천지점, ,샌드위치판넬,경상북도 영천시 대창면 선진길 46-6 외 3필지,경상북도영천시대창면선진길46-6,경북,Y
조일알미늄(주),알루미늄,정확,조일알미늄, ,알루미늄제품,인천광역시 동구 방축로62번길 26 (송림동),인천광역시동구방축로62번길26,인천,Y
조일알미늄(주),알루미늄,정확,조일알미늄(주),경산제1일반산업단지,알루미늄판,"경상북도 경산시 진량읍 공단6로 98, (1207,1207-3,9,10)",경상북도경산시진량읍공단6로98,경북,Y
주식회사 신스틸,철강,정확,(주)신스틸,부산미음일반산업단지,금속가공품(가전제품 커버외),부산광역시 강서구 미음산단4로 174 (미음동),부산광역시강서구미음산단4로174,부산,Y
주식회사 신스틸,철강,정확,신스틸(주),시화국가산업단지,절단가공 철강재,"경기도 안산시 단원구 별망로80번길 45, 시화단지 4바 508호 (성곡동)",경기도안산시단원구별망로80번길45시화단지4바508호,경기,Y
주식회사 신스틸,철강,정확,신스틸(주),시화국가산업단지,스테인리스,"경기도 시흥시 마유로20번길 97, 시화단지 3바 511호 (정왕동)",경기도시흥시마유로20번길97시화단지3바511호,경기,N
주식회사 신스틸,철강,정확,(주)신스틸, ,"코팅파이프, 난간, 핸드레일, 벤치",경기도 여주시 대신면 여양로 1357-30,경기도여주시대신면여양로1357-30,경기,Y
주식회사 신스틸,철강,지점,신스틸(주) 달성지점,달성2차일반산업단지,음식물처리기,"대구광역시 달성군 구지면 달성2차2로 46, (달성2차단지 28B 5L)",대구광역시달성군구지면달성2차2로46,대구,N
케이비아이동양철관(주),철강,정확,동양철관(주), ,"배관용,구조용 강관",충청남도 천안시 동남구 풍세면 풍세로 515 외 5필지,충청남도천안시동남구풍세면풍세로515,충남,Y
케이비아이동양철관(주),철강,지점,동양철관(주)충주지점,충주용탄농공단지,"가스, 수도관",충청북도 충주시 충주호수로 403 (용탄동),충청북도충주시충주호수로403,충북,Y
한국철강(주),철강,정확,한국철강,부산미음일반산업단지,철판 절단가공,부산광역시 강서구 미음산단로295번길 14 (미음동),부산광역시강서구미음산단로295번길14,부산,Y
한국철강(주),철강,정확,한국철강(주),창원국가산업단지,"철강, 제강, 제철  등","경상남도 창원시 성산구 공단로103번길 12 (신촌동, 한국철강(주)) 외 1필지",경상남도창원시성산구공단로103번길12),경남,Y
한국철강(주),철강,정확,(주)한국철강, ,철선,강원특별자치도 횡성군 우천면 전재로130번길 8,강원특별자치도횡성군우천면전재로130번길8,강원,Y
한국철강(주),철강,지점,한국철강(주)증평공장,증평일반산업단지,결정질 태양전지 모듈,충청북도 증평군 증평읍 증평산단로 80 (한국철강증평공장),충청북도증평군증평읍증평산단로80,충북,N
한국철강(주),철강,지점,한국철강공업(주) 2공장, ,"베이스플레이트, U자형 BAR 외",충청남도 아산시 둔포면 윤보선로 370,충청남도아산시둔포면윤보선로370,충남,Y
한국철강(주),철강,지점,한국철강산업(주) 제2공장, ,철근가공품,경상남도 거창군 거창읍 밤티재로 1298 (충남석재) 외 2필지,경상남도거창군거창읍밤티재로1298,경남,Y
한일시멘트(주),시멘트,정확,한일시멘트(주),김포학운3일반산업단지,타일용 에폭시 접착제,경기도 김포시 양촌읍 황금로324번길 20,경기도김포시양촌읍황금로324번길20,경기,N
한일시멘트(주),시멘트,정확,한일시멘트(주), ,시멘트,충청북도 단양군 매포읍 매포길 245 (한일시멘트단양공장),충청북도단양군매포읍매포길245,충북,Y
한일시멘트(주),시멘트,지점,한일시멘트(주)부산공장, ,시멘트제조,"부산광역시 사상구 삼덕로 96 (덕포동, 한일시멘트주식회사) 외 1필지",부산광역시사상구삼덕로96,부산,Y
한일시멘트(주),시멘트,지점,한일시멘트(주)대구공장, ,레미콘,대구광역시 동구 반야월로 266 (동호동) 외 2필지,대구광역시동구반야월로266,대구,Y
한일시멘트(주),시멘트,지점,한일시멘트(주)서대구공장, ,레미콘,대구광역시 달성군 화원읍 사문진로 384,대구광역시달성군화원읍사문진로384,대구,Y
한일시멘트(주),시멘트,지점,한일시멘트(주) 서인천공장, ,레디믹스트콘크리트,"인천광역시 서구 봉수대로501번길 37 (원창동, 한일시멘트(주)) 외 2필지",인천광역시서구봉수대로501번길37),인천,N
한일시멘트(주),시멘트,지점,한일시멘트(주)인천공장, ,비내화 모르타르,인천광역시 서구 봉수대로501번길 51 (원창동),인천광역시서구봉수대로501번길51,인천,N
한일시멘트(주),시멘트,지점,한일시멘트(주) 대전공장,"대전지방1,2지방산업단지",레미콘,"대전광역시 대덕구 대화로52번안길 50 (대화동, 한일시멘트)",대전광역시대덕구대화로52번안길50,대전,Y
한일시멘트(주),시멘트,지점,한일시멘트(주)성남공장,성남일반산업단지,레미콘,"경기도 성남시 중원구 둔촌대로 424 (상대원동, 한일시멘트)",경기도성남시중원구둔촌대로424,경기,Y
한일시멘트(주),시멘트,지점,한일시멘트(주) 부천공장, ,레미콘,경기도 부천시 오정구 석천로 470 (삼정동) 외 3필지,경기도부천시오정구석천로470,경기,Y
한일시멘트(주),시멘트,지점,한일시멘트(주) 부천레미탈공장, ,비내화모르타르,경기도 부천시 오정구 석천로 488 (삼정동) 외 2필지,경기도부천시오정구석천로488,경기,N
한일시멘트(주),시멘트,지점,한일시멘트(주) 화성공장, ,레미콘,경기도 화성시 팔탄면 주석로778번길 100 외 1필지,경기도화성시팔탄면주석로778번길100,경기,Y
한일시멘트(주),시멘트,지점,한일시멘트(주)청주공장,청주일반산업단지,레미콘,"충청북도 청주시 흥덕구 직지대로307번길 3 (향정동, 한일시멘트청주공장)",충청북도청주시흥덕구직지대로307번길3,충북,Y
한일시멘트(주),시멘트,지점,한일시멘트(주)공주공장,공주의당복합농공단지,"레미탈, 레미콘 등",충청남도 공주시 의당면 의당전의로 803-77 한일시멘트,충청남도공주시의당면의당전의로803-77한일시멘트,충남,Y
한일시멘트(주),시멘트,지점,한일시멘트(주) 평택공장, ,"고로슬래그 미분말, 슬래그시멘트",충청남도 당진시 신평면 매산리 976-8번지 외 1필지,충청남도당진시신평면매산리976-8번지,충남,Y
한일시멘트(주),시멘트,지점,한일시멘트(주) 목포공장,대불국가산업단지,건조시멘트 모르타르,전라남도 영암군 삼호읍 삼불공원길 7 (한일시멘트(주)),전라남도영암군삼호읍삼불공원길7),전남,Y
한일시멘트(주),시멘트,지점,한일시멘트(주)김해공장, ,레미콘,경상남도 김해시 대청로104번길 92 (삼문동) 외 1필지,경상남도김해시대청로104번길92,경남,Y
한일시멘트(주),시멘트,지점,한일시멘트(주)가야공장, ,시멘트,경상남도 김해시 한림면 김해대로1538번길 25,경상남도김해시한림면김해대로1538번길25,경남,Y
한일시멘트(주),시멘트,지점,한일시멘트(주)함안공장, ,레미탈,경상남도 함안군 법수면 법정로 83-43 외 9필지,경상남도함안군법수면법정로83-43,경남,N
한일철강(주),철강,정확,한일철강(주), ,"강관, 철판","서울특별시 강서구 양천로 537 (가양동, 한일철강(주))",서울특별시강서구양천로537),서울,Y
한일철강(주),철강,정확,한일철강(주),아산국가산업단지(포승지구),철판가공,경기도 평택시 포승읍 평택항로156번길 114 (한일철강(주)),경기도평택시포승읍평택항로156번길114),경기,Y
한일철강(주),철강,정확,(주)한일철강,반월국가산업단지,고 탄소 강대,"경기도 안산시 단원구 범지기로141번길 70 (원시동, (주)한일철강)",경기도안산시단원구범지기로141번길70한일철강),경기,Y
한일철강(주),철강,정확,한일철강(주), ,"H-빔, 시트파일, S-코너, S-쐐기",충청남도 당진시 합덕읍 예덕로 70-13 외 1필지,충청남도당진시합덕읍예덕로70-13,충남,Y
한일철강(주),철강,지점,한일철강(주) 인천코일센터,남동국가산업단지,철강재 1차가공,"인천광역시 남동구 호구포로 59, 2번지 154블럭 2,3로트 (고잔동)",인천광역시남동구호구포로592번지154블럭23로트,인천,Y
한일철강(주),철강,지점,한일철강(주)포항제2공장,포항국가산업단지,표면처리강판,경상북도 포항시 남구 철강로 526 (장흥동),경상북도포항시남구철강로526,경북,Y
한주라이트메탈(주),알루미늄,지점,한주라이트메탈(주) 화산공장,온산국가산업단지,"알루미늄휠,흡기다기관, 알루미늄 부품(자동차, 선박 등)",울산광역시 울주군 온산읍 화산2길 34-5,울산광역시울주군온산읍화산2길34-5,울산,Y
한주라이트메탈(주),알루미늄,지점,한주라이트메탈(주) 원산공장,온산국가산업단지,"흡기다기관,알루미늄휠, 알루미늄 부품(자동차, 선박 등)",울산광역시 울주군 온산읍 산남길 69,울산광역시울주군온산읍산남길69,울산,Y
(주)세아씨엠,철강,정확,(주)세아씨엠,군산국가산업단지,"칼라강판, 아연도금 강판",전북특별자치도 군산시 자유로 241 (소룡동),전북특별자치도군산시자유로241,전북,Y
주식회사 세아베스틸,철강,정확,(주)세아베스틸,창녕대합일반산업단지,특수강,경상남도 창녕군 대합면 대합산업단지로 100,경상남도창녕군대합면대합산업단지로100,경남,Y
주식회사 세아베스틸,철강,정확,(주)세아베스틸,군산일반산업단지,"특수강,자동차부품,철도용품","전북특별자치도 군산시 외항로 522 (소룡동, 세아베스틸) (총 10 필지)",전북특별자치도군산시외항로522,전북,Y
주식회사 세아베스틸,철강,정확,(주)세아베스틸,군산2국가산업단지,"특수강, 금속단조","전북특별자치도 군산시 무역로 87 (오식도동, 세아베스틸)",전북특별자치도군산시무역로87,전북,Y
주식회사 세아창원특수강,철강,정확,(주)세아창원특수강,창원국가산업단지,"선재,강봉,무계목 강관",경상남도 창원시 성산구 적현로 147 (신촌동) 외 20필지,경상남도창원시성산구적현로147,경남,Y
주식회사 에스엔엔씨,철강,정확,(주)에스엔엔씨,광양국가산업단지,"페로니켈, 콘크리트용 잔골재",전라남도 광양시 제철로 2148-139 (금호동) 외 2필지,전라남도광양시제철로2148-139,전남,Y
주식회사 포스코,철강,정확,주식회사 포스코,광양국가산업단지,"냉.열연코일, 아연도금강판, 후판, 아연도금 강판, 리튬분말 니켈 산화물", ,,전남,Y
주식회사 포스코,철강,정확,(주)포스코,포항국가산업단지,철강재,경상북도 포항시남구 동촌동 5번지 외 65필,경상북도포항시남구동촌동5번지외65필,경북,Y
주식회사 포스코,철강,정확,(주)포스코, ,마그네슘,강원특별자치도 강릉시 옥계면 주수리 253-1 외 410필지,강원특별자치도강릉시옥계면주수리253-1,강원,N
주식회사 포스코,철강,지점,(주)포스코퓨처엠 청림공장 ,포항국가산업단지,"정형, 부정형 내화물 ",경상북도 포항시 남구 신항로 110 (청림동) 외 1필지,경상북도포항시남구신항로110,경북,N
주식회사 포스코,철강,지점,포스코스틸리온(주)컬러공장,포항철강지방산업단지,"도장강판,냉연강판 가공",경상북도 포항시 남구 대송로 243 외 2필지,경상북도포항시남구대송로243,경북,Y
주식회사 포스코,철강,지점,포스코스틸리온(주)도금공장,포항철강지방산업단지,"아연,알루미늄 도금강판",경상북도 포항시 남구 철강로 173(장흥동) 외 3필지,경상북도포항시남구철강로173,경북,Y
주식회사 포스코,철강,지점,(주)포스코퓨처엠 호동공장 ,포항국가산업단지,"전융마그네시아, 마그카본 등 부정형제품","경상북도 포항시 남구 서원재로 7 (호동, 포스렉)",경상북도포항시남구서원재로7,경북,N
(주)포스코에스피,철강,정확,(주)포스코모빌리티솔루션,반월국가산업단지,스테인리스 압연 제조,경기도 안산시 단원구 신원로 235 (성곡동),경기도안산시단원구신원로235,경기,Y
(주)포스코에스피,철강,정확,주식회사 포스코모빌리티솔루션, ,전동기 및 발전기,충청남도 천안시 서북구 직산읍 군수1길 115 외 4필지,충청남도천안시서북구직산읍군수1길115,충남,N
(주)포스코에스피,철강,지점,(주)포스코모빌리티솔루션 광양1공장,광양국가산업단지,철강 가공품,전라남도 광양시 산업로 326(태인동),전라남도광양시산업로326,전남,Y
(주)포스코에스피,철강,지점,(주)포스코모빌리티솔루션 광양2공장,광양국가산업단지,열연표면처리강판,전라남도 광양시 태인5길 13 (태인동),전라남도광양시태인5길13,전남,Y
(주)포스코에스피,철강,지점,(주)포스코모빌리티솔루션 광양3공장,광양국가산업단지,철 구조물,전라남도 광양시 산업로 322(태인동),전라남도광양시산업로322,전남,Y
(주)포스코에스피,철강,지점,(주)포스코모빌리티솔루션 포항1공장,포항철강지방산업단지,스테인리스 판재류,경상북도 포항시 남구 대송면 송덕로 56,경상북도포항시남구대송면송덕로56,경북,Y
(주)포스코에스피,철강,지점,(주)포스코모빌리티솔루션 포항3공장,포항영일만2일반산업단지,철강재절단가공품,경상북도 포항시 북구 흥해읍 해안로 1155 외 1필지,경상북도포항시북구흥해읍해안로1155,경북,Y
(주)포스코에스피,철강,지점,(주)포스코모빌리티솔루션 포항2공장,포항영일만2일반산업단지,"MT, EI CORE/STRIP 외","경상북도 포항시 북구 흥해읍 해안로 1166, (POSCO TMC) 외 1필지",경상북도포항시북구흥해읍해안로1166,경북,N
주식회사 피엔알,철강,정확,(주)피앤알,남동국가산업단지,가공판넬,인천광역시 남동구 남동동로 18 (고잔동) 외 1필지,인천광역시남동구남동동로18,인천,Y
주식회사 피엔알,철강,정확,(주)피앤알,시화국가산업단지,자동차부품 악세사리,"경기도 시흥시 소망공원로 317, 3다 621호(정왕동)",경기도시흥시소망공원로3173다621호,경기,N
주식회사 피엔알,철강,정확,(주)피엔알,광양국가산업단지,직접 환원철, ,,전남,Y
주식회사 피엔알,철강,정확,(주)피엔알,포항국가산업단지,"직접환원철(HBI, DRI)",경상북도 포항시 남구 동해안로 6262 (동촌동),경상북도포항시남구동해안로6262,경북,Y
주식회사 피엔알,철강,정확,피앤알, ,철도및건설자재,경상남도 김해시 생림면 마사로 36-40,경상남도김해시생림면마사로36-40,경남,Y
현대스틸파이프 주식회사,철강,정확,현대스틸파이프(주),울산미포국가산업단지,산업용 및 차량용 강관,"울산광역시 북구 염포로 706(염포동, 현대제철(주))",울산광역시북구염포로706),울산,Y
현대스틸파이프 주식회사,철강,정확,현대스틸파이프㈜,울산신일반산업단지,"송유관(API 5L-B 또는 X-Gr.계열), 일반배관(STPY계열) 등",울산광역시 울주군 온산읍 처용산업로 58,울산광역시울주군온산읍처용산업로58,울산,Y
현대스틸파이프 주식회사,철강,정확,현대스틸파이프(주),온산국가산업단지,산업용 및 차량용 강관,울산광역시 울주군 온산읍 원봉로 41,울산광역시울주군온산읍원봉로41,울산,Y
현대스틸파이프 주식회사,철강,정확,현대스틸파이프 주식회사, ,"강제 전선관, 배관용 탄소강관, 일반 구조용 탄소강관 등 ",충청남도 당진시 합덕읍 면천로 1156-34,충청남도당진시합덕읍면천로1156-34,충남,Y
현대종합특수강 주식회사,철강,정확,현대종합특수강(주),증평2일반산업단지,CHQ Wire 등,충청북도 증평군 도안면 증평2산단로 155,충청북도증평군도안면증평2산단로155,충북,Y
현대종합특수강 주식회사,철강,지점,현대종합특수강(주) 포항1공장,포항철강지방산업단지,"CHQ,CD,BAR",경상북도 포항시 남구 대송로 151 (괴동동),경상북도포항시남구대송로151,경북,Y
노벨리스코리아 주식회사,알루미늄,정확,노벨리스코리아(주),영주적서농공단지,알루미늄압연및압축,"경상북도 영주시 적서공단로 23, (적서농공단지내) (적서동)",경상북도영주시적서공단로23,경북,Y
울산알루미늄 주식회사,알루미늄,정확,울산알루미늄(주),울산미포국가산업단지,알루미늄 압연제품,울산광역시 남구 부두로 393 (여천동),울산광역시남구부두로393,울산,Y
(주)동남,알루미늄,정확,동남(주),인천일반산업단지,성형사출기 부품 ,인천광역시 미추홀구 도화동 956-3번지,인천광역시미추홀구도화동956-3번지,인천,N
(주)동남,알루미늄,정확,(주)동남,대덕연구단지,자동차 부품,대전광역시 유성구 죽동로 77-1 (죽동),대전광역시유성구죽동로77-1,대전,N
(주)동남,알루미늄,정확,(주)동남,대덕테크노밸리,자동차공조부품,대전광역시 유성구 테크노3로 77 (관평동),대전광역시유성구테크노3로77,대전,N
(주)동남,알루미늄,정확,(주)동남, ,자동차 back beam,울산광역시 울주군 웅촌면 고연로 172,울산광역시울주군웅촌면고연로172,울산,N
(주)동남,알루미늄,정확,(주)동남, ,"조림앙금, 팥앙금","경기도 평택시 만세로 1565 (청룡동, (주)동남)",경기도평택시만세로1565동남),경기,N
(주)동남,알루미늄,정확,주식회사 동남,반월국가산업단지,전기적산계기,"경기도 안산시 단원구 산단로 296, 1동 4층 404호 (원시동, 대우테크노피아아파트)",경기도안산시단원구산단로2961동4층404호,경기,N
(주)동남,알루미늄,정확,(주)동남,시화국가산업단지,"볼트, 너트, 건설기자재","경기도 시흥시 공단2대로 88, 1바302-102호 (정왕동)",경기도시흥시공단2대로881바302-102호,경기,Y
(주)동남,알루미늄,정확,(주)동남,시화국가산업단지,발전소건설 볼트너트류,"경기도 시흥시 공단2대로 86, 1바 302 (정왕동)",경기도시흥시공단2대로861바302,경기,Y
(주)동남,알루미늄,정확,동남(주), ,건축자재,"경기도 김포시 대곶면 율생중앙로205번길 102, 가동 외 3필지",경기도김포시대곶면율생중앙로205번길102가동,경기,N
(주)동남,알루미늄,정확,동남, ,폐사축처리기,경기도 화성시 양감면 요당길 145-19,경기도화성시양감면요당길145-19,경기,N
(주)동남,알루미늄,정확,(주)동남,서산오토밸리일반산업단지,알미늄괴,충청남도 서산시 지곡면 무장산업로 263-33 외 1필지,충청남도서산시지곡면무장산업로263-33,충남,Y
(주)동남,알루미늄,정확,(주)동남,나주혁신일반산업단지,"170/72.5/29/25.5kv 가스절연개폐장치,개폐기류,전기회로개폐",전라남도 나주시 왕곡면 혁신산단5길 54,전라남도나주시왕곡면혁신산단5길54,전남,N
(주)동남,알루미늄,정확,(주)동남,마산자유무역지역,정밀주물용규사,"경상남도 창원시 마산회원구 자유무역6길 157 (봉암동, 동남(주))",경상남도창원시마산회원구자유무역6길157),경남,Y
(주)동남,알루미늄,정확,(주)동남, ,"골재,석분",경상남도 김해시 주촌면 서부로1701번안길 58-100,경상남도김해시주촌면서부로1701번안길58-100,경남,N
(주)동남,알루미늄,정확,(주)동남, ,"레미콘,아스콘,쇄석골재",경상남도 김해시 주촌면 서부로1701번안길 58-93,경상남도김해시주촌면서부로1701번안길58-93,경남,N
(주)동남,알루미늄,정확,(주)동남, ,자동차부품 및 유압부품,경상남도 함안군 칠원읍 경남대로 1937-2 외 5필지,경상남도함안군칠원읍경남대로1937-2,경남,N
(주)동남,알루미늄,정확,(주)동남, ,레미콘,전북특별자치도 장수군 번암면 장수로 153 ((주)동남레미콘) 외 1필지,전북특별자치도장수군번암면장수로153동남레미콘),전북,N
(주)동남,알루미늄,지점,(주)동남 울산공장,온산국가산업단지,알루미늄 인고트,울산광역시 울주군 온산읍 석당길 29,울산광역시울주군온산읍석당길29,울산,Y
(주)동남,알루미늄,지점,(주)동남합성 대산공장, ,계면활성제,충청남도 서산시 대산읍 죽엽로 413-97 외 1필지,충청남도서산시대산읍죽엽로413-97,충남,N
(주)동남,알루미늄,지점,(주)동남사 제2공장,금산금성농공단지,"포장용 판지상자, 종이용기 등",충청남도 금산군 금성면 금성공단로 59,충청남도금산군금성면금성공단로59,충남,Y
(주)동남,알루미늄,지점,(주)동남하이테크 2공장,마산진북일반산업단지,방산품 천무프레임 등,경상남도 창원시 마산합포구 진북면 산단2길 46-46,경상남도창원시마산합포구진북면산단2길46-46,경남,N
(주)동남,알루미늄,지점,(주)동남 진해공장,창원남문외국인투자지역,주형 및 금형,경상남도 창원시 진해구 남영로 13(남문동),경상남도창원시진해구남영로13,경남,N
(주)동남,알루미늄,지점,(주)동남정유2공장, ,정제연료유,경상남도 김해시 김해대로2553번길 30 (어방동),경상남도김해시김해대로2553번길30,경남,N
(주)동남,알루미늄,지점,(주)동남정유 1공장, ,정제연료유,경상남도 김해시 김해대로2579번길 36 (안동),경상남도김해시김해대로2579번길36,경남,N
(주)세진메탈,알루미늄,정확,세진메탈,연천백학일반산업단지,금속기계부품, ,,?,Y
(주)세진메탈,알루미늄,지점,(주)세진메탈 3공장,온산국가산업단지,알루미늄합금,울산광역시 울주군 온산읍 석당길 29-13,울산광역시울주군온산읍석당길29-13,울산,Y
(주)세진메탈,알루미늄,지점,세진메탈(주)온산공장,온산국가산업단지,"알루미늄괴, 탈산제",울산광역시 울주군 온산읍 원봉로 15,울산광역시울주군온산읍원봉로15,울산,Y
고려강선(주),철강,정확,고려강선(주),포항철강지방산업단지,스틸코드,경상북도 포항시 남구 대송면 철강산단로130번길 52 (고려강선포항공장),경상북도포항시남구대송면철강산단로130번길52,경북,Y
고려강선(주),철강,정확,고려강선(주),양산일반산업단지,스틸코드,"경상남도 양산시 유산공단7길 15 (유산동, 고려강선(주))",경상남도양산시유산공단7길15),경남,Y
대한시멘트 주식회사,시멘트,지점,대한시멘트 주식회사 1공장,광양국가산업단지,시멘트,전라남도 광양시 태인3길 33 (태인동) 외 1필지,전라남도광양시태인3길33,전남,Y
대한시멘트 주식회사,시멘트,지점,대한시멘트 주식회사 2공장,광양국가산업단지,슬라그시멘트,"전라남도 광양시 백운1로 74 (태인동, 대한시멘트㈜)",전라남도광양시백운1로74,전남,Y
디케이동신주식회사,철강,정확,디케이동신(주),포항철강지방산업단지,칼라강판,경상북도 포항시 남구 대송로 154 (괴동동) 외 2필지,경상북도포항시남구대송로154,경북,Y
쌍용씨앤이주식회사,시멘트,정확,쌍용씨앤이(주),광양국가산업단지,슬라그시멘트,전라남도 광양시 산업로 221 (태인동) 외 2필지,전라남도광양시산업로221,전남,Y
쌍용씨앤이주식회사,시멘트,지점,쌍용씨앤이(주) 부산공장, ,"슬래그 시멘트, 슬래그분말, 시멘트",부산광역시 사하구 구평로 40 (구평동),부산광역시사하구구평로40,부산,Y
쌍용씨앤이주식회사,시멘트,지점,쌍용씨앤이(주) 울산출하공장,울산미포국가산업단지,시멘트,"울산광역시 남구 부두로 167 (매암동, 쌍용양회울산공장)",울산광역시남구부두로167,울산,Y
쌍용씨앤이주식회사,시멘트,지점,쌍용씨앤이(주)매포출하공장, ,시멘트,세종특별자치시 부강면 시목부강로 396,세종특별자치시부강면시목부강로396,세종,Y
쌍용씨앤이주식회사,시멘트,지점,쌍용씨앤이(주) 북평공장, ,시멘트,"강원특별자치도 동해시 대동로 210 (송정동, 동해항)",강원특별자치도동해시대동로210,강원,Y
쌍용씨앤이주식회사,시멘트,지점,쌍용씨앤이(주)묵호공장, ,시멘트,"강원특별자치도 동해시 임항로 121 (발한동, 묵호항)",강원특별자치도동해시임항로121,강원,Y
쌍용씨앤이주식회사,시멘트,지점,쌍용씨앤이(주)동해공장, ,시멘트,"강원특별자치도 동해시 효자로 246 (삼화동, 쌍용양회동해공장)",강원특별자치도동해시효자로246,강원,Y
쌍용씨앤이주식회사,시멘트,지점,쌍용씨앤이(주)영월공장, ,시멘트,강원특별자치도 영월군 한반도면 쌍용로 89,강원특별자치도영월군한반도면쌍용로89,강원,Y
쌍용씨앤이주식회사,시멘트,지점,쌍용씨앤이(주) 군산출하공장,군산일반산업단지,"벌크시멘트,포장시멘트",전북특별자치도 군산시 외항8길 16 (소룡동),전북특별자치도군산시외항8길16,전북,Y
와이케이스틸 주식회사,철강,정확,와이케이스틸 주식회사, ,철근,부산광역시 사하구 을숙도대로 760 (구평동),부산광역시사하구을숙도대로760,부산,Y
일진제강(주),철강,정확,일진제강(주), ,금속(파이프),경기도 화성시 정남면 만년로 905-80 (일진경금속㈜) 외 7필지,경기도화성시정남면만년로905-80,경기,Y
일진제강(주),철강,정확,일진제강(주),임실농공단지,"냉간 인발강관, 무계목강관, 알루미늄 철 와이어 등 ",전북특별자치도 임실군 임실읍 호국로 1746 (일진제강) 외 2필지,전북특별자치도임실군임실읍호국로1746,전북,Y
진양특수강(주),철강,정확,진양특수강(주), ,"환봉,트랙슈",경상북도 영천시 채신동 377번지 외 34필지 외 34필지,경상북도영천시채신동377번지,경북,Y
진양특수강(주),철강,지점,진양특수강(주)2공장, ,압연제품,경상북도 영천시 채신1공단길 67 (채신동),경상북도영천시채신1공단길67,경북,Y
하이호경금속주식회사,알루미늄,정확,하이호경금속(주),군산2국가산업단지,"잉고트, 빌레트",전북특별자치도 군산시 새만금북로 133 (오식도동),전북특별자치도군산시새만금북로133,전북,Y
한국씨엔티(주),시멘트,정확,한국씨엔티(주),광주본촌일반산업단지,건전지,광주광역시 북구 양일로 147-46 (일곡동),광주광역시북구양일로147-46,광주,N
한국씨엔티(주),시멘트,정확,(주)한국씨앤티, ,컨테이너,경기도 여주시 가남읍 삼승1길 57-20,경기도여주시가남읍삼승1길57-20,경기,N
한국씨엔티(주),시멘트,정확,한국씨엔티(주),포항철강지방산업단지,시멘트,"경상북도 포항시 남구 괴동로 93 (장흥동, (주)한국시멘트)",경상북도포항시남구괴동로93한국시멘트),경북,Y
한국씨엔티(주),시멘트,정확,한국씨엔티주식회사,순창풍산농공단지,면사,전북특별자치도 순창군 풍산면 풍산농공길 42 외 1필지,전북특별자치도순창군풍산면풍산농공길42,전북,N
한국제강주식회사,철강,정확,한국제강(주), ,이형철근 및 파레트,경상남도 함안군 군북면 장백로 394 (한국제강(주)) 외 5필지,경상남도함안군군북면장백로394),경남,Y
한국제강주식회사,철강,정확, 한국제강(주),함안법수농공단지,금속절삭기계,경상남도 함안군 법수면 윤외공단길 98,경상남도함안군법수면윤외공단길98,경남,Y
한라시멘트(주),시멘트,정확,한라시멘트(주),광양국가산업단지,슬라그시멘트,전라남도 광양시 산업로 159 (태인동) 외 2필지,전라남도광양시산업로159,전남,Y
한라시멘트(주),시멘트,정확,한라시멘트(주),포항철강지방산업단지,슬래그시멘트,경상북도 포항시 남구 대송로101번길 41 (장흥동),경상북도포항시남구대송로101번길41,경북,Y
한라시멘트(주),시멘트,정확,한라시멘트주식회사, ,시멘트,강원특별자치도 강릉시 옥계면 동해대로 226 외 5필지,강원특별자치도강릉시옥계면동해대로226,강원,Y
한라시멘트(주),시멘트,정확,한라시멘트(주), ,건설기계,강원특별자치도 강릉시 옥계면 산계길 559-1136,강원특별자치도강릉시옥계면산계길559-1136,강원,N
한라시멘트(주),시멘트,정확,한라시멘트주식회사, ,시멘트,강원특별자치도 강릉시 옥계면 산계길 220 외 5필지,강원특별자치도강릉시옥계면산계길220,강원,Y
한라시멘트(주),시멘트,정확,한라시멘트주식회사, ,클링커,"강원특별자치도 삼척시 신기면 강원남부로 2879, 한라시멘트(주)신기공장 (신기면)",강원특별자치도삼척시신기면강원남부로2879한라시멘트신기공장,강원,Y
한일제관(주),철강,정확,한일제관(주),대전지방4지방산업단지,음료수금속캔 및 프라스틱병,"대전광역시 대덕구 대덕대로1448번길 50 (신일동, 한일제관(주))",대전광역시대덕구대덕대로1448번길50),대전,Y
한일제관(주),철강,정확,한일제관(주),양산일반산업단지,"식.음료용 공관, 플라스틱병",경상남도 양산시 유산공단4길 21 (유산동),경상남도양산시유산공단4길21,경남,Y
한일제관(주),철강,지점,한일제관(주)제1공장,음성하이텍일반산업단지,공관,충청북도 음성군 삼성면 하이텍산단로 84,충청북도음성군삼성면하이텍산단로84,충북,Y
현대아이에프씨 주식회사,철강,정확,현대아이에프씨(주),여수율촌제1일반산업단지,"금속 단조제품, 주단강",전라남도 순천시 해룡면 율촌산단5로 46,전라남도순천시해룡면율촌산단5로46,전남,Y
홍덕산업(주),철강,정확,홍덕산업(주),대덕테크노밸리,비드와이어 外,대전광역시 유성구 테크노2로 94-23 (관평동),대전광역시유성구테크노2로94-23,대전,Y
홍덕산업(주),철강,지점,홍덕산업(주) 포항BW공장,포항국가산업단지,"비드와이어,정강선",경상북도 포항시 남구 철강로 328 (장흥동),경상북도포항시남구철강로328,경북,Y
홍덕산업(주),철강,지점,홍덕산업(주) 포항SW공장,포항국가산업단지,"스텐레스,와이어로프",경상북도 포항시 남구 장흥로39번길 51 (장흥동),경상북도포항시남구장흥로39번길51,경북,Y
홍덕산업(주),철강,지점,홍덕산업(주) 포항SC공장,포항철강지방산업단지,"스틸코드,비드와이어",경상북도 포항시 남구 대송면 철강산단로66번길 80 (대송면),경상북도포항시남구대송면철강산단로66번길80,경북,Y
홍덕산업(주),철강,지점,홍덕산업(주)함안SC공장,함안법수농공단지,스틸코트,경상남도 함안군 법수면 윤외공단길 68 (법수면),경상남도함안군법수면윤외공단길68,경남,Y
홍덕산업(주),철강,지점,홍덕산업(주) 거창SC 2공장,거창일반산업단지,스틸코드,경상남도 거창군 남상면 홍덕길 77,경상남도거창군남상면홍덕길77,경남,Y
홍덕산업(주),철강,지점,홍덕산업(주) 거창SC공장,거창석강농공단지,스틸코드,"경상남도 거창군 가조면 석강3길 84, 홍덕산업(주) 거창SC공장",경상남도거창군가조면석강3길84홍덕산업거창SC공장,경남,Y
환영철강공업(주),철강,정확,환영철강공업(주), ,"일반강마환봉,평강,엥글첸넬",충청남도 당진시 석문면 보덕포로 587 (환영철강),충청남도당진시석문면보덕포로587,충남,Y
