rank,account,size,규모군,cbam_item,수요약함,s2,s3,s4,s5,s6,total,cbam_eu_exposure,competitor_layer,evidence_source,H2충족,경계
1,KG스틸(주),중견,중견,철강,,2,2,2,2,2,10,확인,없음,없음,Y,
2,주식회사 포스코,대기업 계열,대기업군,제철·제강·합금철,,2,2,2,1,2,9,확인,2층,보도만,Y,
3,현대제철(주),대기업,대기업군,철강,,2,2,2,1,2,9,확인,1~3층,보도만,Y,
4,(주)태웅,중견,중견,철강,,2,2,1,2,2,9,확인,없음,없음,Y,
5,현대비앤지스틸(주),대기업,대기업군,철강,,2,2,1,2,2,9,확인,없음,없음,Y,
6,(주)SIMPAC,중견,중견,망간합금철 등·프레스·압연 롤·자동차 부품,,2,2,2,2,1,9,불명,설비,없음,Y,⑥ 불명
7,고려제강(주),중견,중견,철강,,2,2,2,2,1,9,축소,없음,없음,Y,
8,(주)TCC스틸,중견,중견,철강,,2,0,2,2,2,8,확인,없음,없음,Y,
9,(주)대양금속,중견,중견,철강,,2,2,0,2,2,8,확인,없음,없음,,
10,(주)대호에이엘,중견,중견,알루미늄,,2,2,0,2,2,8,확인,없음,없음,,⑤ 웹 미조사
11,에스케이오션플랜트(주),대기업,대기업군,철강,,2,2,0,2,2,8,신규,없음,없음,,
12,주식회사 세아베스틸,대기업 계열,대기업군,제철·제강·합금철,,2,2,0,2,2,8,확인,3층,보도만,,
13,(주)세아제강,대기업,대기업군,철강,,2,2,1,2,1,8,축소,없음,없음,Y,
14,남해화학(주),대기업,대기업군,비료,수요 약함,2,2,1,2,1,8,불명,없음,없음,Y,⑥ 불명
15,동국산업(주),중견,중견,철강,,2,2,1,2,1,8,불명,없음,없음,Y,⑥ 불명
16,대한제강(주),중견,중견,철강,,2,2,2,2,0,8,미확인,없음,없음,Y,
17,한일시멘트(주),중견,중견,시멘트,수요 약함,2,2,2,2,0,8,미확인,없음,없음,Y,
18,(주)케이피에프,중견,중견,볼트·너트,,2,1,0,2,2,7,확인,설비,없음,,⑤ 웹 미조사 ③ 공장 2곳 선정 경계선(합계 7점)
19,삼아알미늄(주),중견,중견,알루미늄,,2,2,0,1,2,7,확인,1~3층,보도만,,선정 경계선(합계 7점)
20,조일알미늄(주),중견,중견,알루미늄,,2,2,0,1,2,7,축소,1~4층,보도만,,선정 경계선(합계 7점)
21,포스코스틸리온(주),대기업,대기업군,철강,,2,1,0,2,2,7,확인,3층,원문만,,③ 공장 2곳 선정 경계선(합계 7점)
22,동국씨엠 주식회사,중견,중견,철강,,2,2,2,0,1,7,축소,1~3층,원문+보도,,선정 경계선(합계 7점)
23,고려강선(주),중견,중견,압연·압출,,2,2,0,2,1,7,축소,없음,없음,,선정 경계선(합계 7점)
24,일진제강(주),중견,중견,강관,,2,2,0,2,1,7,불명,없음,없음,,⑤ 웹 미조사 ⑥ 불명 선정 경계선(합계 7점)
25,홍덕산업(주),중견,중견,압연·압출,,2,2,0,2,1,7,축소,없음,없음,,선정 경계선(합계 7점)
26,동국제강(주),중견,중견,철강,,2,2,2,1,0,7,미확인,1~2층,보도만,Y,선정 경계선(합계 7점)
27,두산에너빌리티(주),대기업,대기업군,철강,,2,2,2,1,0,7,미확인,1~3층,보도만,Y,선정 경계선(합계 7점)
28,(주)삼표시멘트,중견,중견,시멘트,수요 약함,2,2,1,2,0,7,미확인,없음,없음,Y,선정 경계선(합계 7점)
29,(주)한국특강,중견,중견,철강,,2,2,1,2,0,7,미확인,없음,없음,Y,선정 경계선(합계 7점)
30,성신양회(주),중견,중견,시멘트,수요 약함,2,2,1,2,0,7,미확인,없음,없음,Y,선정 경계선(합계 7점)
31,아세아시멘트(주),중견,중견,시멘트,수요 약함,2,2,1,2,0,7,미확인,설비,없음,Y,선정 경계선(합계 7점)
32,한국철강(주),중견,중견,철강,,2,2,1,2,0,7,미확인,없음,없음,Y,선정 경계선(합계 7점)
33,(주)성광벤드,중견,중견,철강,,1,2,0,2,2,7,확인,설비,없음,,선정 경계선(합계 7점)
34,(주)알루코,중견,중견,알루미늄,,1,2,0,2,2,7,확인,없음,없음,,선정 경계선(합계 7점)
35,케이비아이동양철관(주),중견,중견,철강,,1,2,0,2,2,7,확인,없음,없음,,선정 경계선(합계 7점)
36,주식회사 세아창원특수강,대기업 계열,대기업군,제철·제강·합금철,,2,0,0,2,2,6,확인,3층,보도만,,
37,(주)대호특수강,중견,중견,철강,,2,2,0,2,0,6,미확인,설비,없음,,
38,(주)동남,중견,중견,비철 제련·합금,,2,2,0,2,0,6,미확인,없음,없음,,
39,(주)세진메탈,중견,중견,비철 제련·합금,,2,2,0,2,0,6,미확인,없음,없음,,
40,(주)유니온,중견,중견,시멘트,수요 약함,2,2,0,2,0,6,미확인,없음,없음,,
41,(주)포스코에스피,대기업 계열,대기업군,스테인리스 냉연 정밀재·판재,,2,2,0,2,0,6,미확인,없음,없음,,
42,KG케미칼(주),중견,중견,비료,수요 약함,2,2,0,2,0,6,미확인,없음,없음,,
43,넥스틸(주),중견,중견,철강,,2,2,0,2,0,6,미확인,없음,없음,,
44,동일산업(주),중견,중견,봉강·페로망간·주강품·자동차 부품,,2,2,0,2,0,6,미확인,없음,없음,,
45,만호제강(주),중견,중견,철강,,2,2,0,2,0,6,미확인,없음,없음,,
46,삼목에스폼(주),중견,중견,구조물,,2,2,0,2,0,6,미확인,없음,없음,,
47,삼보산업 주식회사,중견,중견,알루미늄,,2,2,0,2,0,6,미확인,없음,없음,,
48,쌍용씨앤이주식회사,중견,중견,시멘트,수요 약함,2,2,0,2,0,6,미확인,설비,없음,,
49,주식회사 피엔알,대기업 계열,대기업군,직접환원철 HBI·DRI (CN 7203),,2,2,0,2,0,6,미확인,없음,없음,,
50,한라시멘트(주),중견,중견,시멘트,수요 약함,2,2,0,2,0,6,미확인,없음,없음,,
51,한일제관(주),중견,중견,금속 용기 등,,2,2,0,2,0,6,미확인,없음,없음,,
52,현대스틸파이프 주식회사,대기업 계열,대기업군,강관,,2,2,0,2,0,6,미확인,없음,없음,,
53,현대종합특수강 주식회사,대기업 계열,대기업군,압연·압출,,2,2,0,2,0,6,미확인,없음,없음,,
54,씨에스윈드(주),중견,중견,구조물,,1,0,2,2,1,6,축소,없음,없음,,
55,(주)태광,중견,중견,철강,,1,2,0,2,1,6,불명,없음,없음,,
56,DSR제강(주),중견,중견,철강,,1,2,0,2,1,6,불명,없음,없음,,
57,(주)휴스틸,중견,중견,철강,,1,2,1,2,0,6,미확인,없음,없음,,
58,디케이동신주식회사,중견,중견,기타 1차 철강,,2,0,0,2,1,5,불명,없음,없음,,
59,하이호경금속주식회사,중견,중견,비철 제련·합금,,2,0,0,2,1,5,불명,없음,없음,,
60,대한시멘트 주식회사,중견,중견,시멘트,수요 약함,2,1,0,2,0,5,미확인,없음,없음,,
61,진양특수강(주),중견,중견,압연·압출,,2,1,0,2,0,5,미확인,없음,없음,,
62,한국제강주식회사,중견,중견,제철·제강·합금철,,2,1,0,2,0,5,미확인,없음,없음,,
63,한주라이트메탈(주),중견,중견,알루미늄,,2,1,0,2,0,5,미확인,없음,없음,,
64,아주스틸(주),중견,중견,철강,,1,2,1,0,1,5,축소,1~3층,원문+보도,,
65,(주)NI스틸,중견,중견,철강,,1,2,0,2,0,5,미확인,3층,원문만,,
66,(주)남선알미늄,대기업,대기업군,알루미늄,,1,2,0,2,0,5,미확인,없음,없음,,
67,(주)대륙제관,중견,중견,탱크·용기,,1,2,0,2,0,5,미확인,없음,없음,,
68,(주)대창스틸,중견,중견,철강,,1,2,0,2,0,5,미확인,3층,원문만,,
69,(주)동국에스엔씨,중견,중견,구조물,,1,2,0,2,0,5,미확인,없음,없음,,
70,(주)원일특강,중견,중견,철강,,1,2,0,2,0,5,미확인,없음,없음,,
71,(주)제일테크노스,중견,중견,구조물,,1,2,0,2,0,5,미확인,없음,없음,,
72,(주)태양,중견,중견,탱크·용기,,1,2,0,2,0,5,미확인,없음,없음,,
73,(주)포스코엠텍,대기업,대기업군,철강,,1,2,0,2,0,5,미확인,없음,없음,,
74,(주)하이스틸,중견,중견,철강,,1,2,0,2,0,5,미확인,3층,원문만,,
75,경남스틸(주),중견,중견,철강,,1,2,0,2,0,5,미확인,없음,없음,,
76,금강공업(주),중견,중견,철강,,1,2,0,2,0,5,미확인,없음,없음,,
77,금강철강(주),중견,중견,철강,,1,2,0,2,0,5,미확인,없음,없음,,
78,다스코(주),중견,중견,구조물,,1,2,0,2,0,5,미확인,없음,없음,,
79,디씨엠(주),중견,중견,철강,,1,2,0,2,0,5,미확인,없음,없음,,
80,부국철강(주),중견,중견,철강,,1,2,0,2,0,5,미확인,없음,없음,,
81,삼현철강(주),중견,중견,철강,,1,2,0,2,0,5,미확인,없음,없음,,
82,에스와이(주),중견,중견,구조물,,1,2,0,2,0,5,미확인,없음,없음,,
83,주식회사 신스틸,중견,중견,철강,,1,2,0,2,0,5,미확인,없음,없음,,
84,한일철강(주),중견,중견,철강,,1,2,0,2,0,5,미확인,없음,없음,,
85,(주)세아씨엠,대기업 계열,대기업군,기타 1차 철강,,2,0,0,2,0,4,미확인,없음,없음,,
86,삼화왕관(주),중견,중견,탱크·용기,,2,0,0,2,0,4,미확인,없음,없음,,
87,와이케이스틸 주식회사,중견,중견,압연·압출,,2,0,0,2,0,4,미확인,없음,없음,,
88,주식회사 에스엔엔씨,대기업 계열,대기업군,페로니켈 (CN 7202 60 00),,2,0,0,2,0,4,미확인,없음,없음,,
89,한국씨엔티(주),중견,중견,시멘트,수요 약함,2,0,0,2,0,4,미확인,없음,없음,,
90,현대아이에프씨 주식회사,중견,중견,제철·제강·합금철,,2,0,0,2,0,4,미확인,없음,없음,,
91,환영철강공업(주),중견,중견,제철·제강·합금철,,2,0,0,2,0,4,미확인,없음,없음,,
92,(주)덕신이피씨,중견,중견,구조물,,1,1,0,2,0,4,미확인,없음,없음,,
93,노벨리스코리아 주식회사,외국계 대기업 계열,대기업군,비철 압연·압출,,2,0,0,1,0,3,미확인,기준 G,추정,,
94,울산알루미늄 주식회사,외국계 대기업 계열,대기업군,비철 제련·합금,,2,0,0,1,0,3,미확인,기준 G,추정,,
