account,listed,size,group,corp_code,kets_code,ksic,kets,cbam_sector,cbam_item,cbam_basis,cbam_note,fertilizer_flag,eu_export,eu_signal,eu_evidence,eu_source,eu_caution,eu_exemption_note,flags,source,size_note,note_prev
(주)남선알미늄,상장,대기업,SM,00107224,,24222,아님,알루미늄,알루미늄,cbam 판정 (사업보고서 품목),,,미확인,없음,유럽 관련 문장 없음(유로·구주 오검출만),2025 사업보고서 원문 (mfg1_eu_snippets),,,대기업 / 대형 고객 조직 담당 가능성(추정),상장 cbam 1차,,
(주)세아제강,상장,대기업,세아,01325979,,2413,대상,철강,철강,cbam 판정 (사업보고서 품목),,,확인,직접,연결 지역별 매출 유럽 32억 원(전기 599억 원),2025 사업보고서 원문 (mfg1_eu_snippets),당기 급감,소량이면 EU 수입자 연 50톤 면제 가능,대기업 / 대형 고객 조직 담당 가능성(추정),상장 cbam 1차,,
(주)포스코엠텍,상장,대기업,포스코,00128111,,24199,아님,철강,철강,cbam 판정 (사업보고서 품목),,,미확인,없음,유럽 관련 문장 없음(유로·구주 오검출만),2025 사업보고서 원문 (mfg1_eu_snippets),,,대기업 / 대형 고객 조직 담당 가능성(추정),상장 cbam 1차,,
남해화학(주),상장,대기업,농협,00107987,,20312,대상,비료,비료,cbam 판정 (사업보고서 품목),,유예 논의 중,확인,간접,지역 공시 기타(미국·유럽) 169억 원(전기 253억 원). 유럽만 분리 안 됨,2025 사업보고서 원문 (mfg1_eu_snippets),유럽 비중 불명,소량이면 EU 수입자 연 50톤 면제 가능,대기업 / 대형 고객 조직 담당 가능성(추정) / 비료 유예 논의 중,상장 cbam 1차,,
두산에너빌리티(주),상장,대기업,두산,00159616,,29119,대상,철강,철강,cbam 판정 (사업보고서 품목),,,확인,직접,지역별 수익 유럽 1069억 원(전기 459억 원). 체코 원전 수주,2025 사업보고서 원문 (mfg1_eu_snippets),EU 매출은 원전 설비 중심이라 CBAM 품목 비중이 작을 수 있음(추정),소량이면 EU 수입자 연 50톤 면제 가능,대기업 / 대형 고객 조직 담당 가능성(추정),상장 cbam 1차,,
에스케이오션플랜트(주),상장,대기업,에스케이,00480367,,2413,아님,철강,철강,cbam 판정 (사업보고서 품목),,,확인,직접,후육강관 해외 매출처에 유럽 포함. 덴마크 Orsted 등 해상풍력 구조물 계약,2025 사업보고서 원문 (mfg1_eu_snippets),,소량이면 EU 수입자 연 50톤 면제 가능,대기업 / 대형 고객 조직 담당 가능성(추정),상장 cbam 1차,,
포스코스틸리온(주),상장,대기업,포스코,00155258,,2419,대상,철강,철강,cbam 판정 (사업보고서 품목),,,확인,직접,지역별 수익 유럽 2448억 원(전기 2505억 원). 주력시장에 유럽 명시,2025 사업보고서 원문 (mfg1_eu_snippets),,소량이면 EU 수입자 연 50톤 면제 가능,대기업 / 대형 고객 조직 담당 가능성(추정),상장 cbam 1차,,
현대비앤지스틸(주),상장,대기업,현대자동차,00125743,,24122,대상,철강,철강,cbam 판정 (사업보고서 품목),,,확인,간접,수출거래로 일부 유입되는 유로화 문장,2025 사업보고서 원문 (mfg1_eu_snippets),EUR 결제가 EU 고객이라는 보장은 없음. 금액 없음,소량이면 EU 수입자 연 50톤 면제 가능,대기업 / 대형 고객 조직 담당 가능성(추정),상장 cbam 1차,,
현대제철(주),상장,대기업,현대자동차,00145880,,2411,대상,철강,철강,cbam 판정 (사업보고서 품목),,,확인,직접,연결 지역별 영업현황 유럽 1조 825억 원,2025 사업보고서 원문 (mfg1_eu_snippets) (첨부정정 대신 원본 20260319000771),유럽 소재 연결법인 매출 기준,소량이면 EU 수입자 연 50톤 면제 가능,대기업 / 대형 고객 조직 담당 가능성(추정),상장 cbam 1차,,
(주)NI스틸,상장,중견,,00116301,,2419,아님,철강,철강,cbam 판정 (사업보고서 품목),,,미확인,없음,사업보고서에 유럽 언급 없음,2025 사업보고서 (cbam report_keyword_snippets),,,,중견 73 (이전 레포),,
(주)SIMPAC,상장,중견,,00138260,,24113,대상,철강,망간합금철 등·프레스·압연 롤·자동차 부품,SIMPAC 2025 사업보고서 II-2 주요 제품·생산능력·생산실적,합금철/ROLL 부문 매출 1748억 원. 망간합금철 생산 2025년 20216톤(2023년 90789톤). 페로망간·실리코망간 구성은 공개되지 않아 페로망간 생산을 전제로 대상(추정),,확인,직접,CE 마크 획득 후 유럽·미국 시장에 제품 납품,2025 사업보고서 (cbam report_keyword_snippets),EU 판매 품목은 프레스로 CBAM 품목 아님,소량이면 EU 수입자 연 50톤 면제 가능,,중견 73 (이전 레포),,
(주)TCC스틸,상장,중견,,00117300,,24191,대상,철강,철강,cbam 판정 (사업보고서 품목),,,확인,직접,지역별 매출 유럽 390억 원(전기 229억 원),2025 사업보고서 (cbam report_keyword_snippets),,소량이면 EU 수입자 연 50톤 면제 가능,,중견 73 (이전 레포),,
(주)대륙제관,상장,중견,,00109587,,25991,아님,철강,탱크·용기,cbam 판정 (사업보고서 품목),,,미확인,없음,2011년 제품 소개에서 미주·유럽 반응 언급. 판매 실적 없음,2025 사업보고서 (cbam report_keyword_snippets),,,,중견 73 (이전 레포),,
(주)대양금속,상장,중견,,00111111,,24122,아님,철강,철강,cbam 판정 (사업보고서 품목),,,확인,직접,지역별 매출 유럽 715억 원(전기 568억 원),2025 사업보고서 (cbam report_keyword_snippets),,소량이면 EU 수입자 연 50톤 면제 가능,,중견 73 (이전 레포),,
(주)대창스틸,상장,중견,,00112721,,24122,아님,철강,철강,cbam 판정 (사업보고서 품목),,,미확인,없음,유럽 제품·공법 소개뿐,2025 사업보고서 (cbam report_keyword_snippets),,,,중견 73 (이전 레포),,
(주)대호에이엘,상장,중견,,00428729,,24222,대상,알루미늄,알루미늄,cbam 판정 (사업보고서 품목),,,확인,직접,지리적 시장 유럽 118억 원,2025 사업보고서 (cbam report_keyword_snippets),,소량이면 EU 수입자 연 50톤 면제 가능,,중견 73 (이전 레포),,
(주)대호특수강,상장,중견,,00166175,,24123,아님,철강,철강,cbam 판정 (사업보고서 품목),,,미확인,없음,사업보고서에 유럽 언급 없음,2025 사업보고서 (cbam report_keyword_snippets),,,,중견 73 (이전 레포),,
(주)덕신이피씨,상장,중견,,00454937,,25112,아님,철강,구조물,cbam 판정 (사업보고서 품목),,,미확인,없음,CE 인증 취득만 적힘,2025 사업보고서 (cbam report_keyword_snippets),,,,중견 73 (이전 레포),,
(주)동국에스엔씨,상장,중견,,00415594,,2511,아님,철강,구조물,cbam 판정 (사업보고서 품목),,,미확인,없음,유럽 언급이 시장 동향·전망뿐,2025 사업보고서 (cbam report_keyword_snippets),,,,중견 73 (이전 레포),,
(주)삼표시멘트,상장,중견,삼표,00239639,,239,대상,시멘트,시멘트,cbam 판정 (사업보고서 품목),,,미확인,없음,사업보고서에 유럽 언급 없음,2025 사업보고서 (cbam report_keyword_snippets),,,,중견 73 (이전 레포),,
(주)성광벤드,상장,중견,,00132318,,24133,아님,철강,철강,cbam 판정 (사업보고서 품목),,,확인,직접,아시아·유럽·중동·미주 지역에 진출해 성장. 지역별 수주 유럽 43% 문장도 있음,2025 사업보고서 (cbam report_keyword_snippets),43%가 회사 수치인지 업계 통계인지 불명,소량이면 EU 수입자 연 50톤 면제 가능,,중견 73 (이전 레포),,
(주)알루코,상장,중견,,00117027,,24222,아님,알루미늄,알루미늄,cbam 판정 (사업보고서 품목),,,확인,직접,지역별 매출 유럽 604억 원(전기 378억 원),2025 사업보고서 (cbam report_keyword_snippets),,소량이면 EU 수입자 연 50톤 면제 가능,,중견 73 (이전 레포),,
(주)원일특강,상장,중견,,00143907,,24123,아님,철강,철강,cbam 판정 (사업보고서 품목),,,미확인,없음,사업보고서에 유럽 언급 없음,2025 사업보고서 (cbam report_keyword_snippets),,,,중견 73 (이전 레포),,
(주)유니온,상장,중견,,00144252,,23311,대상,시멘트,시멘트,cbam 판정 (사업보고서 품목),,,확인,직접,유럽 Grohe·Hansgrohe 등 수도용품 업체에 납품,2025 사업보고서 (cbam report_keyword_snippets),EU 판매 품목은 세라믹(절삭공구·밸브 디스크)으로 CBAM 품목 아님,소량이면 EU 수입자 연 50톤 면제 가능,,중견 73 (이전 레포),,
(주)제일테크노스,상장,중견,,00148595,,2511,아님,철강,구조물,cbam 판정 (사업보고서 품목),,,미확인,없음,사업보고서에 유럽 언급 없음,2025 사업보고서 (cbam report_keyword_snippets),,,,중견 73 (이전 레포),,
(주)케이피에프,상장,중견,,00157636,,259,대상,철강,볼트·너트,cbam 판정 (사업보고서 품목),,,확인,직접,2024년 1월 CBAM 전환기간 첫 신고(2023년 4분기분) 이행,2025 사업보고서 (cbam report_keyword_snippets),CBAM 품목(볼트·너트) EU 수출의 가장 직접적인 근거,소량이면 EU 수입자 연 50톤 면제 가능,,중견 73 (이전 레포),,
(주)태광,상장,중견,,00153375,,2413,아님,철강,철강,cbam 판정 (사업보고서 품목),,,확인,직접,판로가 미국·유럽·동남아·중동으로 확대,2025 사업보고서 (cbam report_keyword_snippets),,소량이면 EU 수입자 연 50톤 면제 가능,,중견 73 (이전 레포),,
(주)태양,상장,중견,,00186717,,25991,아님,철강,탱크·용기,cbam 판정 (사업보고서 품목),,,미확인,없음,사업보고서에 유럽 언급 없음,2025 사업보고서 (cbam report_keyword_snippets),,,,중견 73 (이전 레포),,
(주)태웅,상장,중견,,00186799,,25912,대상,철강,철강,cbam 판정 (사업보고서 품목),,,확인,직접,지역별 매출 유럽 734억 원,2025 사업보고서 (cbam report_keyword_snippets),,소량이면 EU 수입자 연 50톤 면제 가능,,중견 73 (이전 레포),,
(주)하이스틸,상장,중견,,00435312,,2413,아님,철강,철강,cbam 판정 (사업보고서 품목),,,미확인,없음,CE 마크 획득만 적힘,2025 사업보고서 (cbam report_keyword_snippets),,,,중견 73 (이전 레포),,
(주)한국특강,상장,중견,,00124090,,24121,대상,철강,철강,cbam 판정 (사업보고서 품목),,,미확인,없음,사업보고서에 유럽 언급 없음,2025 사업보고서 (cbam report_keyword_snippets),,,,중견 73 (이전 레포),,
(주)휴스틸,상장,중견,,00156488,,2413,아님,철강,철강,cbam 판정 (사업보고서 품목),,,미확인,없음,사업보고서에 유럽 언급 없음,2025 사업보고서 (cbam report_keyword_snippets),,,,중견 73 (이전 레포),,
DSR제강(주),상장,중견,,00151298,,24123,아님,철강,철강,cbam 판정 (사업보고서 품목),,,확인,직접,지역별 매출 유럽 267억 원(전기 243억 원),2025 사업보고서 (cbam report_keyword_snippets),,소량이면 EU 수입자 연 50톤 면제 가능,,중견 73 (이전 레포),,
KG스틸(주),상장,중견,KG,00115676,,24122,대상,철강,철강,cbam 판정 (사업보고서 품목),,,확인,직접,지역별 매출 유럽 3568억 원(전기 4159억 원),2025 사업보고서 (cbam report_keyword_snippets),,소량이면 EU 수입자 연 50톤 면제 가능,,중견 73 (이전 레포),,
KG케미칼(주),상장,중견,KG,00101220,,201,대상,비료,비료,cbam 판정 (사업보고서 품목),,유예 논의 중,미확인,없음,유럽 수출 문장은 연결 자회사의 자동차 수출 설명으로 보임(추정). 비료 EU 수출 근거 없음,2025 사업보고서 (cbam report_keyword_snippets),,,비료 유예 논의 중,중견 73 (이전 레포),,
경남스틸(주),상장,중견,,00206039,,24199,아님,철강,철강,cbam 판정 (사업보고서 품목),,,미확인,없음,사업보고서에 유럽 언급 없음,2025 사업보고서 (cbam report_keyword_snippets),,,,중견 73 (이전 레포),,
고려제강(주),상장,중견,,00103006,,2411,대상,철강,철강,cbam 판정 (사업보고서 품목),,,확인,직접,지역별 매출 유럽 4243억 원(전기 4124억 원),2025 사업보고서 (cbam report_keyword_snippets),연결 기준으로 유럽 현지 법인 매출 포함 가능,소량이면 EU 수입자 연 50톤 면제 가능,,중견 73 (이전 레포),,
금강공업(주),상장,중견,,00105299,,2413,아님,철강,철강,cbam 판정 (사업보고서 품목),,,미확인,없음,사업보고서에 유럽 언급 없음,2025 사업보고서 (cbam report_keyword_snippets),,,,중견 73 (이전 레포),,
금강철강(주),상장,중견,,00105475,,2419,아님,철강,철강,cbam 판정 (사업보고서 품목),,,미확인,없음,사업보고서에 유럽 언급 없음,2025 사업보고서 (cbam report_keyword_snippets),,,,중견 73 (이전 레포),,
넥스틸(주),상장,중견,,00220613,,2419,아님,철강,철강,cbam 판정 (사업보고서 품목),,,미확인,없음,유럽 언급이 시장 동향·전망뿐,2025 사업보고서 (cbam report_keyword_snippets),,,,중견 73 (이전 레포),,
다스코(주),상장,중견,,00353878,,25112,아님,철강,구조물,cbam 판정 (사업보고서 품목),,,미확인,없음,유럽 언급이 시장 동향·전망뿐,2025 사업보고서 (cbam report_keyword_snippets),,,,중견 73 (이전 레포),,
대한제강(주),상장,중견,,00113225,,2411,대상,철강,철강,cbam 판정 (사업보고서 품목),,,미확인,없음,사업보고서에 유럽 언급 없음,2025 사업보고서 (cbam report_keyword_snippets),,,,중견 73 (이전 레포),,
동국산업(주),상장,중견,,00172680,,24122,대상,철강,철강,cbam 판정 (사업보고서 품목),,,확인,직접,냉연강판 수출국에 유럽 명시,2025 사업보고서 (cbam report_keyword_snippets),,소량이면 EU 수입자 연 50톤 면제 가능,,중견 73 (이전 레포),,
동국씨엠 주식회사,상장,중견,동국제강,01765256,,24122,대상,철강,철강,cbam 판정 (사업보고서 품목),,,확인,간접,2024년 5월 독일에 유럽 지사 설립. EU 시장 CBAM 이행 대비 LCA 시스템 구축,2025 사업보고서 (cbam report_keyword_snippets),,소량이면 EU 수입자 연 50톤 면제 가능,,중견 73 (이전 레포),,
동국제강(주),상장,중견,동국제강,01765265,,241,대상,철강,철강,cbam 판정 (사업보고서 품목),,,미확인,없음,유럽은 주주(JFE 유럽 법인 8.71%) 이름에만 나옴,2025 사업보고서 (cbam report_keyword_snippets),,,,중견 73 (이전 레포),,
동일산업(주),상장,중견,,00172936,,24113,대상,철강,봉강·페로망간·주강품·자동차 부품,동일산업 2025 사업보고서 II-2 주요 제품·생산실적,봉강 1785억 원(51.3%)과 페로망간 758억 원(21.8%) 모두 CBAM 대상. 합금철 생산 47197톤(페로망간 환산),,미확인,없음,유럽 언급이 시장 동향·전망뿐,2025 사업보고서 (cbam report_keyword_snippets),,,,중견 73 (이전 레포),,
디씨엠(주),상장,중견,,00177199,,2419,아님,철강,철강,cbam 판정 (사업보고서 품목),,,확인,직접,주요 거래처에 유럽 국가 가전 제조사,2025 사업보고서 (cbam report_keyword_snippets),,소량이면 EU 수입자 연 50톤 면제 가능,,중견 73 (이전 레포),,
만호제강(주),상장,중견,,00120872,,24123,대상,철강,철강,cbam 판정 (사업보고서 품목),,,미확인,없음,사업보고서에 유럽 언급 없음,2025 사업보고서 (cbam report_keyword_snippets),,,,중견 73 (이전 레포),,
부국철강(주),상장,중견,,00123781,,2413,아님,철강,철강,cbam 판정 (사업보고서 품목),,,미확인,없음,사업보고서에 유럽 언급 없음,2025 사업보고서 (cbam report_keyword_snippets),,,,중견 73 (이전 레포),,
삼목에스폼(주),상장,중견,,00125646,,2511,대상,철강,구조물,cbam 판정 (사업보고서 품목),,,미확인,없음,사업보고서에 유럽 언급 없음,2025 사업보고서 (cbam report_keyword_snippets),,,,중견 73 (이전 레포),,
삼보산업 주식회사,상장,중견,,00125822,,24222,대상,알루미늄,알루미늄,cbam 판정 (사업보고서 품목),,,미확인,없음,사업보고서에 유럽 언급 없음,2025 사업보고서 (cbam report_keyword_snippets),,,,중견 73 (이전 레포),,
삼아알미늄(주),상장,중견,,00126779,,24222,아님,알루미늄,알루미늄,cbam 판정 (사업보고서 품목),,,확인,직접,고객 소재지 기준 유럽 매출 233억 원(전기 200억 원),2025 사업보고서 (cbam report_keyword_snippets),,소량이면 EU 수입자 연 50톤 면제 가능,,중견 73 (이전 레포),,
삼현철강(주),상장,중견,,00128926,,2419,아님,철강,철강,cbam 판정 (사업보고서 품목),,,미확인,없음,사업보고서에 유럽 언급 없음,2025 사업보고서 (cbam report_keyword_snippets),,,,중견 73 (이전 레포),,
삼화왕관(주),상장,중견,,00129235,,25991,아님,철강,탱크·용기,cbam 판정 (사업보고서 품목),,,미확인,없음,유럽 시장 개척 진행 중(실적 없음),2025 사업보고서 (cbam report_keyword_snippets),,,,중견 73 (이전 레포),,
성신양회(주),상장,중견,,00132804,,23311,대상,시멘트,시멘트,cbam 판정 (사업보고서 품목),,,미확인,없음,사업보고서에 유럽 언급 없음,2025 사업보고서 (cbam report_keyword_snippets),,,,중견 73 (이전 레포),,
씨에스윈드(주),상장,중견,,00670340,,2511,아님,철강,구조물,cbam 판정 (사업보고서 품목),,,확인,직접,지역별 매출 유럽 4389억 원(전기 3503억 원),2025 사업보고서 (cbam report_keyword_snippets),연결 기준. 포르투갈 공장 등 EU 안 생산분은 CBAM과 무관,소량이면 EU 수입자 연 50톤 면제 가능,,중견 73 (이전 레포),,
아세아시멘트(주),상장,중견,,00990165,,23311,대상,시멘트,시멘트,cbam 판정 (사업보고서 품목),,,미확인,없음,유럽 제품·공법 소개뿐,2025 사업보고서 (cbam report_keyword_snippets),,,,중견 73 (이전 레포),,
아주스틸(주),상장,중견,동국제강,00486705,,2419,아님,철강,철강,cbam 판정 (사업보고서 품목),,,확인,간접,EU 시장 CBAM 이행 대비 LCA 시스템 구축. 폴란드 법인(Aju Poland) 보유,2025 사업보고서 (cbam report_keyword_snippets),,소량이면 EU 수입자 연 50톤 면제 가능,,중견 73 (이전 레포),,
에스와이(주),상장,중견,,00535481,,25112,아님,철강,구조물,cbam 판정 (사업보고서 품목),,,미확인,없음,유럽·미국 진출 계획,2025 사업보고서 (cbam report_keyword_snippets),,,,중견 73 (이전 레포),,
조일알미늄(주),상장,중견,,00149239,,24222,대상,알루미늄,알루미늄,cbam 판정 (사업보고서 품목),,,확인,직접,판매경로에 DIRECT 수출 유럽 명시,2025 사업보고서 (cbam report_keyword_snippets),,소량이면 EU 수입자 연 50톤 면제 가능,,중견 73 (이전 레포),,
주식회사 신스틸,상장,중견,,00958664,,241,아님,철강,철강,cbam 판정 (사업보고서 품목),,,미확인,없음,사업보고서에 유럽 언급 없음,2025 사업보고서 (cbam report_keyword_snippets),,,,중견 73 (이전 레포),,
케이비아이동양철관(주),상장,중견,,00117629,,2413,아님,철강,철강,cbam 판정 (사업보고서 품목),,,확인,직접,지역별 매출 유럽 97억 원. 주요 수출지역에 미국·유럽 명시,2025 사업보고서 (cbam report_keyword_snippets),유럽 매출이 한 부문 열에만 있어 자회사 매출일 수 있음,소량이면 EU 수입자 연 50톤 면제 가능,,중견 73 (이전 레포),,
태경산업(주),상장,중견,,00153339,,20129,대상,철강,철강,cbam 판정 (사업보고서 품목),,,확인,직접,해외 판매선에 유럽 포함,2025 사업보고서 (cbam report_keyword_snippets),,소량이면 EU 수입자 연 50톤 면제 가능,,중견 73 (이전 레포),,
한국철강(주),상장,중견,,00687711,,2411,대상,철강,철강,cbam 판정 (사업보고서 품목),,,미확인,없음,TUV(유럽) 인증 획득만 적힘,2025 사업보고서 (cbam report_keyword_snippets),,,,중견 73 (이전 레포),,
한일시멘트(주),상장,중견,,01319808,,23311,대상,시멘트,시멘트,cbam 판정 (사업보고서 품목),,,미확인,없음,유럽 제품·공법 소개뿐,2025 사업보고서 (cbam report_keyword_snippets),,,,중견 73 (이전 레포),,
한일철강(주),상장,중견,,00163196,,2419,아님,철강,철강,cbam 판정 (사업보고서 품목),,,미확인,없음,유럽 공급 문장은 중국 법인 설명으로 보임(추정). 2012년 유로존 위기 언급 등 오래된 문장,2025 사업보고서 (cbam report_keyword_snippets),,,,중견 73 (이전 레포),,
한주라이트메탈(주),상장,중견,,00156600,,24212,아님,알루미늄,알루미늄,cbam 판정 (사업보고서 품목),,,확인,직접,수출 유럽(슬로바키아 등) 116억 원,2025 사업보고서 (cbam report_keyword_snippets),품목이 알루미늄 자동차 부품이라 CBAM 품목이 아닐 수 있음(추정),소량이면 EU 수입자 연 50톤 면제 가능,,중견 73 (이전 레포),,
(주)세아씨엠,비상장,대기업 계열,세아,,I0800140092,24191,대상,철강,기타 1차 철강,배출권 명단 업종코드,,,미확인,없음,EUR 현금만 있음(약 12억 원). 판매 대금인지 불명,2025 감사보고서 원문 (mfg1_eu_snippets),,,대기업 / 대형 고객 조직 담당 가능성(추정),비상장 판정 32 (이전 레포),,
주식회사 세아베스틸,비상장,대기업 계열,세아,,I0800210099,24112,대상,철강,제철·제강·합금철,배출권 명단 업종코드,,,확인,직접,지역별 수익 유럽 871억 원(전기 966억 원),2025 사업보고서 원문 (mfg1_eu_snippets),,소량이면 EU 수입자 연 50톤 면제 가능,대기업 / 대형 고객 조직 담당 가능성(추정),비상장 판정 32 (이전 레포),,
주식회사 세아창원특수강,비상장,대기업 계열,세아,,I0800100025,24112,대상,철강,제철·제강·합금철,배출권 명단 업종코드,,,확인,간접,아시아·유럽·미국 고객사에 영업활동. 모회사 세아베스틸지주 특수강 유럽 매출 1355억 원 중 세아베스틸분(871억 원) 외 나머지,2025 사업보고서 원문 (mfg1_eu_snippets),나머지 몫이 창원특수강 것인지는 추정,소량이면 EU 수입자 연 50톤 면제 가능,대기업 / 대형 고객 조직 담당 가능성(추정),비상장 판정 32 (이전 레포),,
주식회사 에스엔엔씨,비상장,대기업 계열,포스코,,I0800100021,24219,대상,철강,페로니켈 (CN 7202 60 00),제조1-2 확인 (보도·CBAM 부속서),,,미확인,없음,EUR은 해외 광산 법인 지급보증·순부채뿐,2025 감사보고서 원문 (mfg1_eu_snippets),,,대기업 / 대형 고객 조직 담당 가능성(추정),지주회사 확인에서 추가,,포스코홀딩스(주) 확인에서 추가 (2026-09-29)
주식회사 포스코,비상장,대기업 계열,포스코,,I0800200098,24111,대상,철강,제철·제강·합금철,배출권 명단 업종코드,,,확인,직접,주요 해외시장 동남아 21%·일본 16%·유럽 14%,2025 사업보고서 원문 (mfg1_eu_snippets),,소량이면 EU 수입자 연 50톤 면제 가능,대기업 / 대형 고객 조직 담당 가능성(추정),비상장 판정 32 (이전 레포),,
주식회사 포스코모빌리티솔루션,비상장,대기업 계열,포스코,,IB002200008,24122,대상,철강,압연·압출,배출권 명단 업종코드,,,미확인,없음,EUR 외화자산 약 47억 원이나 매출채권인지 불명. 폴란드 관계기업 보유,2025 감사보고서 원문 (mfg1_eu_snippets),판매 쪽인지 불명,,대기업 / 대형 고객 조직 담당 가능성(추정),비상장 판정 32 (이전 레포),,
주식회사 피엔알,비상장,대기업 계열,포스코,,E1950170042,24119,대상,철강,직접환원철 HBI·DRI (CN 7203),제조1-3 확인 (등록공장),,,미확인,없음,원문에 유럽 관련 단어 없음,2025 감사보고서 원문 (mfg1_eu_snippets),,,대기업 / 대형 고객 조직 담당 가능성(추정),비상장 판정 32 (이전 레포),제조1-3 확인(2026-09-29): 포항 법인(1717110076545)이 공정위 포스코 집단 값과 같고 같은 주소 공장에서 직접환원철(HBI·DRI)을 생산함,동명 2곳 중 포스코 집단 소속 후보가 철강 관련
현대스틸파이프 주식회사,비상장,대기업 계열,현대자동차,,E2413240001,24132,대상,철강,강관,배출권 명단 업종코드,,,미확인,없음,환율 민감도만 있고 판매 쪽인지 불명,2025 감사보고서 원문 (mfg1_eu_snippets),,,대기업 / 대형 고객 조직 담당 가능성(추정),비상장 판정 32 (이전 레포),,
현대종합특수강 주식회사,비상장,대기업 계열,현대자동차,,I0800120044,24123,대상,철강,압연·압출,배출권 명단 업종코드,,,미확인,없음,EUR 매출채권은 전기에만 있고 당기에는 없음,2025 사업보고서 원문 (mfg1_eu_snippets),,,대기업 / 대형 고객 조직 담당 가능성(추정),비상장 판정 32 (이전 레포),,
노벨리스코리아 주식회사,비상장,외국계 대기업 계열,,00276117,I0900100002,24222,대상,알루미늄,비철 압연·압출,배출권 명단 업종코드,,,미확인,없음,원문에 유럽 관련 단어 없음,2026.03 결산 감사보고서 원문 (mfg1_eu_snippets),감사보고서에 지역 정보 없음,,외국계 / 대형 고객 조직 담당 가능성(추정),비상장 판정 32 (이전 레포),,Novelis Inc.(Hindalco) 특수목적회사 3곳이 99.999% 보유
울산알루미늄 주식회사,비상장,외국계 대기업 계열,,01319996,I0900140049,24212,대상,알루미늄,비철 제련·합금,배출권 명단 업종코드,,,미확인,없음,EUR은 매입채무·미지급금뿐,2026.03 결산 감사보고서 원문 (mfg1_eu_snippets),,,외국계 / 대형 고객 조직 담당 가능성(추정),비상장 판정 32 (이전 레포),,노벨리스코리아 50% + Kobe Steel 50% 합작
(주)동남,비상장,중견,,,I0900150040,24212,대상,알루미늄,비철 제련·합금,배출권 명단 업종코드,,,미확인,없음,원문에 유럽 관련 단어 없음,2025 감사보고서 원문 (mfg1_eu_snippets),,,,비상장 판정 32 (이전 레포),제조1-3 확인(2026-09-29): 마산 법인(1901110004321)으로 특정. 규칙 6: 매출 2년 평균 3402억 원(C24 기준 1800억 원의 189%). DART 업종 23993과 배출권 업종 24212가 달라도 C23·C24 어느 기준이든 중견,"동명 회사 8곳, GIR상 1차 비철금속 사업장"
(주)세진메탈,비상장,중견,,00441410,I0900110019,24212,대상,알루미늄,비철 제련·합금,배출권 명단 업종코드,,,미확인,없음,원문에 유럽 관련 단어 없음,2025 감사보고서 원문 (mfg1_eu_snippets),,,,중견 73 (이전 레포),,3년 평균 판정
고려강선(주),비상장,중견,,00102672,I0800120052,24123,대상,철강,압연·압출,배출권 명단 업종코드,,,확인,간접,EUR 수출환어음 매입 한도 사용. 유로 환율 10% 변동 시 약 11억 원 영향,2025 감사보고서 원문 (mfg1_eu_snippets),EUR 결제가 EU 고객이라는 보장은 없음. 스틸코드는 CBAM 품목이 아닐 수 있음(추정),소량이면 EU 수입자 연 50톤 면제 가능,,비상장 판정 32 (이전 레포),제조1-3 확인(2026-09-29): 규칙 4. 1978년 50 대 50 합작 후 2014년 고려제강이 상대편 지분 보유사(Kiswire International)를 100% 인수해 지배기업이 됨. 지분 30% 이상·최다출자는 추정,"3년 평균 판정, 고려제강 계열"
대한시멘트 주식회사,비상장,중견,,00950705,I0700100001,23311,대상,시멘트,시멘트,배출권 명단 업종코드,,,미확인,없음,유럽 관련 문장 없음(유로·구주 오검출만),2025 감사보고서 원문 (mfg1_eu_snippets),,,,중견 73 (이전 레포),,
디케이동신주식회사,비상장,중견,,00760069,I0800120045,24191,대상,철강,기타 1차 철강,배출권 명단 업종코드,,,확인,간접,EUR 매출채권 약 22억 원(전기 31억 원). EUR 단기수출보험. 제품 수출 관련 주요 통화에 유로 명시,2025 감사보고서 원문 (mfg1_eu_snippets),EUR 결제가 EU 고객이라는 보장은 없음,소량이면 EU 수입자 연 50톤 면제 가능,,중견 73 (이전 레포),,
쌍용씨앤이주식회사,비상장,중견,,00138224,I0700100010,23311,대상,시멘트,시멘트,배출권 명단 업종코드,,,미확인,없음,EUR은 화폐성 부채·무역금융 차입뿐,2025 사업보고서 원문 (mfg1_eu_snippets),,,,중견 73 (이전 레포),,"API 매출값 이상(1,116억/0원). 자산 3.8조로 매출과 무관하게 중견"
와이케이스틸 주식회사,비상장,중견,,01507148,I0024170001,24121,대상,철강,압연·압출,배출권 명단 업종코드,,,미확인,없음,EUR은 신규 공장 설비 계약·수입신용장·미지급금 등 사는 쪽뿐,2025 감사보고서 원문 (mfg1_eu_snippets),,,,중견 73 (이전 레포),,대한제강 자회사(2020년 지분 51% 인수)
일진제강(주),비상장,중견,,00146658,I0800140083,24132,대상,철강,강관,배출권 명단 업종코드,,,확인,간접,EUR 매출채권 약 10억 원(전기 15억 원),2025 감사보고서 원문 (mfg1_eu_snippets),EUR 결제가 EU 고객이라는 보장은 없음,소량이면 EU 수입자 연 50톤 면제 가능,,중견 73 (이전 레포),,
진양특수강(주),비상장,중견,,00150466,I0800120050,24121,대상,철강,압연·압출,배출권 명단 업종코드,,,미확인,없음,원문에 유럽 관련 단어 없음,2025 감사보고서 원문 (mfg1_eu_snippets),,,,중견 73 (이전 레포),,
하이호경금속주식회사,비상장,중견,,00766814,I0900110020,24212,대상,알루미늄,비철 제련·합금,배출권 명단 업종코드,,,확인,간접,EUR 매출채권 약 5억 원. EUR 통화선도,2025 감사보고서 원문 (mfg1_eu_snippets),EUR 결제가 EU 고객이라는 보장은 없음,소량이면 EU 수입자 연 50톤 면제 가능,,중견 73 (이전 레포),,
한국씨엔티(주),비상장,중견,,00156637,I0700100016,23311,대상,시멘트,시멘트,배출권 명단 업종코드,,,미확인,없음,원문에 유럽 관련 단어 없음,2025 감사보고서 원문 (mfg1_eu_snippets),,,,중견 73 (이전 레포),,
한국제강주식회사,비상장,중견,,01007408,I0800100026,24112,대상,철강,제철·제강·합금철,배출권 명단 업종코드,,,미확인,없음,유럽 관련 문장 없음(유로·구주 오검출만),2025 감사보고서 원문 (mfg1_eu_snippets),,,,중견 73 (이전 레포),,
한라시멘트(주),비상장,중견,,00257219,I0700100007,23311,대상,시멘트,시멘트,배출권 명단 업종코드,,,미확인,없음,EUR은 화폐성 부채뿐,2025 감사보고서 원문 (mfg1_eu_snippets),,,,중견 73 (이전 레포),,아세아시멘트 자회사로 알려짐
한일제관(주),비상장,중견,,00163169,I1000100018,25991,대상,철강,금속 용기 등,배출권 명단 업종코드,,,미확인,없음,EUR 현금만 있음,2025 감사보고서 원문 (mfg1_eu_snippets),,,,중견 73 (이전 레포),,
현대아이에프씨 주식회사,비상장,중견,,01467460,I1000200069,24112,대상,철강,제철·제강·합금철,배출권 명단 업종코드,,,미확인,없음,유럽 관련 문장 없음(유로·구주 오검출만),2025 감사보고서 원문 (mfg1_eu_snippets),,,,중견 73 (이전 레포),,"2026-02-27 현대제철 지분 100% 매각(우리베일리국민성장(유)), 현대자동차 집단 이탈"
홍덕산업(주),비상장,중견,,00935627,I0800100033,24123,대상,철강,압연·압출,배출권 명단 업종코드,,,확인,간접,EUR 매출채권 약 24억 원. 체코 특수관계사 지급보증,2025 감사보고서 원문 (mfg1_eu_snippets),EUR 결제가 EU 고객이라는 보장은 없음,소량이면 EU 수입자 연 50톤 면제 가능,,중견 73 (이전 레포),,
환영철강공업(주),비상장,중견,,00166546,I0800100034,24112,대상,철강,제철·제강·합금철,배출권 명단 업종코드,,,미확인,없음,유럽 관련 문장 없음(유로·구주 오검출만),2025 사업보고서 원문 (mfg1_eu_snippets),,,,중견 73 (이전 레포),,
