track,rank,account,segment,total,max_score,priority,contact_year,trigger,basis,unit,first_touch
제조 1차,1,KG스틸(주),중견,10,10,Y,2026 하반기,2027-09-30 첫 연례 신고 — EU 수입자 데이터 요청,합계 10점(②2③2④2⑤2⑥2) · EU 노출 확인,,"설비·제품별 배출량 산정 근거와 출처 증빙 묶음 — CBAM 신고·EU 수입자 요청 대응, 같은 데이터로 ESG 공시·은행 전환금융 심사"
제조 1차,2,주식회사 포스코,대기업 계열,9,10,Y,2026 하반기,2027-09-30 첫 연례 신고 — EU 수입자 데이터 요청,합계 9점(②2③2④2⑤1⑥2) · EU 노출 확인,,"설비·제품별 배출량 산정 근거와 출처 증빙 묶음 — CBAM 신고·EU 수입자 요청 대응, 같은 데이터로 ESG 공시·은행 전환금융 심사"
제조 1차,3,현대제철(주),대기업,9,10,Y,2026 하반기,2027-09-30 첫 연례 신고 — EU 수입자 데이터 요청,합계 9점(②2③2④2⑤1⑥2) · EU 노출 확인,,"설비·제품별 배출량 산정 근거와 출처 증빙 묶음 — CBAM 신고·EU 수입자 요청 대응, 같은 데이터로 ESG 공시·은행 전환금융 심사"
제조 1차,4,(주)태웅,중견,9,10,Y,2026 하반기,2027-09-30 첫 연례 신고 — EU 수입자 데이터 요청,합계 9점(②2③2④1⑤2⑥2) · EU 노출 확인,,"설비·제품별 배출량 산정 근거와 출처 증빙 묶음 — CBAM 신고·EU 수입자 요청 대응, 같은 데이터로 ESG 공시·은행 전환금융 심사"
제조 1차,5,현대비앤지스틸(주),대기업,9,10,Y,2026 하반기,2027-09-30 첫 연례 신고 — EU 수입자 데이터 요청,합계 9점(②2③2④1⑤2⑥2) · EU 노출 확인,,"설비·제품별 배출량 산정 근거와 출처 증빙 묶음 — CBAM 신고·EU 수입자 요청 대응, 같은 데이터로 ESG 공시·은행 전환금융 심사"
제조 1차,8,(주)TCC스틸,중견,8,10,Y,2026 하반기,2027-09-30 첫 연례 신고 — EU 수입자 데이터 요청,합계 8점(②2③0④2⑤2⑥2) · EU 노출 확인,,"설비·제품별 배출량 산정 근거와 출처 증빙 묶음 — CBAM 신고·EU 수입자 요청 대응, 같은 데이터로 ESG 공시·은행 전환금융 심사"
제조 1차,9,(주)대양금속,중견,8,10,Y,2026 하반기,2027-09-30 첫 연례 신고 — EU 수입자 데이터 요청,합계 8점(②2③2④0⑤2⑥2) · EU 노출 확인,,"설비·제품별 배출량 산정 근거와 출처 증빙 묶음 — CBAM 신고·EU 수입자 요청 대응, 같은 데이터로 ESG 공시·은행 전환금융 심사"
제조 1차,10,(주)대호에이엘,중견,8,10,Y,2026 하반기,2027-09-30 첫 연례 신고 — EU 수입자 데이터 요청,합계 8점(②2③2④0⑤2⑥2) · EU 노출 확인,,"설비·제품별 배출량 산정 근거와 출처 증빙 묶음 — CBAM 신고·EU 수입자 요청 대응, 같은 데이터로 ESG 공시·은행 전환금융 심사"
제조 1차,11,에스케이오션플랜트(주),대기업,8,10,Y,2026 하반기,2027-09-30 첫 연례 신고 — EU 수입자 데이터 요청,합계 8점(②2③2④0⑤2⑥2) · EU 노출 신규,,"설비·제품별 배출량 산정 근거와 출처 증빙 묶음 — CBAM 신고·EU 수입자 요청 대응, 같은 데이터로 ESG 공시·은행 전환금융 심사"
제조 1차,12,주식회사 세아베스틸,대기업 계열,8,10,Y,2026 하반기,2027-09-30 첫 연례 신고 — EU 수입자 데이터 요청,합계 8점(②2③2④0⑤2⑥2) · EU 노출 확인,,"설비·제품별 배출량 산정 근거와 출처 증빙 묶음 — CBAM 신고·EU 수입자 요청 대응, 같은 데이터로 ESG 공시·은행 전환금융 심사"
제조 1차,6,(주)SIMPAC,중견,9,10,Y,2027,CBAM 신고 2년차·ESG 공시 대비,합계 9점(②2③2④2⑤2⑥1) · EU 노출 불명,,"설비·제품별 배출량 산정 근거와 출처 증빙 묶음 — CBAM 신고·EU 수입자 요청 대응, 같은 데이터로 ESG 공시·은행 전환금융 심사"
제조 1차,7,고려제강(주),중견,9,10,Y,2027,CBAM 신고 2년차·ESG 공시 대비,합계 9점(②2③2④2⑤2⑥1) · EU 노출 축소,,"설비·제품별 배출량 산정 근거와 출처 증빙 묶음 — CBAM 신고·EU 수입자 요청 대응, 같은 데이터로 ESG 공시·은행 전환금융 심사"
제조 1차,13,(주)세아제강,대기업,8,10,Y,2027,CBAM 신고 2년차·ESG 공시 대비,합계 8점(②2③2④1⑤2⑥1) · EU 노출 축소,,"설비·제품별 배출량 산정 근거와 출처 증빙 묶음 — CBAM 신고·EU 수입자 요청 대응, 같은 데이터로 ESG 공시·은행 전환금융 심사"
제조 1차,14,남해화학(주),대기업,8,10,Y,2027,CBAM 신고 2년차·ESG 공시 대비,합계 8점(②2③2④1⑤2⑥1) · EU 노출 불명,,"설비·제품별 배출량 산정 근거와 출처 증빙 묶음 — CBAM 신고·EU 수입자 요청 대응, 같은 데이터로 ESG 공시·은행 전환금융 심사"
제조 1차,15,동국산업(주),중견,8,10,Y,2027,CBAM 신고 2년차·ESG 공시 대비,합계 8점(②2③2④1⑤2⑥1) · EU 노출 불명,,"설비·제품별 배출량 산정 근거와 출처 증빙 묶음 — CBAM 신고·EU 수입자 요청 대응, 같은 데이터로 ESG 공시·은행 전환금융 심사"
제조 1차,16,대한제강(주),중견,8,10,Y,2027,CBAM 신고 2년차·ESG 공시 대비,합계 8점(②2③2④2⑤2⑥0) · EU 노출 미확인,,"설비·제품별 배출량 산정 근거와 출처 증빙 묶음 — CBAM 신고·EU 수입자 요청 대응, 같은 데이터로 ESG 공시·은행 전환금융 심사"
제조 1차,17,한일시멘트(주),중견,8,10,Y,2027,CBAM 신고 2년차·ESG 공시 대비,합계 8점(②2③2④2⑤2⑥0) · EU 노출 미확인,,"설비·제품별 배출량 산정 근거와 출처 증빙 묶음 — CBAM 신고·EU 수입자 요청 대응, 같은 데이터로 ESG 공시·은행 전환금융 심사"
제조 하류,1,(주)삼기,중견,8,8,후보(미확정),2028,CBAM 하류 적용 목표 2028-01-01 (3자 협상 결과 확인 뒤),합계 8점 · CBAM 후보 + 배출권 할당대상 · ⑤ 검색 전(잠정 2점),,하류 확대 확정 시 제품 내 철강·알루미늄 함량별 내재 배출량 산정 — 공급사 데이터 수집·출처 관리 체계
제조 하류,2,에이치디건설기계(주),대기업,8,8,후보(미확정),2028,CBAM 하류 적용 목표 2028-01-01 (3자 협상 결과 확인 뒤),합계 8점 · CBAM 후보 + 배출권 승계(추정) · ⑤ 검색 전(잠정 2점),,하류 확대 확정 시 제품 내 철강·알루미늄 함량별 내재 배출량 산정 — 공급사 데이터 수집·출처 관리 체계
제조 하류,3,에이치디현대일렉트릭(주),대기업,8,8,후보(미확정),2028,CBAM 하류 적용 목표 2028-01-01 (3자 협상 결과 확인 뒤),합계 8점 · CBAM 후보 + 배출권 할당대상 · ⑤ 검색 전(잠정 2점),,하류 확대 확정 시 제품 내 철강·알루미늄 함량별 내재 배출량 산정 — 공급사 데이터 수집·출처 관리 체계
제조 하류,4,에이치엘만도(주),중견,8,8,후보(미확정),2028,CBAM 하류 적용 목표 2028-01-01 (3자 협상 결과 확인 뒤),합계 8점 · CBAM 후보 + 배출권 할당대상 · ⑤ 검색 전(잠정 2점),,하류 확대 확정 시 제품 내 철강·알루미늄 함량별 내재 배출량 산정 — 공급사 데이터 수집·출처 관리 체계
제조 하류,5,일진전기(주),중견,8,8,후보(미확정),2028,CBAM 하류 적용 목표 2028-01-01 (3자 협상 결과 확인 뒤),합계 8점 · CBAM 후보 + 목표관리업체 · ⑤ 검색 전(잠정 2점),,하류 확대 확정 시 제품 내 철강·알루미늄 함량별 내재 배출량 산정 — 공급사 데이터 수집·출처 관리 체계
제조 하류,6,효성중공업(주),대기업,8,8,후보(미확정),2028,CBAM 하류 적용 목표 2028-01-01 (3자 협상 결과 확인 뒤),합계 8점 · CBAM 후보 + 배출권 할당대상 · ⑤ 검색 전(잠정 2점),,하류 확대 확정 시 제품 내 철강·알루미늄 함량별 내재 배출량 산정 — 공급사 데이터 수집·출처 관리 체계
제조 하류,7,경창산업(주),중견,7,8,후보(미확정),2028,CBAM 하류 적용 목표 2028-01-01 (3자 협상 결과 확인 뒤),합계 7점 · CBAM 후보 + 목표관리업체 · ⑤ 검색 전(잠정 2점),,하류 확대 확정 시 제품 내 철강·알루미늄 함량별 내재 배출량 산정 — 공급사 데이터 수집·출처 관리 체계
제조 하류,8,대한전선(주),대기업,7,8,후보(미확정),2028,CBAM 하류 적용 목표 2028-01-01 (3자 협상 결과 확인 뒤),합계 7점 · CBAM 후보 + 배출권 할당대상 · ⑤ 검색 전(잠정 2점),,하류 확대 확정 시 제품 내 철강·알루미늄 함량별 내재 배출량 산정 — 공급사 데이터 수집·출처 관리 체계
제조 하류,9,평화산업(주),중견,7,8,후보(미확정),2028,CBAM 하류 적용 목표 2028-01-01 (3자 협상 결과 확인 뒤),합계 7점 · CBAM 후보 + 배출권 할당대상 · ⑤ 검색 전(잠정 2점),,하류 확대 확정 시 제품 내 철강·알루미늄 함량별 내재 배출량 산정 — 공급사 데이터 수집·출처 관리 체계
제조 하류,10,(주)대동,중견,7,8,후보(미확정),2028,CBAM 하류 적용 목표 2028-01-01 (3자 협상 결과 확인 뒤),합계 7점 · CBAM 후보만 · ⑤ 검색 전(잠정 2점),,하류 확대 확정 시 제품 내 철강·알루미늄 함량별 내재 배출량 산정 — 공급사 데이터 수집·출처 관리 체계
제조 하류,11,SNT다이내믹스(주),중견,7,8,후보(미확정),2028,CBAM 하류 적용 목표 2028-01-01 (3자 협상 결과 확인 뒤),합계 7점 · CBAM 후보만 · ⑤ 검색 전(잠정 2점),,하류 확대 확정 시 제품 내 철강·알루미늄 함량별 내재 배출량 산정 — 공급사 데이터 수집·출처 관리 체계
제조 하류,12,SNT모티브(주),중견,7,8,후보(미확정),2028,CBAM 하류 적용 목표 2028-01-01 (3자 협상 결과 확인 뒤),합계 7점 · CBAM 후보만 · ⑤ 검색 전(잠정 2점),,하류 확대 확정 시 제품 내 철강·알루미늄 함량별 내재 배출량 산정 — 공급사 데이터 수집·출처 관리 체계
제조 하류,13,지엠비코리아(주),중견,7,8,후보(미확정),2028,CBAM 하류 적용 목표 2028-01-01 (3자 협상 결과 확인 뒤),합계 7점 · CBAM 후보만 · ⑤ 검색 전(잠정 2점),,하류 확대 확정 시 제품 내 철강·알루미늄 함량별 내재 배출량 산정 — 공급사 데이터 수집·출처 관리 체계
금융,1,유진투자증권(주),증권,6,8,Y,2029,2031 금융배출량 공시(10조 이상) — 준비 마감 2029년 말,합계 6점 · 공시 연도 2028 · ② 공시 근거 못 찾음 — 원문 대조에서 공,유진투자증권(주),금융배출량 데이터의 출처 구분(신정원 플랫폼 추정치 vs 차주 실측)·변경 이력·인증 대비 증빙
금융,2,중소기업은행,은행,6,8,Y,2029,2031 금융배출량 공시(10조 이상) — 준비 마감 2029년 말,합계 6점 · 공시 연도 2028 · ② 공시 확인,중소기업은행,금융배출량 데이터의 출처 구분(신정원 플랫폼 추정치 vs 차주 실측)·변경 이력·인증 대비 증빙
금융,3,(주)BNK금융지주,금융지주,6,8,Y,2029,2031 금융배출량 공시(10조 이상) — 준비 마감 2029년 말,합계 6점 · 공시 연도 2028 · ② 공시 근거 약함,(주)BNK금융지주,금융배출량 데이터의 출처 구분(신정원 플랫폼 추정치 vs 차주 실측)·변경 이력·인증 대비 증빙
금융,4,(주)아이엠금융지주,금융지주,6,8,Y,2029,2031 금융배출량 공시(10조 이상) — 준비 마감 2029년 말,합계 6점 · 공시 연도 2028 · ② 공시 확인,(주)아이엠금융지주,금융배출량 데이터의 출처 구분(신정원 플랫폼 추정치 vs 차주 실측)·변경 이력·인증 대비 증빙
금융,5,(주)우리금융지주,금융지주,6,8,Y,2029,2031 금융배출량 공시(10조 이상) — 준비 마감 2029년 말,합계 6점 · 공시 연도 2028 · ② 공시 확인,(주)우리금융지주,금융배출량 데이터의 출처 구분(신정원 플랫폼 추정치 vs 차주 실측)·변경 이력·인증 대비 증빙
금융,6,(주)하나금융지주,금융지주,6,8,Y,2029,2031 금융배출량 공시(10조 이상) — 준비 마감 2029년 말,합계 6점 · 공시 연도 2028 · ② 공시 확인,(주)하나금융지주,금융배출량 데이터의 출처 구분(신정원 플랫폼 추정치 vs 차주 실측)·변경 이력·인증 대비 증빙
금융,7,한국산업은행,공공,5,8,Y,2029,알리오 통합공시 Scope 3 단계 확대(일정 미정),합계 5점 · 공시 연도 알리오 · ② 미공시 확인(근거 있음),한국산업은행,금융배출량 데이터의 출처 구분(신정원 플랫폼 추정치 vs 차주 실측)·변경 이력·인증 대비 증빙
금융,8,한국수출입은행,공공,5,8,Y,2029,알리오 통합공시 Scope 3 단계 확대(일정 미정),합계 5점 · 공시 연도 알리오 · ② 공시 근거 못 찾음 — 원문 대조에서 공,한국수출입은행,금융배출량 데이터의 출처 구분(신정원 플랫폼 추정치 vs 차주 실측)·변경 이력·인증 대비 증빙
금융,9,DB저축은행,저축은행,5,8,Y,2029,2031 금융배출량 공시(10조 이상) — 준비 마감 2029년 말,합계 5점 · 공시 연도 2028 · ② 공시 근거 못 찾음 — 원문 대조에서 공,DB증권(주),금융배출량 데이터의 출처 구분(신정원 플랫폼 추정치 vs 차주 실측)·변경 이력·인증 대비 증빙
금융,10,기술보증기금,공공,5,8,Y,2029,알리오 통합공시 Scope 3 단계 확대(일정 미정),합계 5점 · 공시 연도 알리오 · ② 공시 근거 못 찾음 — 원문 대조에서 공,기술보증기금,금융배출량 데이터의 출처 구분(신정원 플랫폼 추정치 vs 차주 실측)·변경 이력·인증 대비 증빙
금융,11,신용보증기금,공공,5,8,Y,2029,알리오 통합공시 Scope 3 단계 확대(일정 미정),합계 5점 · 공시 연도 알리오 · ② 공시 근거 못 찾음 — 원문 대조에서 공,신용보증기금,금융배출량 데이터의 출처 구분(신정원 플랫폼 추정치 vs 차주 실측)·변경 이력·인증 대비 증빙
금융,12,키움캐피탈,카드·캐피탈,5,8,Y,2029,2031 금융배출량 공시(10조 이상) — 준비 마감 2029년 말,합계 5점 · 공시 연도 2028 · ② 공시 근거 못 찾음 — 원문 대조에서 공,키움증권(주),금융배출량 데이터의 출처 구분(신정원 플랫폼 추정치 vs 차주 실측)·변경 이력·인증 대비 증빙
금융,13,한국무역보험공사,공공,5,8,Y,2029,알리오 통합공시 Scope 3 단계 확대(일정 미정),합계 5점 · 공시 연도 알리오 · ② 공시 근거 못 찾음 — 원문 대조에서 공,한국무역보험공사,금융배출량 데이터의 출처 구분(신정원 플랫폼 추정치 vs 차주 실측)·변경 이력·인증 대비 증빙
금융,14,롯데손해보험(주),손해보험,5,8,Y,2029,2031 금융배출량 공시(10조 이상) — 준비 마감 2029년 말,합계 5점 · 공시 연도 2028 · ② 공시 근거 못 찾음 — 원문 대조에서 공,롯데손해보험(주),금융배출량 데이터의 출처 구분(신정원 플랫폼 추정치 vs 차주 실측)·변경 이력·인증 대비 증빙
금융,15,미래에셋생명보험(주),생명보험,5,8,Y,2029,2031 금융배출량 공시(10조 이상) — 준비 마감 2029년 말,합계 5점 · 공시 연도 2028 · ② 공시 근거 못 찾음 — 원문 대조에서 공,미래에셋생명보험(주),금융배출량 데이터의 출처 구분(신정원 플랫폼 추정치 vs 차주 실측)·변경 이력·인증 대비 증빙
금융,16,메리츠캐피탈㈜ ,카드·캐피탈,5,8,Y,2029,2031 금융배출량 공시(10조 이상) — 준비 마감 2029년 말,합계 5점 · 공시 연도 2028 · ② 공시 근거 못 찾음 — 원문 대조에서 공,(주)메리츠금융지주,금융배출량 데이터의 출처 구분(신정원 플랫폼 추정치 vs 차주 실측)·변경 이력·인증 대비 증빙
금융,17,비씨카드㈜,카드·캐피탈,5,8,Y,2029,2031 금융배출량 공시(10조 이상) — 준비 마감 2029년 말,합계 5점 · 공시 연도 2028 · ② 공시 근거 못 찾음 — 원문 대조에서 공,비씨카드㈜,금융배출량 데이터의 출처 구분(신정원 플랫폼 추정치 vs 차주 실측)·변경 이력·인증 대비 증빙
금융,18,한국투자금융지주(주),금융지주,5,8,Y,2029,2031 금융배출량 공시(10조 이상) — 준비 마감 2029년 말,합계 5점 · 공시 연도 2028 · ② 공시 근거 못 찾음 — 원문 대조에서 공,한국투자금융지주(주),금융배출량 데이터의 출처 구분(신정원 플랫폼 추정치 vs 차주 실측)·변경 이력·인증 대비 증빙
금융,19,(주)메리츠금융지주,금융지주,5,8,Y,2029,2031 금융배출량 공시(10조 이상) — 준비 마감 2029년 말,합계 5점 · 공시 연도 2028 · ② 공시 근거 못 찾음 — 원문 대조에서 공,(주)메리츠금융지주,금융배출량 데이터의 출처 구분(신정원 플랫폼 추정치 vs 차주 실측)·변경 이력·인증 대비 증빙
금융,20,메리츠증권(주),증권,5,8,Y,2029,2031 금융배출량 공시(10조 이상) — 준비 마감 2029년 말,합계 5점 · 공시 연도 2028 · ② 공시 근거 못 찾음 — 원문 대조에서 공,(주)메리츠금융지주,금융배출량 데이터의 출처 구분(신정원 플랫폼 추정치 vs 차주 실측)·변경 이력·인증 대비 증빙
금융,21,하나은행,은행,5,8,Y,2029,2031 금융배출량 공시(10조 이상) — 준비 마감 2029년 말,합계 5점 · 공시 연도 2028 · ② 공시 확인 — 그룹 값(근거: (주)하나,(주)하나금융지주,금융배출량 데이터의 출처 구분(신정원 플랫폼 추정치 vs 차주 실측)·변경 이력·인증 대비 증빙
금융,22,㈜우리은행,은행,5,8,Y,2029,2031 금융배출량 공시(10조 이상) — 준비 마감 2029년 말,합계 5점 · 공시 연도 2028 · ② 공시 확인 — 그룹 값(근거: (주)우리,(주)우리금융지주,금융배출량 데이터의 출처 구분(신정원 플랫폼 추정치 vs 차주 실측)·변경 이력·인증 대비 증빙
금융,23,(주)부산은행,은행,5,8,Y,2029,2031 금융배출량 공시(10조 이상) — 준비 마감 2029년 말,합계 5점 · 공시 연도 2028 · ② 공시 근거 약함 — 그룹 값(근거: (주,(주)BNK금융지주,금융배출량 데이터의 출처 구분(신정원 플랫폼 추정치 vs 차주 실측)·변경 이력·인증 대비 증빙
금융,24,(주)경남은행,은행,5,8,Y,2029,2031 금융배출량 공시(10조 이상) — 준비 마감 2029년 말,합계 5점 · 공시 연도 2028 · ② 공시 근거 약함 — 그룹 값(근거: (주,(주)BNK금융지주,금융배출량 데이터의 출처 구분(신정원 플랫폼 추정치 vs 차주 실측)·변경 이력·인증 대비 증빙
금융,25,(주)iM뱅크,은행,5,8,Y,2029,2031 금융배출량 공시(10조 이상) — 준비 마감 2029년 말,합계 5점 · 공시 연도 2028 · ② 공시 확인 — 그룹 값(근거: (주)아이,(주)아이엠금융지주,금융배출량 데이터의 출처 구분(신정원 플랫폼 추정치 vs 차주 실측)·변경 이력·인증 대비 증빙
금융,26,(주)iM캐피탈,카드·캐피탈,5,8,Y,2029,2031 금융배출량 공시(10조 이상) — 준비 마감 2029년 말,합계 5점 · 공시 연도 2028 · ② 공시 확인 — 그룹 값(근거: (주)아이,(주)아이엠금융지주,금융배출량 데이터의 출처 구분(신정원 플랫폼 추정치 vs 차주 실측)·변경 이력·인증 대비 증빙
금융,27,(주)신한금융지주회사,금융지주,5,8,Y,2029,2031 금융배출량 공시(10조 이상) — 준비 마감 2029년 말,합계 5점 · 공시 연도 2028 · ② 공시 확인,(주)신한금융지주회사,금융배출량 데이터의 출처 구분(신정원 플랫폼 추정치 vs 차주 실측)·변경 이력·인증 대비 증빙
금융,29,BNK캐피탈(주),카드·캐피탈,5,8,Y,2029,2031 금융배출량 공시(10조 이상) — 준비 마감 2029년 말,합계 5점 · 공시 연도 2028 · ② 공시 근거 약함 — 그룹 값(근거: (주,(주)BNK금융지주,금융배출량 데이터의 출처 구분(신정원 플랫폼 추정치 vs 차주 실측)·변경 이력·인증 대비 증빙
금융,30,㈜우리카드,카드·캐피탈,5,8,Y,2029,2031 금융배출량 공시(10조 이상) — 준비 마감 2029년 말,합계 5점 · 공시 연도 2028 · ② 공시 확인 — 그룹 값(근거: (주)우리,(주)우리금융지주,금융배출량 데이터의 출처 구분(신정원 플랫폼 추정치 vs 차주 실측)·변경 이력·인증 대비 증빙
금융,31,㈜우리투자증권,증권,5,8,Y,2029,2031 금융배출량 공시(10조 이상) — 준비 마감 2029년 말,합계 5점 · 공시 연도 2028 · ② 공시 확인 — 그룹 값(근거: (주)우리,(주)우리금융지주,금융배출량 데이터의 출처 구분(신정원 플랫폼 추정치 vs 차주 실측)·변경 이력·인증 대비 증빙
금융,32,엔에이치투자증권(주),증권,5,8,Y,2029,2031 금융배출량 공시(10조 이상) — 준비 마감 2029년 말,합계 5점 · 공시 연도 2028 · ② 공시 확인,엔에이치투자증권(주),금융배출량 데이터의 출처 구분(신정원 플랫폼 추정치 vs 차주 실측)·변경 이력·인증 대비 증빙
금융,33,우리금융캐피탈㈜,카드·캐피탈,5,8,Y,2029,2031 금융배출량 공시(10조 이상) — 준비 마감 2029년 말,합계 5점 · 공시 연도 2028 · ② 공시 확인 — 그룹 값(근거: (주)우리,(주)우리금융지주,금융배출량 데이터의 출처 구분(신정원 플랫폼 추정치 vs 차주 실측)·변경 이력·인증 대비 증빙
금융,34,한화생명보험(주),생명보험,5,8,Y,2029,2031 금융배출량 공시(10조 이상) — 준비 마감 2029년 말,합계 5점 · 공시 연도 2028 · ② 공시 근거 약함,한화생명보험(주),금융배출량 데이터의 출처 구분(신정원 플랫폼 추정치 vs 차주 실측)·변경 이력·인증 대비 증빙
금융,35,하나캐피탈,카드·캐피탈,5,8,Y,2029,2031 금융배출량 공시(10조 이상) — 준비 마감 2029년 말,합계 5점 · 공시 연도 2028 · ② 공시 확인 — 그룹 값(근거: (주)하나,(주)하나금융지주,금융배출량 데이터의 출처 구분(신정원 플랫폼 추정치 vs 차주 실측)·변경 이력·인증 대비 증빙
금융,36,국민은행,은행,5,8,Y,2029,2031 금융배출량 공시(10조 이상) — 준비 마감 2029년 말,합계 5점 · 공시 연도 2028 · ② 공시 확인 — 그룹 값(근거: (주)KB,(주)KB금융지주,금융배출량 데이터의 출처 구분(신정원 플랫폼 추정치 vs 차주 실측)·변경 이력·인증 대비 증빙
금융,37,(주)KB금융지주,금융지주,5,8,Y,2029,2031 금융배출량 공시(10조 이상) — 준비 마감 2029년 말,합계 5점 · 공시 연도 2028 · ② 공시 확인,(주)KB금융지주,금융배출량 데이터의 출처 구분(신정원 플랫폼 추정치 vs 차주 실측)·변경 이력·인증 대비 증빙
금융,28,(주)제주은행,은행,5,8,Y,2030,"2032 금융배출량 공시(5조 이상, 3년 유예 적용 시)",합계 5점 · 공시 연도 2029 · ② 그룹 보고서 범위 적용(보정 규칙) — ,(주)제주은행,금융배출량 데이터의 출처 구분(신정원 플랫폼 추정치 vs 차주 실측)·변경 이력·인증 대비 증빙
제조 하류,14,영화금속(주),중견,6,8,후보(미확정),확정 뒤 재평가,확정 뒤 재평가,합계 6점 · CBAM 후보 + 배출권 할당대상 · ⑤ 검색 전(잠정 2점),,하류 확대 확정 시 제품 내 철강·알루미늄 함량별 내재 배출량 산정 — 공급사 데이터 수집·출처 관리 체계
제조 하류,15,핸즈코퍼레이션(주),중견,6,8,후보(미확정),확정 뒤 재평가,확정 뒤 재평가,합계 6점 · CBAM 후보 + 배출권 할당대상 · ⑤ 검색 전(잠정 2점),,하류 확대 확정 시 제품 내 철강·알루미늄 함량별 내재 배출량 산정 — 공급사 데이터 수집·출처 관리 체계
제조 하류,16,(주)씨티알모빌리티,중견,6,8,후보(미확정),확정 뒤 재평가,확정 뒤 재평가,합계 6점 · CBAM 후보만 · ⑤ 검색 전(잠정 2점),,하류 확대 확정 시 제품 내 철강·알루미늄 함량별 내재 배출량 산정 — 공급사 데이터 수집·출처 관리 체계
제조 하류,17,(주)티엠씨,중견,6,8,후보(미확정),확정 뒤 재평가,확정 뒤 재평가,합계 6점 · CBAM 후보만 · ⑤ 검색 전(잠정 2점),,하류 확대 확정 시 제품 내 철강·알루미늄 함량별 내재 배출량 산정 — 공급사 데이터 수집·출처 관리 체계
제조 하류,18,두산퓨얼셀 주식회사,대기업,6,8,후보(미확정),확정 뒤 재평가,확정 뒤 재평가,합계 6점 · CBAM 후보만 · ⑤ 검색 전(잠정 2점),,하류 확대 확정 시 제품 내 철강·알루미늄 함량별 내재 배출량 산정 — 공급사 데이터 수집·출처 관리 체계
제조 하류,19,디와이피엔에프(주),중견,6,8,후보(미확정),확정 뒤 재평가,확정 뒤 재평가,합계 6점 · CBAM 후보만 · ⑤ 검색 전(잠정 2점),,하류 확대 확정 시 제품 내 철강·알루미늄 함량별 내재 배출량 산정 — 공급사 데이터 수집·출처 관리 체계
제조 하류,20,(주)네오오토,중견,5,8,후보(미확정),확정 뒤 재평가,확정 뒤 재평가,합계 5점 · CBAM 후보 + 목표관리업체 · ⑤ 검색 전(잠정 2점),,하류 확대 확정 시 제품 내 철강·알루미늄 함량별 내재 배출량 산정 — 공급사 데이터 수집·출처 관리 체계
제조 하류,21,현대엘리베이터(주),중견,5,8,후보(미확정),확정 뒤 재평가,확정 뒤 재평가,합계 5점 · CBAM 후보만 · ⑤ 검색 전(잠정 2점),,하류 확대 확정 시 제품 내 철강·알루미늄 함량별 내재 배출량 산정 — 공급사 데이터 수집·출처 관리 체계
제조 하류,22,(주)진성티이씨,중견,5,8,후보(미확정),확정 뒤 재평가,확정 뒤 재평가,합계 5점 · CBAM 후보만 · ⑤ 검색 전(잠정 2점),,하류 확대 확정 시 제품 내 철강·알루미늄 함량별 내재 배출량 산정 — 공급사 데이터 수집·출처 관리 체계
제조 하류,23,삼보모터스(주),중견,5,8,후보(미확정),확정 뒤 재평가,확정 뒤 재평가,합계 5점 · CBAM 후보만 · ⑤ 검색 전(잠정 2점),,하류 확대 확정 시 제품 내 철강·알루미늄 함량별 내재 배출량 산정 — 공급사 데이터 수집·출처 관리 체계
제조 하류,24,(주)다원시스,중견,5,8,후보(미확정),확정 뒤 재평가,확정 뒤 재평가,합계 5점 · CBAM 후보만 · ⑤ 검색 전(잠정 2점),,하류 확대 확정 시 제품 내 철강·알루미늄 함량별 내재 배출량 산정 — 공급사 데이터 수집·출처 관리 체계
제조 하류,25,(주)디아이씨,중견,5,8,후보(미확정),확정 뒤 재평가,확정 뒤 재평가,합계 5점 · CBAM 후보만 · ⑤ 검색 전(잠정 2점),,하류 확대 확정 시 제품 내 철강·알루미늄 함량별 내재 배출량 산정 — 공급사 데이터 수집·출처 관리 체계
제조 하류,26,(주)수산세보틱스,중견,5,8,후보(미확정),확정 뒤 재평가,확정 뒤 재평가,합계 5점 · CBAM 후보만 · ⑤ 검색 전(잠정 2점),,하류 확대 확정 시 제품 내 철강·알루미늄 함량별 내재 배출량 산정 — 공급사 데이터 수집·출처 관리 체계
제조 하류,27,(주)아세아텍,중견,5,8,후보(미확정),확정 뒤 재평가,확정 뒤 재평가,합계 5점 · CBAM 후보만 · ⑤ 검색 전(잠정 2점),,하류 확대 확정 시 제품 내 철강·알루미늄 함량별 내재 배출량 산정 — 공급사 데이터 수집·출처 관리 체계
제조 하류,28,(주)에스피지,중견,5,8,후보(미확정),확정 뒤 재평가,확정 뒤 재평가,합계 5점 · CBAM 후보만 · ⑤ 검색 전(잠정 2점),,하류 확대 확정 시 제품 내 철강·알루미늄 함량별 내재 배출량 산정 — 공급사 데이터 수집·출처 관리 체계
제조 하류,29,(주)오리엔트정공,중견,5,8,후보(미확정),확정 뒤 재평가,확정 뒤 재평가,합계 5점 · CBAM 후보만 · ⑤ 검색 전(잠정 2점),,하류 확대 확정 시 제품 내 철강·알루미늄 함량별 내재 배출량 산정 — 공급사 데이터 수집·출처 관리 체계
제조 하류,30,(주)현대에버다임,대기업,5,8,후보(미확정),확정 뒤 재평가,확정 뒤 재평가,합계 5점 · CBAM 후보만 · ⑤ 검색 전(잠정 2점),,하류 확대 확정 시 제품 내 철강·알루미늄 함량별 내재 배출량 산정 — 공급사 데이터 수집·출처 관리 체계
제조 하류,31,(주)화신정공,중견,5,8,후보(미확정),확정 뒤 재평가,확정 뒤 재평가,합계 5점 · CBAM 후보만 · ⑤ 검색 전(잠정 2점),,하류 확대 확정 시 제품 내 철강·알루미늄 함량별 내재 배출량 산정 — 공급사 데이터 수집·출처 관리 체계
제조 하류,32,가온전선(주),대기업,5,8,후보(미확정),확정 뒤 재평가,확정 뒤 재평가,합계 5점 · CBAM 후보만 · ⑤ 검색 전(잠정 2점),,하류 확대 확정 시 제품 내 철강·알루미늄 함량별 내재 배출량 산정 — 공급사 데이터 수집·출처 관리 체계
제조 하류,33,디와이파워(주),중견,5,8,후보(미확정),확정 뒤 재평가,확정 뒤 재평가,합계 5점 · CBAM 후보만 · ⑤ 검색 전(잠정 2점),,하류 확대 확정 시 제품 내 철강·알루미늄 함량별 내재 배출량 산정 — 공급사 데이터 수집·출처 관리 체계
제조 하류,34,주식회사 티와이엠,중견,5,8,후보(미확정),확정 뒤 재평가,확정 뒤 재평가,합계 5점 · CBAM 후보만 · ⑤ 검색 전(잠정 2점),,하류 확대 확정 시 제품 내 철강·알루미늄 함량별 내재 배출량 산정 — 공급사 데이터 수집·출처 관리 체계
제조 하류,35,두산밥캣 주식회사,대기업,4,8,후보(미확정),확정 뒤 재평가,확정 뒤 재평가,합계 4점 · CBAM 후보만 · ⑤ 검색 전(잠정 2점),,하류 확대 확정 시 제품 내 철강·알루미늄 함량별 내재 배출량 산정 — 공급사 데이터 수집·출처 관리 체계
제조 하류,36,산일전기(주),중견,4,8,후보(미확정),확정 뒤 재평가,확정 뒤 재평가,합계 4점 · CBAM 후보만 · ⑤ 검색 전(잠정 2점),,하류 확대 확정 시 제품 내 철강·알루미늄 함량별 내재 배출량 산정 — 공급사 데이터 수집·출처 관리 체계
제조 하류,37,(주)로보스타,대기업,4,8,후보(미확정),확정 뒤 재평가,확정 뒤 재평가,합계 4점 · CBAM 후보만 · ⑤ 검색 전(잠정 2점),,하류 확대 확정 시 제품 내 철강·알루미늄 함량별 내재 배출량 산정 — 공급사 데이터 수집·출처 관리 체계
제조 하류,38,(주)서진오토모티브,중견,4,8,후보(미확정),확정 뒤 재평가,확정 뒤 재평가,합계 4점 · CBAM 후보만 · ⑤ 검색 전(잠정 2점),,하류 확대 확정 시 제품 내 철강·알루미늄 함량별 내재 배출량 산정 — 공급사 데이터 수집·출처 관리 체계
제조 하류,39,(주)에스씨디,중견,4,8,후보(미확정),확정 뒤 재평가,확정 뒤 재평가,합계 4점 · CBAM 후보만 · ⑤ 검색 전(잠정 2점),,하류 확대 확정 시 제품 내 철강·알루미늄 함량별 내재 배출량 산정 — 공급사 데이터 수집·출처 관리 체계
제조 하류,40,(주)위닉스,중견,4,8,후보(미확정),확정 뒤 재평가,확정 뒤 재평가,합계 4점 · CBAM 후보만 · ⑤ 검색 전(잠정 2점),,하류 확대 확정 시 제품 내 철강·알루미늄 함량별 내재 배출량 산정 — 공급사 데이터 수집·출처 관리 체계
제조 하류,41,(주)엠엑스로보틱스,중견,3,8,후보(미확정),확정 뒤 재평가,확정 뒤 재평가,합계 3점 · CBAM 후보만 · ⑤ 검색 전(잠정 2점),,하류 확대 확정 시 제품 내 철강·알루미늄 함량별 내재 배출량 산정 — 공급사 데이터 수집·출처 관리 체계
제조 하류,42,대원전선(주),중견,3,8,후보(미확정),확정 뒤 재평가,확정 뒤 재평가,합계 3점 · CBAM 후보만 · ⑤ 검색 전(잠정 2점),,하류 확대 확정 시 제품 내 철강·알루미늄 함량별 내재 배출량 산정 — 공급사 데이터 수집·출처 관리 체계
제조 하류,43,동양이엔피(주),중견,3,8,후보(미확정),확정 뒤 재평가,확정 뒤 재평가,합계 3점 · CBAM 후보만 · ⑤ 검색 전(잠정 2점),,하류 확대 확정 시 제품 내 철강·알루미늄 함량별 내재 배출량 산정 — 공급사 데이터 수집·출처 관리 체계
제조 하류,44,두산로보틱스 주식회사,대기업,3,8,후보(미확정),확정 뒤 재평가,확정 뒤 재평가,합계 3점 · CBAM 후보만 · ⑤ 검색 전(잠정 2점),,하류 확대 확정 시 제품 내 철강·알루미늄 함량별 내재 배출량 산정 — 공급사 데이터 수집·출처 관리 체계
제조 하류,45,제룡전기(주),중견,3,8,후보(미확정),확정 뒤 재평가,확정 뒤 재평가,합계 3점 · CBAM 후보만 · ⑤ 검색 전(잠정 2점),,하류 확대 확정 시 제품 내 철강·알루미늄 함량별 내재 배출량 산정 — 공급사 데이터 수집·출처 관리 체계
제조 하류,46,주식회사 파워넷,중견,3,8,후보(미확정),확정 뒤 재평가,확정 뒤 재평가,합계 3점 · CBAM 후보만 · ⑤ 검색 전(잠정 2점),,하류 확대 확정 시 제품 내 철강·알루미늄 함량별 내재 배출량 산정 — 공급사 데이터 수집·출처 관리 체계
