part,part_nm,finance_cd,finance_nm,finance_path,closed,assets_jo,unit,status,table,dart_name,corp_code,jurir_no,induty_code,corp_cls,dart_match,where
L,금융지주회사,0012028,주식회사 케이비금융지주,금융지주회사\주식회사 케이비금융지주,False,797.923,원,ok,SL003(연결),,,,,,DART에서 못 찾음 — 확인 필요 (비슷한 DART 이름: JB금융지주),이미 명단 — 이름 일치
L,금융지주회사,0010926,주식회사 신한금융지주회사,금융지주회사\주식회사 신한금융지주회사,False,786.0135,원,ok,SL003(연결),,,,,,DART에서 못 찾음 — 확인 필요 (비슷한 DART 이름 없음),이미 명단 — 이름 일치
L,금융지주회사,0011573,주식회사 하나금융지주,금융지주회사\주식회사 하나금융지주,False,674.5907,원,ok,SL003(연결),하나금융지주,00547583,1101113352004,64992,Y,DART 이름 일치,이미 명단 — 법인등록번호 일치
L,금융지주회사,0013188,농협금융지주 주식회사,금융지주회사\농협금융지주 주식회사,False,602.7534,원,ok,SL003(연결),농협금융지주,00908021,1101114809450,64992,E,DART 이름 일치,이미 명단 — 법인등록번호 일치
L,금융지주회사,0016619,주식회사 우리금융지주,금융지주회사\주식회사 우리금융지주,False,601.4573,원,ok,SL003(연결),우리금융지주 / 우리금융지주,,,,,"DART 이름 일치 — 같은 이름 2곳, 확인 필요",이미 명단 — 이름 일치
A,국내은행,0011625,신한은행,국내은행\일반은행\시중은행\신한은행,False,596.9673,원,ok,SA022(연결),신한은행 / 신한은행,,,,,"DART 이름 일치 — 같은 이름 2곳, 확인 필요",이미 명단 — 이름 일치
A,국내은행,0010927,국민은행,국내은행\일반은행\시중은행\국민은행,False,584.9265,원,ok,SA022(연결),국민은행 / 국민은행 / 국민은행,,,,,"DART 이름 일치 — 같은 이름 3곳, 확인 필요",이미 명단 — 이름 일치
A,국내은행,0013909,주식회사 하나은행,국내은행\일반은행\시중은행\주식회사 하나은행,False,557.0345,원,ok,SA022(연결),하나은행 / 하나은행 / 하나은행,,,,,"DART 이름 일치 — 같은 이름 3곳, 확인 필요",이미 명단 — 이름 일치
A,국내은행,0010001,우리은행,국내은행\일반은행\시중은행\우리은행,False,502.8462,원,ok,SA022(연결),우리은행,00254045,1101110023393,64121,E,DART 이름 일치,이미 명단 — 법인등록번호 일치
A,국내은행,0010026,중소기업은행,국내은행\특수은행\중소기업은행,False,488.7308,원,ok,SA022(연결),,,,,,DART에서 못 찾음 — 확인 필요 (비슷한 DART 이름: 기업은행),이미 명단 — 이름 일치
A,국내은행,0013175,농협은행주식회사,국내은행\특수은행\농협은행주식회사,False,442.3501,원,ok,SA022(연결),농협은행,00908757,1101114809385,64121,E,DART 이름 일치,이미 명단 — 법인등록번호 일치
A,국내은행,0010030,한국산업은행,국내은행\특수은행\한국산업은행,False,367.7312,원,ok,SA022(연결),한국산업은행,00282455,1101350000937,64912,E,DART 이름 일치,이미 명단 — 이름 일치
H,생명보험,0010595,삼성생명보험주식회사,생명보험\국내생보사\삼성생명보험주식회사,False,309.9483,원,ok,SH150(전체),삼성생명,00126256,1101110005953,65110,Y,DART 음역 일치,이미 명단 — 법인등록번호 일치
L,금융지주회사,0012710,(주)BNK금융지주,금융지주회사\(주)BNK금융지주,False,161.0954,원,ok,SL003(연결),BNK금융지주,00858364,1801110750893,64992,Y,DART 이름 일치,이미 명단 — 법인등록번호 일치
L,금융지주회사,0011441,한국투자금융지주 주식회사,금융지주회사\한국투자금융지주 주식회사,False,136.1619,원,ok,SL003(연결),,,,,,DART에서 못 찾음 — 확인 필요 (비슷한 DART 이름: 한국금융지주),이미 명단 — 이름 일치
L,금융지주회사,0012717,주식회사 메리츠금융지주,금융지주회사\주식회사 메리츠금융지주,False,135.458,원,ok,SL003(연결),메리츠금융지주,00860332,1101114566406,64992,Y,DART 이름 일치,이미 명단 — 법인등록번호 일치
A,국내은행,0010031,한국수출입은행,국내은행\특수은행\한국수출입은행,False,135.0496,원,ok,SA022(연결),한국수출입은행,00254823,1112350000158,64912,E,DART 이름 일치,이미 명단 — 이름 일치
H,생명보험,0010597,교보생명보험주식회사,생명보험\국내생보사\교보생명보험주식회사,False,128.1613,원,ok,SH150(전체),교보생명보험,00112882,1101110014970,65110,E,DART 이름 일치,이미 명단 — 법인등록번호 일치
H,생명보험,0010593,한화생명보험주식회사,생명보험\국내생보사\한화생명보험주식회사,False,125.7766,원,ok,SH150(전체),한화생명,00113058,1101110003204,65110,Y,DART 음역 일치,이미 명단 — 법인등록번호 일치
F,증권사,0010094,미래에셋증권 주식회사,증권사\국내증권사\미래에셋증권 주식회사,False,108.7875,원,ok,SF303(별도),미래에셋증권 / 미래에셋증권,,,,,"DART 이름 일치 — 같은 이름 2곳, 확인 필요",이미 명단 — 이름 일치
F,증권사,0010129,한국투자증권,증권사\국내증권사\한국투자증권,False,108.1441,원,ok,SF303(별도),한국투자증권,00160144,1101110168769,66121,E,DART 이름 일치,이미 명단 — 법인등록번호 일치
L,금융지주회사,0012739,주식회사 디지비금융지주,금융지주회사\주식회사 디지비금융지주,False,98.8607,원,ok,SL003(연결),,,,,,DART에서 못 찾음 — 확인 필요 (비슷한 DART 이름 없음),"이미 명단 — 자산 일치(옛 이름 추정: (주)아이엠금융지주, 확인 필요)"
I,손해보험,0010633,삼성화재해상보험주식회사,손해보험\국내손보사\국내일반손보사\삼성화재해상보험주식회사,False,93.809,원,ok,SI146(전체),삼성화재해상보험,00139214,1101110005078,65121,Y,DART 이름 일치,이미 명단 — 법인등록번호 일치
A,국내은행,0010002,한국스탠다드차타드은행,국내은행\일반은행\시중은행\한국스탠다드차타드은행,False,92.2782,원,ok,SA022(연결),한국스탠다드차타드은행,00148504,1101110013419,64121,E,DART 이름 일치,새 후보
A,국내은행,0010017,부산은행,국내은행\일반은행\지방은행\부산은행,False,83.8652,원,ok,SA022(연결),부산은행,00124106,1801110002997,64121,E,DART 이름 일치,이미 명단 — 법인등록번호 일치
F,증권사,0010101,NH투자증권,증권사\국내증권사\NH투자증권,False,79.8198,원,ok,SF303(별도),NH투자증권,00120182,1101110098130,66121,Y,DART 이름 일치,이미 명단 — 법인등록번호 일치
A,국내은행,0015130,주식회사 카카오뱅크,국내은행\일반은행\인터넷전문은행\주식회사 카카오뱅크,False,76.3861,원,ok,SA022(연결),카카오뱅크,01133217,1311110435767,64121,Y,DART 이름 일치,이미 명단 — 법인등록번호 일치
A,국내은행,0010016,아이엠뱅크,국내은행\일반은행\시중은행\아이엠뱅크,False,76.1031,원,ok,SA022(연결),아이엠뱅크,00109019,1701110000141,64121,E,DART 이름 일치,이미 명단 — 법인등록번호 일치
F,증권사,0010106,KB증권주식회사,증권사\국내증권사\KB증권주식회사,False,73.8865,원,ok,SF303(별도),케이비증권,00164876,1101110042476,66121,E,DART 음역 일치,이미 명단 — 법인등록번호 일치
L,금융지주회사,0013406,JB금융지주,금융지주회사\JB금융지주,False,73.1238,원,ok,SL003(연결),JB금융지주,00980122,2101110091498,64992,Y,DART 이름 일치,이미 명단 — 법인등록번호 일치
F,증권사,0010119,삼성증권(주),증권사\국내증권사\삼성증권(주),False,72.7563,원,ok,SF303(별도),삼성증권,00104856,1101110335649,66121,Y,DART 이름 일치,이미 명단 — 법인등록번호 일치
F,증권사,0010099,메리츠증권(주),증권사\국내증권사\메리츠증권(주),False,72.448,원,ok,SF303(별도),메리츠증권,00163682,1101110141301,66121,E,DART 이름 일치,이미 명단 — 법인등록번호 일치
F,증권사,0010136,키움증권(주),증권사\국내증권사\키움증권(주),False,68.8072,원,ok,SF303(별도),키움증권,00296290,1101111867948,66121,Y,DART 이름 일치,이미 명단 — 법인등록번호 일치
F,증권사,0010130,하나증권주식회사,증권사\국내증권사\하나증권주식회사,False,64.4845,원,ok,SF303(별도),하나증권,00113465,1101110208169,66121,E,DART 이름 일치,이미 명단 — 법인등록번호 일치
A,국내은행,0014807,수협은행,국내은행\특수은행\수협은행,False,63.4579,원,ok,SA022(연결),수협은행,01190045,2442350009895,64121,E,DART 이름 일치,새 후보
H,생명보험,0010599,신한라이프생명보험주식회사,생명보험\국내생보사\신한라이프생명보험주식회사,False,59.448,원,ok,SH150(전체),신한라이프생명보험,00137517,1101110667498,65110,E,DART 이름 일치,이미 명단 — 법인등록번호 일치
I,손해보험,0010636,DB손해보험주식회사,손해보험\국내손보사\국내일반손보사\DB손해보험주식회사,False,59.4088,원,ok,SI146(전체),DB손해보험,00159102,1101110095285,65121,Y,DART 이름 일치,이미 명단 — 법인등록번호 일치
A,국내은행,0010024,경남은행,국내은행\일반은행\지방은행\경남은행,False,54.733,원,ok,SA022(연결),경남은행 / 경남은행,,,,,"DART 이름 일치 — 같은 이름 2곳, 확인 필요",이미 명단 — 이름 일치
H,생명보험,0013173,농협생명보험주식회사,생명보험\국내생보사\농협생명보험주식회사,False,52.6166,원,ok,SH150(전체),농협생명보험,00909349,1101114809377,65110,E,DART 이름 일치,이미 명단 — 법인등록번호 일치
F,증권사,0010091,신한투자증권 주식회사,증권사\국내증권사\신한투자증권 주식회사,False,52.3748,원,ok,SF303(별도),신한투자증권,00138321,1101110143448,66121,E,DART 이름 일치,이미 명단 — 법인등록번호 일치
I,손해보험,0010634,현대해상화재보험주식회사,손해보험\국내손보사\국내일반손보사\현대해상화재보험주식회사,False,49.6459,원,ok,SI146(전체),,,,,,DART에서 못 찾음 — 확인 필요 (비슷한 DART 이름 없음),이미 명단 — 이름 일치
A,국내은행,0010006,한국씨티은행,국내은행\일반은행\시중은행\한국씨티은행,False,46.3009,원,ok,SA022(연결),한국씨티은행,00161444,1101110303539,64121,E,DART 이름 일치,새 후보
I,손해보험,0010635,주식회사KB손해보험,손해보험\국내손보사\국내일반손보사\주식회사KB손해보험,False,44.892,원,ok,SI146(전체),KB손해보험,00120216,1101110017859,65121,E,DART 이름 일치,이미 명단 — 법인등록번호 일치
I,손해보험,0010626,메리츠화재해상보험주식회사,손해보험\국내손보사\국내일반손보사\메리츠화재해상보험주식회사,False,44.2428,원,ok,SI146(전체),메리츠화재해상보험,00117744,1101110013328,65121,E,DART 이름 일치,이미 명단 — 법인등록번호 일치
C,신용카드사,0010229,신한카드㈜,신용카드사\신한카드㈜,False,41.7165,원,ok,SC103(별도),신한카드 / 신한카드,,,,,"DART 이름 일치 — 같은 이름 2곳, 확인 필요",이미 명단 — 이름 일치
T,할부금융사,0010271,현대캐피탈㈜,할부금융사\현대캐피탈㈜,False,40.7961,원,ok,ST103(별도),현대캐피탈,00208514,1101110995378,64913,E,DART 이름 일치,이미 명단 — 법인등록번호 일치
H,생명보험,0010622,동양생명보험주식회사,생명보험\외국생보사\동양생명보험주식회사,False,35.3139,원,ok,SH150(전체),동양생명보험,00117267,1101110624688,65110,E,DART 이름 일치,이미 명단 — 법인등록번호 일치
H,생명보험,0010616,KB라이프생명보험,생명보험\국내생보사\KB라이프생명보험,False,35.2289,원,ok,SH150(전체),케이비라이프생명보험,00160393,1101110633712,65110,E,DART 음역 일치,이미 명단 — 법인등록번호 일치
A,국내은행,0010019,광주은행,국내은행\일반은행\지방은행\광주은행,False,34.4348,원,ok,SA022(연결),광주은행 / 광주은행,,,,,"DART 이름 일치 — 같은 이름 2곳, 확인 필요",이미 명단 — 이름 일치
A,국내은행,0017801,토스뱅크 주식회사,국내은행\일반은행\인터넷전문은행\토스뱅크 주식회사,False,33.0382,원,ok,SA022(연결),토스뱅크,01529195,1101117373098,64121,E,DART 이름 일치,이미 명단 — 법인등록번호 일치
H,생명보험,0010608,미래에셋생명보험주식회사,생명보험\국내생보사\미래에셋생명보험주식회사,False,32.8552,원,ok,SH150(전체),미래에셋생명,00112332,1601110014483,65110,Y,DART 음역 일치,이미 명단 — 법인등록번호 일치
A,국내은행,0014674,주식회사 케이뱅크,국내은행\일반은행\인터넷전문은행\주식회사 케이뱅크,False,31.8643,원,ok,SA022(연결),케이뱅크,01203312,1101115938985,64121,Y,DART 이름 일치,이미 명단 — 법인등록번호 일치
C,신용카드사,0010228,삼성카드㈜,신용카드사\삼성카드㈜,False,31.4635,원,ok,SC103(별도),삼성카드,00126292,1101110346901,64913,Y,DART 이름 일치,이미 명단 — 법인등록번호 일치
C,신용카드사,0012627,㈜케이비국민카드,신용카드사\㈜케이비국민카드,False,28.8787,원,ok,SC103(별도),케이비국민카드,00857392,1101114546523,64913,E,DART 이름 일치,이미 명단 — 법인등록번호 일치
F,증권사,0010093,대신증권주식회사,증권사\국내증권사\대신증권주식회사,False,28.7972,원,ok,SF303(별도),대신증권,00110893,1101110042955,66121,Y,DART 이름 일치,이미 명단 — 법인등록번호 일치
H,생명보험,0010620,메트라이프생명보험(주),생명보험\외국생보사\메트라이프생명보험(주),False,28.3762,원,ok,SH150(전체),메트라이프생명보험,00171104,1101110631154,65110,E,DART 이름 일치,새 후보
C,신용카드사,0010225,현대카드㈜,신용카드사\현대카드㈜,False,26.8028,원,ok,SC103(별도),현대카드,00222374,1101110377203,64913,E,DART 이름 일치,이미 명단 — 법인등록번호 일치
A,국내은행,0010022,전북은행,국내은행\일반은행\지방은행\전북은행,False,26.2978,원,ok,SA022(연결),전북은행,00147295,2101110000043,64121,E,DART 이름 일치,이미 명단 — 법인등록번호 일치
H,생명보험,0010596,흥국생명보험주식회사,생명보험\국내생보사\흥국생명보험주식회사,False,23.8385,원,ok,SH150(전체),흥국생명보험,00167068,1101110018443,65110,E,DART 이름 일치,이미 명단 — 법인등록번호 일치
C,신용카드사,0010226,롯데카드㈜,신용카드사\롯데카드㈜,False,23.7304,원,ok,SC103(별도),롯데카드,00219051,1101110641434,64913,E,DART 이름 일치,새 후보
I,손해보험,0010627,한화손해보험주식회사,손해보험\국내손보사\국내일반손보사\한화손해보험주식회사,False,20.2791,원,ok,SI146(전체),한화손해보험,00135917,1101110006456,65121,Y,DART 이름 일치,이미 명단 — 법인등록번호 일치
H,생명보험,0010615,에이아이에이생명보험 주식회사,생명보험\외국생보사\에이아이에이생명보험 주식회사,False,19.5484,원,ok,SH150(전체),에이아이에이생명보험,01295517,1101116429884,65110,E,DART 이름 일치,새 후보
H,생명보험,0010594,에이비엘생명보험주식회사,생명보험\외국생보사\에이비엘생명보험주식회사,False,19.2968,원,ok,SH150(전체),에이비엘생명보험,00148391,1101110007032,65110,E,DART 이름 일치,이미 명단 — 법인등록번호 일치
F,증권사,0010113,유안타증권주식회사,증권사\국내증권사\유안타증권주식회사,False,19.2903,원,ok,SF303(별도),유안타증권,00117601,1101110042492,66121,Y,DART 이름 일치,이미 명단 — 법인등록번호 일치
F,증권사,0010090,교보증권(주),증권사\국내증권사\교보증권(주),False,18.5721,원,ok,SF303(별도),교보증권,00113359,1101110018089,66121,Y,DART 이름 일치,이미 명단 — 법인등록번호 일치
T,할부금융사,0010268,하나캐피탈㈜,할부금융사\하나캐피탈㈜,False,18.2248,원,ok,ST103(별도),하나캐피탈,00152932,1101110519970,64913,E,DART 이름 일치,이미 명단 — 법인등록번호 일치
H,생명보험,0011320,푸본현대생명보험주식회사,생명보험\외국생보사\푸본현대생명보험주식회사,False,17.9827,원,ok,SH150(전체),푸본현대생명보험,00459844,1101112762668,65110,E,DART 이름 일치,새 후보
K,리스사,0010250,케이비캐피탈㈜,리스사\케이비캐피탈㈜,False,17.9029,원,ok,SK103(별도),케이비캐피탈,00161408,1301110013499,64911,E,DART 이름 일치,이미 명단 — 법인등록번호 일치
C,신용카드사,0013361,㈜우리카드,신용카드사\㈜우리카드,False,17.231,원,ok,SC103(별도),우리카드,00958822,1101115101839,64913,E,DART 이름 일치,이미 명단 — 법인등록번호 일치
H,생명보험,0010607,케이디비생명보험주식회사,생명보험\국내생보사\케이디비생명보험주식회사,False,17.2045,원,ok,SH150(전체),케이디비생명보험,00104069,2001110014608,65110,E,DART 이름 일치,새 후보
F,증권사,0010110,한화투자증권주식회사,증권사\국내증권사\한화투자증권주식회사,False,16.4528,원,ok,SF303(별도),한화투자증권 / 한화투자증권,,,,,"DART 이름 일치 — 같은 이름 2곳, 확인 필요",이미 명단 — 이름 일치
C,신용카드사,0013640,하나카드㈜,신용카드사\하나카드㈜,False,14.9967,원,ok,SC103(별도),하나카드,01042623,1101115505354,64913,E,DART 이름 일치,이미 명단 — 법인등록번호 일치
I,손해보험,0010628,롯데손해보험주식회사,손해보험\국내손보사\국내일반손보사\롯데손해보험주식회사,False,14.4103,원,ok,SI146(전체),롯데손해보험,00113562,1101110014459,65121,Y,DART 이름 일치,이미 명단 — 법인등록번호 일치
I,손해보험,0010638,코리안리재보험주식회사,손해보험\국내손보사\국내전업손보사\코리안리재보험주식회사,False,13.9998,원,ok,SI146(전체),,,,,,DART에서 못 찾음 — 확인 필요 (비슷한 DART 이름 없음),이미 명단 — 이름 일치
K,리스사,0011766,현대커머셜㈜,리스사\현대커머셜㈜,False,13.4747,원,ok,SK103(별도),현대커머셜,00603278,1101113646697,64913,E,DART 이름 일치,이미 명단 — 법인등록번호 일치
E,상호저축은행,0010370,에스비아이저축은행,저축은행\에스비아이저축은행,False,13.1316,원,ok,SE003(별도),에스비아이저축은행,00174518,1101110121981,64132,E,DART 이름 일치,이미 명단 — 법인등록번호 일치
I,손해보험,0013174,농협손해보험주식회사,손해보험\국내손보사\국내일반손보사\농협손해보험주식회사,False,12.8449,원,ok,SI146(전체),,,,,,DART에서 못 찾음 — 확인 필요 (비슷한 DART 이름: NH농협손해보험),이미 명단 — 이름 일치
H,생명보험,0012455,아이비케이연금보험 주식회사,생명보험\국내생보사\아이비케이연금보험 주식회사,False,12.7156,원,ok,SH150(전체),아이비케이연금보험,00844635,1101114390376,65110,E,DART 이름 일치,이미 명단 — 법인등록번호 일치
I,손해보험,0010630,흥국화재해상보험주식회사,손해보험\국내손보사\국내일반손보사\흥국화재해상보험주식회사,False,12.5021,원,ok,SI146(전체),흥국화재,00103176,1101110016728,65121,Y,DART 음역 일치,이미 명단 — 법인등록번호 일치
K,리스사,0010238,신한캐피탈㈜,리스사\신한캐피탈㈜,False,12.3979,원,ok,SK103(별도),신한캐피탈,00137456,1350110034400,64911,E,DART 이름 일치,이미 명단 — 법인등록번호 일치
T,할부금융사,0010255,우리금융캐피탈㈜,할부금융사\우리금융캐피탈㈜,False,12.3637,원,ok,ST103(별도),우리금융캐피탈,00209443,1601110038524,64911,E,DART 이름 일치,이미 명단 — 법인등록번호 일치
E,상호저축은행,0013351,오케이저축은행,저축은행\오케이저축은행,False,12.154,원,ok,SE003(별도),오케이저축은행,00992640,1101115062289,64132,E,DART 이름 일치,이미 명단 — 법인등록번호 일치
K,리스사,0010235,산은캐피탈㈜,리스사\산은캐피탈㈜,False,12.1433,원,ok,SK103(별도),산은캐피탈,00260356,1101110137558,64911,E,DART 이름 일치,새 후보
H,생명보험,0010619,DB생명보험주식회사,생명보험\국내생보사\DB생명보험주식회사,False,12.1125,원,ok,SH150(전체),DB생명보험,00168933,1101110623606,65110,E,DART 이름 일치,이미 명단 — 법인등록번호 일치
N,신기술금융사,0010741,㈜아이비케이캐피탈,신기술금융사\㈜아이비케이캐피탈,False,12.0715,원,ok,SN103(별도),아이비케이캐피탈,00275251,1101110509342,64919,E,DART 이름 일치,이미 명단 — 법인등록번호 일치
T,할부금융사,0010267,제이비우리캐피탈㈜,할부금융사\제이비우리캐피탈㈜,False,11.9844,원,ok,ST103(별도),제이비우리캐피탈,00234971,1701110092784,64913,E,DART 이름 일치,이미 명단 — 법인등록번호 일치
F,증권사,0010095,신영증권주식회사,증권사\국내증권사\신영증권주식회사,False,11.8104,원,ok,SF303(별도),신영증권,00136721,1101110006612,66121,Y,DART 이름 일치,이미 명단 — 법인등록번호 일치
F,증권사,0010111,현대차증권주식회사,증권사\국내증권사\현대차증권주식회사,False,11.6745,원,ok,SF303(별도),현대차증권,00137997,1101110019962,66121,Y,DART 이름 일치,이미 명단 — 법인등록번호 일치
T,할부금융사,0013202,메리츠캐피탈㈜ ,할부금융사\메리츠캐피탈㈜ ,False,10.7702,원,ok,ST103(별도),메리츠캐피탈,00933504,1101114823450,6491,E,DART 이름 일치,새 후보
F,증권사,0010120,디비증권주식회사,증권사\국내증권사\디비증권주식회사,False,10.7669,원,ok,SF303(별도),DB증권,00115694,1101110339956,66121,Y,DART 음역 일치,이미 명단 — 법인등록번호 일치
F,증권사,0012001,IBK투자증권,증권사\국내증권사\IBK투자증권,False,10.4028,원,ok,SF303(별도),아이비케이투자증권,00684918,1101113905837,6612,E,DART 음역 일치,이미 명단 — 법인등록번호 일치
F,증권사,0010097,유진투자증권주식회사,증권사\국내증권사\유진투자증권주식회사,False,10.369,원,ok,SF303(별도),,,,,,DART에서 못 찾음 — 확인 필요 (비슷한 DART 이름: 유진증권),이미 명단 — 이름 일치
K,리스사,0012452,비엔케이캐피탈㈜,리스사\비엔케이캐피탈㈜,False,10.3461,원,ok,SK103(별도),BNK캐피탈,00844936,1801110722850,64911,E,DART 음역 일치,이미 명단 — 법인등록번호 일치
F,증권사,0010137,LS증권,증권사\국내증권사\LS증권,False,10.332,원,ok,SF303(별도),LS증권,00330424,1101111828362,66121,K,DART 이름 일치,이미 명단 — 법인등록번호 일치
T,할부금융사,0011797,엔에이치농협캐피탈㈜,할부금융사\엔에이치농협캐피탈㈜,False,10.3134,원,ok,ST103(별도),엔에이치농협캐피탈,00673523,1101113634428,64913,E,DART 이름 일치,이미 명단 — 법인등록번호 일치
F,증권사,0010128,주식회사 아이엠증권,증권사\국내증권사\주식회사 아이엠증권,False,9.6461,원,ok,SF303(별도),아이엠증권,00148665,1801110093095,66121,E,DART 이름 일치,이미 명단 — 법인등록번호 일치
F,증권사,0013515,주식회사 우리투자증권,증권사\국내증권사\주식회사 우리투자증권,False,9.4765,원,ok,SF303(별도),우리투자증권,01015364,1101115232204,66121,E,DART 이름 일치,이미 명단 — 법인등록번호 일치
K,리스사,0010928,비엠더블유파이낸셜서비스코리아㈜,리스사\비엠더블유파이낸셜서비스코리아㈜,False,9.474,원,ok,SK103(별도),비엠더블유파이낸셜서비스코리아 / 비엠더블유파이낸셜서비스코리아,,,,,"DART 이름 일치 — 같은 이름 2곳, 확인 필요",새 후보
I,손해보험,0010637,서울보증보험주식회사,손해보험\국내손보사\국내전업손보사\서울보증보험주식회사,False,9.3738,원,ok,SI146(전체),서울보증보험,00112998,1101110099774,65122,Y,DART 이름 일치,이미 명단 — 법인등록번호 일치
F,증권사,0012334,(주)비엔케이투자증권,증권사\국내증권사\(주)비엔케이투자증권,False,9.2366,원,ok,SF303(별도),BNK투자증권,00251400,1801110233188,66121,E,DART 음역 일치,이미 명단 — 법인등록번호 일치
T,할부금융사,0010259,롯데캐피탈㈜,할부금융사\롯데캐피탈㈜,False,9.0276,원,ok,ST103(별도),롯데캐피탈,00222295,1101111217416,64913,E,DART 이름 일치,이미 명단 — 법인등록번호 일치
H,생명보험,0011434,라이나생명보험주식회사,생명보험\외국생보사\라이나생명보험주식회사,False,8.6371,원,ok,SH150(전체),라이나생명보험,00504232,1101112940751,65110,E,DART 이름 일치,새 후보
A,국내은행,0010020,제주은행,국내은행\일반은행\지방은행\제주은행,False,8.0199,원,ok,SA022(연결),제주은행,00148832,2201110000819,64121,Y,DART 이름 일치,이미 명단 — 법인등록번호 일치
E,상호저축은행,0010537,한국투자저축은행,저축은행\한국투자저축은행,False,7.5055,원,ok,SE003(별도),한국투자저축은행,00102788,2047110001352,64132,E,DART 이름 일치,이미 명단 — 법인등록번호 일치
F,증권사,0017713,토스증권 주식회사,증권사\국내증권사\토스증권 주식회사,False,7.2024,원,ok,SF303(별도),토스증권,01527984,1101116937697,66,E,DART 이름 일치,이미 명단 — 법인등록번호 일치
F,증권사,0012390,노무라금융투자주식회사,증권사\국내증권사\노무라금융투자주식회사,False,7.0896,원,ok,SF303(별도),노무라금융투자,00825968,1101114228345,66,E,DART 이름 일치,새 후보
H,생명보험,0010618,하나생명보험주식회사,생명보험\국내생보사\하나생명보험주식회사,False,6.9797,원,ok,SH150(전체),하나생명보험,00187123,1101110818463,65110,E,DART 이름 일치,이미 명단 — 법인등록번호 일치
H,생명보험,0010605,아이엠라이프생명보험 주식회사,생명보험\국내생보사\아이엠라이프생명보험 주식회사,False,6.835,원,ok,SH150(전체),아이엠라이프생명보험,00124063,1801110078443,65110,E,DART 이름 일치,이미 명단 — 법인등록번호 일치
N,신기술금융사,0010275,미래에셋캐피탈㈜,신기술금융사\미래에셋캐피탈㈜,False,6.4197,원,ok,SN103(별도),미래에셋캐피탈,00251738,2001110076179,64919,E,DART 이름 일치,이미 명단 — 법인등록번호 일치
C,신용카드사,0010227,비씨카드㈜,신용카드사\비씨카드㈜,False,6.2866,원,ok,SC103(별도),비씨카드,00124656,1101110356695,64913,E,DART 이름 일치,이미 명단 — 법인등록번호 일치
F,증권사,0010114,SK증권주식회사,증권사\국내증권사\SK증권주식회사,False,6.2686,원,ok,SF303(별도),SK증권,00131850,1101110037112,66121,Y,DART 이름 일치,이미 명단 — 법인등록번호 일치
K,리스사,0013706,한국투자캐피탈㈜,리스사\한국투자캐피탈㈜,False,6.1274,원,ok,SK103(별도),한국투자캐피탈,01064272,1101115554591,6491,E,DART 이름 일치,이미 명단 — 법인등록번호 일치
E,상호저축은행,0013350,웰컴저축은행,저축은행\웰컴저축은행,False,6.09,원,ok,SE003(별도),웰컴저축은행,00992631,1101115062346,64132,E,DART 이름 일치,새 후보
F,증권사,0010158,제이피모간증권회사서울지점,증권사\외국계증권사\제이피모간증권회사서울지점,False,5.7755,원,ok,SF303(별도),제이피모간증권회사서울지점,00426466,1101810010822,66121,E,DART 이름 일치,제외 — 외국 금융회사 서울지점 (결정은 본사)
G,자산운용사,0010205,미래에셋자산운용,자산운용사\미래에셋자산운용,False,5.7419,원,ok,SG202(별도),미래에셋자산운용,00259776,1101111441685,64201,E,DART 이름 일치,이미 명단 — 법인등록번호 일치
F,증권사,0011981,다올투자증권 주식회사,증권사\국내증권사\다올투자증권 주식회사,False,5.5216,원,ok,SF303(별도),다올투자증권,00156859,1101110878706,661,Y,DART 이름 일치,이미 명단 — 법인등록번호 일치
K,리스사,0012303,㈜아이엠캐피탈,리스사\㈜아이엠캐피탈,False,5.3407,원,ok,SK103(별도),아이엠캐피탈,00796471,1101114178730,64911,E,DART 이름 일치,이미 명단 — 법인등록번호 일치
K,리스사,0010245,한국캐피탈㈜,리스사\한국캐피탈㈜,False,5.1551,원,ok,SK103(별도),한국캐피탈,00149594,1601110019277,64911,K,DART 이름 일치,제외 — 코스닥·코넥스 상장 (금융1-1 코스피 한정 원칙)
E,상호저축은행,0010345,애큐온저축은행,저축은행\애큐온저축은행,False,5.0178,원,ok,SE003(별도),애큐온저축은행,00111014,1101110126014,64132,E,DART 이름 일치,새 후보
W,선물사,0010891,삼성선물주식회사,선물사\삼성선물주식회사,False,4.8288,원,ok,SW303(별도),삼성선물,00245047,1101110894520,66122,E,DART 이름 일치,이미 명단 — 법인등록번호 일치
E,상호저축은행,0010388,다올저축은행,저축은행\다올저축은행,False,4.4158,원,ok,SE003(별도),다올저축은행,00165149,1101110129977,64132,E,DART 이름 일치,이미 명단 — 법인등록번호 일치
F,증권사,0010149,골드만삭스증권회사서울지점,증권사\외국계증권사\골드만삭스증권회사서울지점,False,4.3271,원,ok,SF303(별도),골드만삭스증권회사서울지점,00775900,1101810026861,66121,E,DART 이름 일치,제외 — 외국 금융회사 서울지점 (결정은 본사)
K,리스사,0011735,㈜애큐온캐피탈,리스사\㈜애큐온캐피탈,False,4.2102,원,ok,SK103(별도),애큐온캐피탈,00595012,1101113574046,64913,E,DART 이름 일치,새 후보
I,손해보험,0021388,예별손해보험 주식회사,손해보험\국내손보사\국내일반손보사\예별손해보험 주식회사,False,3.8191,원,ok,SI146(전체),예별손해보험,01974696,1101110929081,65121,E,DART 이름 일치,새 후보
T,할부금융사,0011231,메르세데스벤츠파이낸셜서비스코리아㈜,할부금융사\메르세데스벤츠파이낸셜서비스코리아㈜,False,3.2648,원,ok,ST103(별도),메르세데스벤츠파이낸셜서비스코리아,00455389,1101112614786,64913,E,DART 이름 일치,새 후보
K,리스사,0011375,엠지캐피탈㈜,리스사\엠지캐피탈㈜,False,3.2594,원,ok,SK103(별도),엠지캐피탈,00248938,1101111419286,64911,E,DART 이름 일치,새 후보
K,리스사,0011380,오릭스캐피탈코리아㈜,리스사\오릭스캐피탈코리아㈜,False,3.1501,원,ok,SK103(별도),오릭스캐피탈코리아,00502410,1101112944688,64911,E,DART 이름 일치,새 후보
N,신기술금융사,0016436,키움캐피탈㈜,신기술금융사\키움캐피탈㈜,False,3.1316,원,ok,SN103(별도),키움캐피탈,01339389,1101116837772,64919,E,DART 이름 일치,이미 명단 — 법인등록번호 일치
E,상호저축은행,0010349,디비저축은행,저축은행\디비저축은행,False,3.1301,원,ok,SE003(별도),디비저축은행,00115667,1101110135627,64132,E,DART 이름 일치,이미 명단 — 법인등록번호 일치
F,증권사,0013414,한국 에스지증권 주식회사,증권사\국내증권사\한국 에스지증권 주식회사,False,3.1139,원,ok,SF303(별도),한국에스지증권,00982379,1101114727719,66121,E,DART 이름 일치,새 후보
E,상호저축은행,0013313,신한저축은행,저축은행\신한저축은행,False,2.968,원,ok,SE003(별도),신한저축은행 / 신한저축은행,,,,,"DART 이름 일치 — 같은 이름 2곳, 확인 필요",이미 명단 — 이름 일치
F,증권사,0010154,모간스탠리인터내셔날증권회사서울지점,증권사\외국계증권사\모간스탠리인터내셔날증권회사서울지점,False,2.9634,원,ok,SF303(별도),모간스탠리인터내셔날증권회사서울지점,00383213,,66121,E,DART 이름 일치,제외 — 외국 금융회사 서울지점 (결정은 본사)
H,생명보험,0011226,비엔피파리바카디프생명보험주식회사,생명보험\외국생보사\비엔피파리바카디프생명보험주식회사,False,2.7017,원,ok,SH150(전체),비엔피파리바카디프생명보험,00460798,1101112620121,65200,E,DART 이름 일치,새 후보
E,상호저축은행,0013166,하나저축은행,저축은행\하나저축은행,False,2.6728,원,ok,SE003(별도),하나저축은행,00936440,1101114781129,64132,E,DART 이름 일치,이미 명단 — 법인등록번호 일치
E,상호저축은행,0013308,제이티친애저축은행,저축은행\제이티친애저축은행,False,2.6446,원,ok,SE003(별도),제이티친애저축은행,00993001,1101114937780,64132,E,DART 이름 일치,새 후보
I,손해보험,0011354,하나손해보험주식회사,손해보험\국내손보사\국내일반손보사\하나손해보험주식회사,False,2.6324,원,ok,SI146(전체),하나손해보험,00471891,1101112629355,65121,E,DART 이름 일치,이미 명단 — 법인등록번호 일치
E,상호저축은행,0011551,예가람저축은행,저축은행\예가람저축은행,False,2.4129,원,ok,SE003(별도),예가람저축은행,00587864,1101113221960,64131,E,DART 이름 일치,이미 명단 — 법인등록번호 일치
F,증권사,0011978,케이프투자증권,증권사\국내증권사\케이프투자증권,False,2.3495,원,ok,SF303(별도),케이프투자증권,00684972,1101113916610,6612,E,DART 이름 일치,새 후보
F,증권사,0011982,주식회사 카카오페이증권,증권사\국내증권사\주식회사 카카오페이증권,False,2.3442,원,ok,SF303(별도),카카오페이증권,00762146,1101113903394,66121,E,DART 이름 일치,이미 명단 — 법인등록번호 일치
E,상호저축은행,0010471,페퍼저축은행,저축은행\페퍼저축은행,False,2.2565,원,ok,SE003(별도),페퍼저축은행,00163406,1341110008868,64132,E,DART 이름 일치,새 후보
E,상호저축은행,0012840,대신저축은행,저축은행\대신저축은행,False,2.2365,원,ok,SE003(별도),대신저축은행,00890245,1101114663426,64132,E,DART 이름 일치,이미 명단 — 법인등록번호 일치
E,상호저축은행,0013127,케이비저축은행,저축은행\케이비저축은행,False,2.2022,원,ok,SE003(별도),케이비저축은행,00910257,1101114764745,64132,E,DART 이름 일치,이미 명단 — 법인등록번호 일치
E,상호저축은행,0011767,제이티저축은행,저축은행\제이티저축은행,False,2.1884,원,ok,SE003(별도),제이티저축은행,00634834,1311110177442,64132,E,DART 이름 일치,새 후보
E,상호저축은행,0010346,오에스비저축은행,저축은행\오에스비저축은행,False,2.1245,원,ok,SE003(별도),오에스비저축은행,00105129,1101110127161,64132,E,DART 이름 일치,새 후보
E,상호저축은행,0010430,모아저축은행,저축은행\모아저축은행,False,2.0911,원,ok,SE003(별도),모아저축은행,00161727,1201110000331,64132,E,DART 이름 일치,새 후보
E,상호저축은행,0010488,우리금융저축은행,저축은행\우리금융저축은행,False,2.0759,원,ok,SE003(별도),우리금융저축은행,00173403,1501110000682,64132,E,DART 이름 일치,이미 명단 — 법인등록번호 일치
E,상호저축은행,0010390,고려저축은행,저축은행\고려저축은행,False,2.0591,원,ok,SE003(별도),고려저축은행,00172097,1801110015304,64132,E,DART 이름 일치,이미 명단 — 법인등록번호 일치
E,상호저축은행,0012711,엔에이치저축은행,저축은행\엔에이치저축은행,False,2.0558,원,ok,SE003(별도),엔에이치저축은행,00886358,1101114548230,64132,E,DART 이름 일치,이미 명단 — 법인등록번호 일치
E,상호저축은행,0010473,상상인저축은행,저축은행\상상인저축은행,False,2.0069,원,ok,SE003(별도),상상인저축은행,00163585,1156110000130,64132,E,DART 이름 일치,새 후보
