part,part_nm,sml_div,list_no,list_nm,use
A,국내은행,B,SA043,대출금 운용(형태별 대출금),대출
A,국내은행,B,SA044,유형별 대출채권(업종별 기업대출금),업종
A,국내은행,B,SA045,유형별 대출채권(용도별 원화대출금),대출
A,국내은행,B,SA046,유형별 대출채권(담보별 원화대출금),대출
A,국내은행,B,SA047,유형별 대출채권(여신종별 원화대출금),대출
A,국내은행,C,SA040,연체율(원화대출금 및 신탁대출금 합계 기준),대출
A,국내은행,C,SA061,신규연체 및 상각 현황(원화대출금),대출
A,국내은행,P,SA051,원화대출 부문별 대출채권,대출
A,국내은행,P,SA052,원화대출 부문별 연체율(1개월이상 원리금 연체기준),대출
H,생명보험,B,SH117,용도별 대출채권(용도별 대출채권),대출
H,생명보험,B,SH118,용도별 대출채권(가계대출채권),대출
H,생명보험,B,SH119,용도별 대출채권(중소기업 대출채권),대출
H,생명보험,B,SH120,용도별 대출채권(대기업 대출채권),대출
H,생명보험,B,SH121,용도별 대출채권(공공 및 기타자금 대출채권),대출
H,생명보험,B,SH122,업종별 대출금,업종
H,생명보험,B,SH128,용도별 대출채권(대출채권 용도별 대손충당금),대출
H,생명보험,B,SH139,가계담보대출의 건전성 현황,대출
H,생명보험,B,SH169,용도별 대출채권(보험계약대출(23.3월 이후)),대출
H,생명보험,C,SH113,대출채권 연체현황(대출채권 연체현황),대출
H,생명보험,C,SH137,대출채권 연체현황(용도별 대출채권 연체현황),대출
H,생명보험,C,SH138,대출채권 연체현황(업종별 대출채권 연체현황),업종
H,생명보험,P,SH144,대출채권현황(특별계정포함),대출
H,생명보험,P,SH145,대출채권연체율,대출
H,생명보험,P,SH146,가계대출,대출
H,생명보험,P,SH147,가계대출연체율,대출
I,손해보험,B,SI117,용도별 대출채권(용도별 대출채권),대출
I,손해보험,B,SI118,용도별 대출채권(가계대출채권),대출
I,손해보험,B,SI119,용도별 대출채권(중소기업 대출채권),대출
I,손해보험,B,SI120,용도별 대출채권(대기업 대출채권),대출
I,손해보험,B,SI121,용도별 대출채권(공공 및 기타자금 대출채권),대출
I,손해보험,B,SI122,업종별 대출금,업종
I,손해보험,B,SI124,용도별 대출채권(대출채권 용도별 대손충당금),대출
I,손해보험,B,SI135,가계담보대출의 건전성 현황,대출
I,손해보험,B,SI157,용도별 대출채권(보험계약대출(23.3월 이후)),대출
I,손해보험,C,SI113,대출채권 연체현황(대출채권 연체현황),대출
I,손해보험,C,SI133,대출채권 연체현황(용도별 대출채권 연체현황),대출
I,손해보험,C,SI134,대출채권 연체현황(업종별 대출채권 연체현황),업종
I,손해보험,P,SI140,대출채권현황(특별계정포함),대출
I,손해보험,P,SI141,대출채권연체율,대출
I,손해보험,P,SI142,가계대출,대출
I,손해보험,P,SI143,가계대출연체율,대출
F,증권사,B,SF321,"부문별 손익(이자, 대출채권, 외환, 판매비와 관리비)",대출
F,증권사,B,SF323,자산현황(대출채권),대출
W,선물사,B,SW321,"부문별 손익(이자, 대출채권, 외환, 판매비와 관리비)",대출
W,선물사,B,SW323,자산현황(대출채권),대출
G,자산운용사,B,SG028,"부문별 손익(이자, 대출채권, 외환, 판매비와 관리비)",대출
G,자산운용사,B,SG030,자산현황(대출채권),대출
C,신용카드사,B,SC021,부문별 자산현황(대출채권),대출
C,신용카드사,P,SC123,카드대출 이용실적,대출
K,리스사,B,SK021,부문별 자산현황(대출채권),대출
T,할부금융사,B,ST021,부문별 자산현황(대출채권),대출
N,신기술금융사,B,SN021,부문별 자산현황(대출채권),대출
E,상호저축은행,B,SE020,대출금 운용(용도별 대출),대출
E,상호저축은행,B,SE021,대출금 운용(담보별 대출),대출
E,상호저축은행,B,SE022,대출금 운용(소액신용대출 취급현황),대출
E,상호저축은행,B,SE027,자산 부문별 현황(대출채권),대출
E,상호저축은행,B,SE036,대출금 운용(업종별 기업대출금),업종
D,종합금융회사,B,SD018,자산현황(대출채권),대출
M,부동산신탁,B,SM028,"부문별 손익(이자, 대출채권, 외환, 판매비와 관리비)",대출
M,부동산신탁,B,SM030,자산현황(대출채권),대출
L,금융지주회사,B,SL028,부문별 자산현황(대출채권),대출
