part,part_nm,list_no,list_nm,balance_sheet
A,국내은행,SA003,요약재무상태표(자산-은행계정),True
A,국내은행,SA004,요약재무상태표(부채 및 자본-은행계정),True
A,국내은행,SA005,난외계정(은행계정),False
A,국내은행,SA006,주요자금조달 및 운용(은행계정),False
A,국내은행,SA007,요약재무상태표(자산-신탁계정),True
A,국내은행,SA008,요약재무상태표(부채-신탁계정),True
A,국내은행,SA009,주요자금조달 및 운용(신탁계정),False
A,국내은행,SA012,요약손익계산서(신탁계정),False
A,국내은행,SA021,요약손익계산서(은행계정),False
A,국내은행,SA022,연결재무상태표(자산),True
A,국내은행,SA023,연결재무상태표(부채 및 자본),True
A,국내은행,SA024,연결손익계산서,False
A,국내은행,SA029,부문별 손익(이자부문),False
A,국내은행,SA030,부문별 손익(수수료부문),False
A,국내은행,SA031,부문별 손익(신탁부문),False
A,국내은행,SA032,부문별 손익(유가증권 및 외환부문),False
A,국내은행,SA033,부문별 손익(판매비와 관리비),False
A,국내은행,SA034,유가증권 보유현황(은행계정),False
A,국내은행,SA035,유가증권 보유현황(신탁계정),False
A,국내은행,SA036,유가증권 보유현황(당기손익-공정가치측정증권),False
A,국내은행,SA037,유가증권 보유현황(기타포괄손익-공정가치측정증권),False
A,국내은행,SA038,유가증권 보유현황(상각후원가측정증권),False
A,국내은행,SA039,유가증권 보유현황(자회사등 투자지분),False
A,국내은행,SA043,대출금 운용(형태별 대출금),False
A,국내은행,SA044,유형별 대출채권(업종별 기업대출금),False
A,국내은행,SA045,유형별 대출채권(용도별 원화대출금),False
A,국내은행,SA046,유형별 대출채권(담보별 원화대출금),False
A,국내은행,SA047,유형별 대출채권(여신종별 원화대출금),False
A,국내은행,SA062,유형자산 보유현황,False
H,생명보험,SH003,요약재무상태표(자산-전체(22.12월 이전)),True
H,생명보험,SH004,요약재무상태표(부채 및 자본(22.12월 이전)),True
H,생명보험,SH005,요약재무상태표(자산-특별계정(22.12월 이전)),True
H,생명보험,SH006,요약재무상태표(부채 및 자본-특별계정(22.12월 이전)),True
H,생명보험,SH007,요약손익계산서(전체(22.12월 이전)),False
H,생명보험,SH008,요약손익계산서(특별계정(22.12월 이전)),False
H,생명보험,SH023,부문별 손익(파생상품),False
H,생명보험,SH024,부문별 손익(이자),False
H,생명보험,SH117,용도별 대출채권(용도별 대출채권),False
H,생명보험,SH118,용도별 대출채권(가계대출채권),False
H,생명보험,SH119,용도별 대출채권(중소기업 대출채권),False
H,생명보험,SH120,용도별 대출채권(대기업 대출채권),False
H,생명보험,SH121,용도별 대출채권(공공 및 기타자금 대출채권),False
H,생명보험,SH122,업종별 대출금,False
H,생명보험,SH123,책임준비금 적립현황(22.12월 이전),False
H,생명보험,SH128,용도별 대출채권(대출채권 용도별 대손충당금),False
H,생명보험,SH129,유가증권 투자현황(일반계정)(당기손익인식증권(22.12월 이전)),False
H,생명보험,SH130,유가증권 투자현황(특별계정)(당기손익인식증권(22.12월 이전)),False
H,생명보험,SH131,유가증권 투자현황(일반계정)(매도가능증권(22.12월 이전)),False
H,생명보험,SH132,유가증권 투자현황(특별계정)(매도가능증권(22.12월 이전)),False
H,생명보험,SH133,유가증권 투자현황(일반계정)(만기보유증권(22.12월 이전)),False
H,생명보험,SH134,유가증권 투자현황(특별계정)(만기보유증권(22.12월 이전)),False
H,생명보험,SH135,부동산 보유현황,False
H,생명보험,SH136,손익발생원천별 실적(22.12월 이전),False
H,생명보험,SH139,가계담보대출의 건전성 현황,False
H,생명보험,SH140,보험종류별 책임준비금 현황(22.12월 이전),False
H,생명보험,SH149,유가증권 투자현황(특별계정)(실적배당형 특별계정(23.3월 이후)),False
H,생명보험,SH150,요약재무상태표(자산-전체(23.3월 이후)),True
H,생명보험,SH151,요약재무상태표(부채 및 자본(23.3월 이후)),True
H,생명보험,SH152,요약재무상태표(자산-실적배당형 특별계정(23.3월 이후)),True
H,생명보험,SH153,요약재무상태표(부채 및 자본-실적배당형 특별계정(23.3월 이후)),True
H,생명보험,SH154,요약손익계산서(전체(23.3월 이후)),False
H,생명보험,SH155,손익발생원천별 실적(23.3월 이후),False
H,생명보험,SH156,책임준비금 적립현황(23.3월 이후),False
H,생명보험,SH157,유가증권 투자현황(일반계정)(당기손익-공정가치측정 유가증권(23.3월 이후)),False
H,생명보험,SH158,유가증권 투자현황(일반계정)(기타포괄손익-공정가치측정 유가증권(23.3월 이후)),False
H,생명보험,SH159,유가증권 투자현황(일반계정)(상각후원가측정 유가증권(23.3월 이후)),False
H,생명보험,SH169,용도별 대출채권(보험계약대출(23.3월 이후)),False
I,손해보험,SI003,요약재무상태표(자산-전체(22.12월 이전)),True
I,손해보험,SI004,요약재무상태표(부채 및 자본(22.12월 이전)),True
I,손해보험,SI005,요약재무상태표(자산-특별계정(22.12월 이전)),True
I,손해보험,SI006,요약재무상태표(부채 및 자본-특별계정(22.12월 이전)),True
I,손해보험,SI007,요약손익계산서(전체(22.12월 이전)),False
I,손해보험,SI008,요약손익계산서(특별계정(22.12월 이전)),False
I,손해보험,SI023,부문별 손익(파생상품),False
I,손해보험,SI024,부문별 손익(이자),False
I,손해보험,SI117,용도별 대출채권(용도별 대출채권),False
I,손해보험,SI118,용도별 대출채권(가계대출채권),False
I,손해보험,SI119,용도별 대출채권(중소기업 대출채권),False
I,손해보험,SI120,용도별 대출채권(대기업 대출채권),False
I,손해보험,SI121,용도별 대출채권(공공 및 기타자금 대출채권),False
I,손해보험,SI122,업종별 대출금,False
I,손해보험,SI123,책임준비금 적립현황(22.12월 이전),False
I,손해보험,SI124,용도별 대출채권(대출채권 용도별 대손충당금),False
I,손해보험,SI125,유가증권 투자현황(일반계정)(당기손익인식증권(22.12월 이전)),False
I,손해보험,SI126,유가증권 투자현황(특별계정)(당기손익인식증권(22.12월 이전)),False
I,손해보험,SI127,유가증권 투자현황(일반계정)(매도가능증권(22.12월 이전)),False
I,손해보험,SI128,유가증권 투자현황(특별계정)(매도가능증권(22.12월 이전)),False
I,손해보험,SI129,유가증권 투자현황(일반계정)(만기보유증권(22.12월 이전)),False
I,손해보험,SI130,유가증권 투자현황(특별계정)(만기보유증권(22.12월 이전)),False
I,손해보험,SI131,부동산 보유현황,False
I,손해보험,SI132,손익발생원천별 실적(22.12월 이전),False
I,손해보험,SI135,가계담보대출의 건전성 현황,False
I,손해보험,SI145,유가증권 투자현황(특별계정)(실적배당형 특별계정(23.3월 이후)),False
I,손해보험,SI146,요약재무상태표(자산-전체(23.3월 이후)),True
I,손해보험,SI147,요약재무상태표(부채 및 자본(23.3월 이후)),True
I,손해보험,SI148,요약재무상태표(자산-실적배당형 특별계정(23.3월 이후)),True
I,손해보험,SI149,요약재무상태표(부채 및 자본-실적배당형 특별계정(23.3월 이후)),True
I,손해보험,SI150,요약손익계산서(전체(23.3월 이후)),False
I,손해보험,SI151,손익발생원천별 실적(23.3월 이후),False
I,손해보험,SI152,책임준비금 적립현황(23.3월 이후),False
I,손해보험,SI153,유가증권 투자현황(일반계정)(당기손익-공정가치측정 유가증권(23.3월 이후)),False
I,손해보험,SI154,유가증권 투자현황(일반계정)(기타포괄손익-공정가치측정 유가증권(23.3월 이후)),False
I,손해보험,SI155,유가증권 투자현황(일반계정)(상각후원가측정 유가증권(23.3월 이후)),False
I,손해보험,SI157,용도별 대출채권(보험계약대출(23.3월 이후)),False
F,증권사,SF003,요약재무상태표(자산)(07.03월 이전),True
F,증권사,SF004,요약재무상태표(부채 및 자본)(07.03월 이전),True
F,증권사,SF005,각주항목(09.03월 이전),False
F,증권사,SF006,주요자금조달및운용(07.03월 이전),False
F,증권사,SF007,요약손익계산서(07.03월 이전),False
F,증권사,SF015,수탁고 증감 현황,False
F,증권사,SF017,유가증권 보유현황(당기손익-공정가치측정증권),False
F,증권사,SF018,유가증권 보유현황(기타포괄손익-공정가치측정증권),False
F,증권사,SF019,유가증권 보유현황(상각후원가측정증권),False
F,증권사,SF020,유가증권 보유현황(관계회사 투자지분),False
F,증권사,SF021,유형자산 보유현황,False
F,증권사,SF103,요약재무상태표(자산)(07.06월 이후),True
F,증권사,SF104,요약재무상태표(부채 및 자본)(07.06월 이후),True
F,증권사,SF107,요약손익계산서(07.06월 이후),False
F,증권사,SF203,요약재무상태표(자산)(09.06월 이후),True
F,증권사,SF204,요약재무상태표(부채 및 자본)(09.06월 이후),True
F,증권사,SF205,각주항목(09.06월 이후),False
F,증권사,SF207,요약손익계산서(09.06월 이후),False
F,증권사,SF303,요약재무상태표(자산)(11.06월 이후),True
F,증권사,SF304,요약재무상태표(부채 및 자본)(11.06월 이후),True
F,증권사,SF307,요약손익계산서(11.06월 이후),False
F,증권사,SF314,자금조달 및 운용현황(부채 및 자본),False
F,증권사,SF315,자금조달 및 운용현황(자산),False
F,증권사,SF318,부문별 손익(수수료),False
F,증권사,SF319,부문별 손익(증권평가 및 처분),False
F,증권사,SF320,부문별 손익(파생상품),False
F,증권사,SF321,"부문별 손익(이자, 대출채권, 외환, 판매비와 관리비)",False
F,증권사,SF322,자산현황(유가증권),False
F,증권사,SF323,자산현황(대출채권),False
F,증권사,SF324,부채현황(예수부채),False
F,증권사,SF325,부채현황(차입부채),False
W,선물사,SW003,요약재무상태표(자산)(07.03월 이전),True
W,선물사,SW004,요약재무상태표(부채 및 자본)(07.03월 이전),True
W,선물사,SW005,각주항목(09.03월 이전),False
W,선물사,SW006,요약손익계산서(07.03월 이전),False
W,선물사,SW017,유가증권 보유현황(당기손익-공정가치측정증권),False
W,선물사,SW018,유가증권 보유현황(기타포괄손익-공정가치측정증권),False
W,선물사,SW019,유가증권 보유현황(상각후원가측정증권),False
W,선물사,SW020,유가증권 보유현황(관계회사 투자지분),False
W,선물사,SW021,유형자산 보유현황,False
W,선물사,SW103,요약재무상태표(자산)(07.06월 이후),True
W,선물사,SW104,요약재무상태표(부채 및 자본)(07.06월 이후),True
W,선물사,SW106,요약손익계산서(07.06월 이후),False
W,선물사,SW203,요약재무상태표(자산)(09.06월 이후),True
W,선물사,SW204,요약재무상태표(부채 및 자본)(09.06월 이후),True
W,선물사,SW205,각주항목(09.06월 이후),False
W,선물사,SW207,요약손익계산서(09.06월 이후),False
W,선물사,SW303,요약재무상태표(자산)(11.06월 이후),True
W,선물사,SW304,요약재무상태표(부채 및 자본)(11.06월 이후),True
W,선물사,SW307,요약손익계산서(11.06월 이후),False
W,선물사,SW314,자금조달 및 운용현황(부채 및 자본),False
W,선물사,SW315,자금조달 및 운용현황(자산),False
W,선물사,SW318,부문별 손익(수수료),False
W,선물사,SW319,부문별 손익(증권평가 및 처분),False
W,선물사,SW320,부문별 손익(파생상품),False
W,선물사,SW321,"부문별 손익(이자, 대출채권, 외환, 판매비와 관리비)",False
W,선물사,SW322,자산현황(유가증권),False
W,선물사,SW323,자산현황(대출채권),False
W,선물사,SW324,부채현황(예수부채),False
W,선물사,SW325,부채현황(차입부채),False
G,자산운용사,SG002,요약재무상태표(07.03월 이전),True
G,자산운용사,SG003,요약손익계산서(07.03월 이전),False
G,자산운용사,SG007,각주항목,False
G,자산운용사,SG017,유가증권 보유현황(당기손익-공정가치측정증권),False
G,자산운용사,SG018,유가증권 보유현황(기타포괄손익-공정가치측정증권),False
G,자산운용사,SG019,유가증권 보유현황(상각후원가측정증권),False
G,자산운용사,SG020,유가증권 보유현황(관계회사 투자지분),False
G,자산운용사,SG021,유형자산 보유현황,False
G,자산운용사,SG023,자금조달 및 운용현황(자산),False
G,자산운용사,SG024,자금조달 및 운용현황(부채 및 자본),False
G,자산운용사,SG025,부문별 손익(수수료),False
G,자산운용사,SG026,부문별 손익(증권평가 및 처분),False
G,자산운용사,SG027,부문별 손익(파생상품),False
G,자산운용사,SG028,"부문별 손익(이자, 대출채권, 외환, 판매비와 관리비)",False
G,자산운용사,SG029,자산현황(유가증권),False
G,자산운용사,SG030,자산현황(대출채권),False
G,자산운용사,SG031,부채현황(예수부채),False
G,자산운용사,SG032,부채현황(차입부채),False
G,자산운용사,SG102,요약재무상태표(07.06월 이후),True
G,자산운용사,SG103,요약손익계산서(07.06월 이후),False
G,자산운용사,SG202,요약재무상태표(11.06월 이후),True
G,자산운용사,SG203,요약손익계산서(11.06월 이후),False
G,자산운용사,SG208,요약재무상태표(09.06월 이후),True
G,자산운용사,SG209,요약손익계산서(09.06월 이후),False
C,신용카드사,SC003,요약재무상태표(자산)(07.12월 이전),True
C,신용카드사,SC004,요약재무상태표(부채 및 자본)(07.12월 이전),True
C,신용카드사,SC005,자금조달현황,False
C,신용카드사,SC006,요약손익계산서(07.12월 이전),False
C,신용카드사,SC021,부문별 자산현황(대출채권),False
C,신용카드사,SC022,부문별 자산현황(유가증권),False
C,신용카드사,SC023,부문별 부채현황(차입부채),False
C,신용카드사,SC024,유형자산 보유현황,False
C,신용카드사,SC103,요약재무상태표(자산)(08.03월 이후),True
C,신용카드사,SC104,요약재무상태표(부채 및 자본)(08.03월 이후),True
C,신용카드사,SC107,부문별 자산현황(카드자산),False
C,신용카드사,SC108,부문별 자산현황(할부금융자산),False
C,신용카드사,SC109,부문별 자산현황(리스자산),False
C,신용카드사,SC110,부문별 자산현황(신기술금융자산),False
C,신용카드사,SC111,부문별 손익(이자부문),False
C,신용카드사,SC112,부문별 손익(카드부문),False
C,신용카드사,SC113,부문별 손익(할부금융부문),False
C,신용카드사,SC114,부문별 손익(리스부문),False
C,신용카드사,SC115,부문별 손익(신기술금융부문),False
C,신용카드사,SC116,부문별 자산현황(판매비와 관리비),False
C,신용카드사,SC118,요약손익계산서(08.03월 이후),False
C,신용카드사,SC218,요약손익계산서(18.12월 이후),False
K,리스사,SK003,요약재무상태표(자산)(07.12월 이전),True
K,리스사,SK004,요약재무상태표(부채 및 자본)(07.12월 이전),True
K,리스사,SK005,자금조달현황,False
K,리스사,SK006,요약손익계산서(07.12월 이전),False
K,리스사,SK021,부문별 자산현황(대출채권),False
K,리스사,SK022,부문별 자산현황(유가증권),False
K,리스사,SK023,부문별 부채현황(차입부채),False
K,리스사,SK024,유형자산 보유현황,False
K,리스사,SK103,요약재무상태표(자산)(08.03월 이후),True
K,리스사,SK104,요약재무상태표(부채 및 자본)(08.03월 이후),True
K,리스사,SK108,부문별 자산현황(할부금융자산),False
K,리스사,SK109,부문별 자산현황(리스자산),False
K,리스사,SK110,부문별 자산현황(신기술금융자산),False
K,리스사,SK111,부문별 손익(이자부문),False
K,리스사,SK113,부문별 손익(할부금융부문),False
K,리스사,SK114,부문별 손익(리스부문),False
K,리스사,SK115,부문별 손익(신기술금융부문),False
K,리스사,SK116,부문별 손익(판매비와 관리비),False
K,리스사,SK118,요약손익계산서(08.03말 이후),False
T,할부금융사,ST003,요약재무상태표(자산)(07.12월 이전),True
T,할부금융사,ST004,요약재무상태표(부채 및 자본)(07.12월 이전),True
T,할부금융사,ST005,자금조달현황,False
T,할부금융사,ST006,요약손익계산서(07.12월 이전),False
T,할부금융사,ST021,부문별 자산현황(대출채권),False
T,할부금융사,ST022,부문별 자산현황(유가증권),False
T,할부금융사,ST023,부문별 부채현황(차입부채),False
T,할부금융사,ST024,유형자산 보유현황,False
T,할부금융사,ST103,요약재무상태표(자산)(08.03월 이후),True
T,할부금융사,ST104,요약재무상태표(부채 및 자본)(08.03월 이후),True
T,할부금융사,ST108,부문별 자산현황(할부금융자산),False
T,할부금융사,ST109,부문별 자산현황(리스자산),False
T,할부금융사,ST110,부문별 자산현황(신기술금융자산),False
T,할부금융사,ST111,부문별 손익(이자부문),False
T,할부금융사,ST113,부문별 손익(할부금융부문),False
T,할부금융사,ST114,부문별 손익(리스부문),False
T,할부금융사,ST115,부문별 손익(신기술금융부문),False
T,할부금융사,ST116,부문별 손익(판매비와 관리비),False
T,할부금융사,ST118,요약손익계산서(08.03월 이후),False
N,신기술금융사,SN003,요약재무상태표(자산)(07.12월 이전),True
N,신기술금융사,SN004,요약재무상태표(부채 및 자본)(07.12월 이전),True
N,신기술금융사,SN005,자금조달현황,False
N,신기술금융사,SN006,요약손익계산서(07.12월 이전),False
N,신기술금융사,SN021,부문별 자산현황(대출채권),False
N,신기술금융사,SN022,부문별 자산현황(유가증권),False
N,신기술금융사,SN023,부문별 부채현황(차입부채),False
N,신기술금융사,SN024,유형자산 보유현황,False
N,신기술금융사,SN103,요약재무상태표(자산)(08.03월 이후),True
N,신기술금융사,SN104,요약재무상태표(부채 및 자본)(08.03월 이후),True
N,신기술금융사,SN108,부문별 자산현황(할부금융자산),False
N,신기술금융사,SN109,부문별 자산현황(리스자산),False
N,신기술금융사,SN110,부문별 자산현황(신기술금융자산),False
N,신기술금융사,SN111,부문별 손익(이자부문),False
N,신기술금융사,SN113,부문별 손익(할부금융부문),False
N,신기술금융사,SN114,부문별 손익(리스부문),False
N,신기술금융사,SN115,부문별 손익(신기술금융부문),False
N,신기술금융사,SN116,부문별 손익(판매비와 관리비),False
N,신기술금융사,SN118,요약손익계산서(08.03월 이후),False
E,상호저축은행,SE003,요약재무상태표(자산),True
E,상호저축은행,SE004,요약재무상태표(부채 및 자본),True
E,상호저축은행,SE005,각주계정,False
E,상호저축은행,SE006,요약손익계산서,False
E,상호저축은행,SE012,자금의 조달 및 운용현황(자산),False
E,상호저축은행,SE013,자금의 조달 및 운용현황(부채 및 자본),False
E,상호저축은행,SE014,부문별 손익현황(이자부문),False
E,상호저축은행,SE015,부문별 손익현황(수수료부문),False
E,상호저축은행,SE020,대출금 운용(용도별 대출),False
E,상호저축은행,SE021,대출금 운용(담보별 대출),False
E,상호저축은행,SE022,대출금 운용(소액신용대출 취급현황),False
E,상호저축은행,SE023,자산 부문별 현황(현금 및 예치금),False
E,상호저축은행,SE024,자산 부문별 현황(유가증권),False
E,상호저축은행,SE025,자산 부문별 현황(유형자산),False
E,상호저축은행,SE026,자산 부문별 현황(기타주요자산),False
E,상호저축은행,SE027,자산 부문별 현황(대출채권),False
E,상호저축은행,SE028,부채 부문별 현황(예수부채),False
E,상호저축은행,SE029,부채 부문별 현황(차입부채),False
E,상호저축은행,SE030,자본금 및 자본잉여금,False
E,상호저축은행,SE031,예금자별 예수금,False
E,상호저축은행,SE032,비업무용 부동산 보유현황,False
E,상호저축은행,SE036,대출금 운용(업종별 기업대출금),False
D,종합금융회사,SD003,요약재무상태표(자산)(11.03월 이전),True
D,종합금융회사,SD004,요약재무상태표(부채 및 자본)(11.03월 이전),True
D,종합금융회사,SD005,각주사항,False
D,종합금융회사,SD006,주요자금조달및운용,False
D,종합금융회사,SD007,요약손익계산서(11.03월 이전),False
D,종합금융회사,SD012,부문별 손익(수수료),False
D,종합금융회사,SD013,부문별 손익(증권평가 및 처분),False
D,종합금융회사,SD014,부문별 손익(파생상품),False
D,종합금융회사,SD015,부문별 손익(이자),False
D,종합금융회사,SD016,부문별 손익(외환),False
D,종합금융회사,SD017,부문별 손익(판매비와 관리비),False
D,종합금융회사,SD018,자산현황(대출채권),False
D,종합금융회사,SD019,부채현황(예수부채),False
D,종합금융회사,SD020,부채현황(차입부채),False
D,종합금융회사,SD021,자산현황(유가증권),False
D,종합금융회사,SD022,유가증권 보유현황(당기손익-공정가치측정증권),False
D,종합금융회사,SD023,유가증권 보유현황(기타포괄손익-공정가치측정증권),False
D,종합금융회사,SD024,유가증권 보유현황(상각후원가측정증권),False
D,종합금융회사,SD025,유가증권 보유현황(관계회사투자지분),False
D,종합금융회사,SD026,유형자산 보유현황,False
D,종합금융회사,SD103,요약재무상태표(자산)(11.06월 이후),True
D,종합금융회사,SD104,요약재무상태표(부채 및 자본)(11.06월 이후),True
D,종합금융회사,SD107,요약손익계산서(11.06월 이후),False
M,부동산신탁,SM005,요약재무상태표(‘11.03월 이후),True
M,부동산신탁,SM006,요약재무상태표(신탁계정),True
M,부동산신탁,SM007,요약손익계산서(11.03월 이후),False
M,부동산신탁,SM008,요약손익계산서(신탁계정),False
M,부동산신탁,SM017,유가증권 보유현황(당기손익-공정가치측정증권),False
M,부동산신탁,SM018,유가증권 보유현황(기타포괄손익-공정가치측정증권),False
M,부동산신탁,SM019,유가증권 보유현황(상각후원가측정증권),False
M,부동산신탁,SM020,유가증권 보유현황(관계회사 투자지분),False
M,부동산신탁,SM021,유형자산 보유현황,False
M,부동산신탁,SM025,부문별 손익(수수료),False
M,부동산신탁,SM026,부문별 손익(증권평가 및 처분),False
M,부동산신탁,SM027,부문별 손익(파생상품),False
M,부동산신탁,SM028,"부문별 손익(이자, 대출채권, 외환, 판매비와 관리비)",False
M,부동산신탁,SM029,자산현황(유가증권),False
M,부동산신탁,SM030,자산현황(대출채권),False
M,부동산신탁,SM032,부채현황(차입부채),False
M,부동산신탁,SM033,요약재무상태표(09.06월 이후),True
M,부동산신탁,SM034,요약손익계산서(09.06월 이후),False
L,금융지주회사,SL003,요약연결재무상태표(자산),True
L,금융지주회사,SL004,요약연결재무상태표(부채 및 자본),True
L,금융지주회사,SL006,요약연결손익계산서,False
L,금융지주회사,SL007,요약연결현금흐름표,False
L,금융지주회사,SL018,난외계정(연결기준),False
L,금융지주회사,SL019,요약개별재무상태표(자산),True
L,금융지주회사,SL020,요약개별재무상태표(부채 및 자본),True
L,금융지주회사,SL021,요약개별손익계산서,False
L,금융지주회사,SL022,요약개별현금흐름표,False
L,금융지주회사,SL027,부문별 자산현황(현금 및 예치금),False
L,금융지주회사,SL028,부문별 자산현황(대출채권),False
L,금융지주회사,SL029,부문별 자산현황(유가증권),False
L,금융지주회사,SL030,부문별 자산현황(유형자산),False
L,금융지주회사,SL031,부문별 부채현황(차입부채),False
L,금융지주회사,SL032,자본현황,False
L,금융지주회사,SL033,부문별 손익현황(이자부문),False
L,금융지주회사,SL034,"부문별 손익현황(수수료, 외환부문)",False
L,금융지주회사,SL035,부문별 손익현황(관리비),False
