account,cbam_eu_exposure,exposure_type,eu_item_match,eu_basis,finding,source
고려제강(주),축소,역내생산,일치,연결 유럽 4243억·별도 유럽 1668억,선재부문(경강선·PC강연선·비드와이어)이 매출의 72%·수출의 79%로 주력이며 경강선·비드와이어(HS 7217)는 현행 CBAM 대상·로프와 PC강연선(HS 7312)은 비대상·EU 역내 공장(체코·헝가리) 생산분 재판매 최대 1360억(추정)·별도 1668억(한국발)의 품목 구성은 미공시라 축소 판정은 재검토 후보,사업보고서 2025.12 rcept 20260319001226
씨에스윈드(주),축소,역내생산,일치,별도 유럽 4389억·연결 유럽 8752억,풍력타워(HS 7308 대상)가 매출의 68%·포르투갈 타워와 덴마크/폴란드/스페인 하부구조물은 역내 생산(비대상)·튀르키예 베트남 중국 대만 말레이시아 생산분의 EU 반입만 대상·유럽향 타워부문 실적 확대를 원문에 명시(법인명은 추출본에서 잘림)·연결 유럽 비유동자산 타워 4829억 하부구조물 3371억,사업보고서 2025.12 rcept 20260318001110
두산에너빌리티(주),미확인,해당없음,불일치,별도 유럽 1069억·연결 에너빌리티 부문 유럽 5315억,매출이 NSSS·BOP·터빈·담수설비·플랜트 설치공사 등 기계류와 건설용역(비대상)이며 별도 수익의 97%가 기간에 걸쳐 인식하는 프로젝트 매출·주단조품이 품목에 있으나 유럽분 금액은 미분리(잔여 불확실성)·체코 두코바니 계약은 2025-12 체결 진행률 0.06%·기존 축소에서 미확인으로 하향,사업보고서 2025.12 rcept 20260320001246
에스케이오션플랜트(주),신규,직수출,일치,연결 해외 3778억(유럽 구분 없음),해상풍력 구조물 3256억(33.7%·HS 7308 대상)과 후육강관 271억(HS 7305 대상)·과거 해상풍력 구조물은 유럽 발주처였으나 인도지는 대만·2026-07 독일 EEZ BalWin5 하부구조물 수주 1605억(EU 반입 확정),사업보고서 2025.12 rcept 20260323000486 및 2026-07-31 보도
(주)SIMPAC,불명,직수출,불명,EU 근거는 프레스(CE 마크)·독일 판매법인·체코 사무소,연결 수출 4571억(전기 1517억) 중 프레스 1484억(HS 84류 비대상)과 합금철 986억(전기 66억의 15배·HS 72류 대상)만 확인되고 나머지 부문 수출은 미확인·합금철 수출의 행선지 미공시라 EU 반입 여부 확인 불가,사업보고서 2025.12 rcept 20260318001274
(주)태웅,확인,직수출,일치,별도 유럽 723억(EU 법인 없음),자유형단조품(HS 7326·7207 계열 대상) 수출 1664억·수요산업은 풍력 49%·조선/선박엔진 18%·산업플랜트 15%·한국 직수출·국내 매출에 유럽 고객향 물량 포함 가능(실질 해외 비중 약 80% 보도),사업보고서 2025.12 rcept 20260318001708 및 2025-09-30 보도
현대제철(주),확인,직수출,불명,연결 유럽 1조825억,EU 법인은 슬로바키아·체코 해외스틸서비스센터(가공·유통)뿐·유럽 비유동자산 1388억(국내 18.7조)·역내 제강 없음·추출본에 제품별 매출 표가 없어 품목 일치는 불명(전 제품이 72류·73류 대상일 개연성 높음),사업보고서 2025.12 rcept 20260319000771
주식회사 포스코,확인,직수출,일치,연결 유럽 9420억(전기 3167억),열연 22.9%·냉연 31.8%·스테인리스 11.8%·후판/선재 27.8%로 전부 72류 대상·해외 매출은 열연 6.5조·냉연 11.4조·스테인리스 3.1조·EU 법인은 폴란드 브로츠와프 가공센터와 슬로바키아 가공센터(30%)·유럽 비유동자산 1842억(국내 21.3조)·유럽 매출 1년 새 3배,사업보고서 2025.12 rcept 20260312001382
아주스틸(주),축소,역내생산,일치,기타(유럽 등) 2166억(전기 50억),폴란드 법인 칼라공장 2024-12 준공·2025-01 생산 개시(연 8만 톤)·폴란드 법인 건재 수출 1632억을 원문에서 확인·컬러강판(HS 7210·7212)은 대상 품목이나 역내 생산분은 비대상·폴란드 공장의 소재 조달처 미확인,사업보고서 2025.12 rcept 20260318001296
주식회사 세아베스틸,확인,직수출,일치,별도 유럽 871억,특수강 봉강 수출 4269억(내수 1조5329억)·봉강과 형단조품은 HS 7213~7215·7228·7326 대상·EU 법인 없음·별도 매출 2조 대비 4%·CBAM 본격 시행을 대외 변수로 명시·품목 확인으로 불명에서 확인으로 상향,사업보고서 2025.12 rcept 20260313000646
포스코스틸리온(주),확인,직수출,일치,별도·연결 유럽 2448억,컬러강판 52.2%·도금강판 43.6%(HS 7210·7212 대상)·수출 5519억(49%)·지역별 비유동자산이 한국 1392억과 기타아시아 28억뿐·유럽 법인 없음·미얀마 공장은 동남아용이라 유럽분은 한국 직수출,사업보고서 2025.12 rcept 20260317000684
KG스틸(주),확인,직수출,일치,연결 유럽 3568억(전기 4159억),냉연·아연도·석도강판·X-TONE 등 철강부문 수출 2조2676억(수출 비중 66%)으로 전부 72류 대상·유무형자산의 99% 이상이 한국 소재·역내 생산 없음·계열 KGM Europe GmbH는 자동차 부품센터로 무관,사업보고서 2025.12 rcept 20260316001588
(주)TCC스틸,확인,직수출,일치,유럽 390억(전기 229억),주석도금강판과 전해크롬산처리강판이 매출의 71%(HS 7210 대상)·표면처리강판 부문에서만 유럽 발생·EU 법인 없음·전량 한국 직수출·니켈도금강판 유럽 확산 계획 명시,사업보고서 2025.12 rcept 20260318000366
동국산업(주),불명,직수출,불명,지역 공시는 국내 2455억·국외 1276억(유럽 금액 없음),냉연강판 52%·칼라인쇄강판 32%(연결 매출의 84%·HS 7209·7210·7212 대상)이나 국외 1276억의 지역 구성 미공시·독일은 풍력 시장 전망 문장·윈드타워 주력 시장은 미국·도금용 니켈은 유럽에서 조달(수입),사업보고서 2025.12 rcept 20260318001458
동국씨엠 주식회사,축소,역내생산,일치,유럽 및 기타 5596억(외부 3951억),컬러강판 수출 8479억과 냉연도금강판 수출 4024억(HS 7210·7212 대상)·아주스틸 인수(2025-01)로 연결 유럽 비유동자산 0에서 1249억·독일 유럽 지사(2024-05)는 영업 거점·CBAM 대비 LCA 시스템 구축을 사업보고서에 명시,기재정정 사업보고서 2025.12 rcept 20260317000766
삼아알미늄(주),확인,직수출,일치,유럽 233억(고객 소재지 기준),AL-FOIL 수출 1177억(압연 매출의 78%)·알루미늄박은 HS 7607 대상·EU와 비EU 법인 없음·전량 한국 직수출,사업보고서 2025.12 rcept 20260318000860
(주)세아제강,축소,직수출,일치,연결 유럽 32억(전기 599억),강관 수출 7791억(HS 7304~7306 대상)이나 유럽 매출이 1년 새 95% 감소해 연결 매출의 0.2%·주력은 아메리카 4662억·EU 법인 없음,사업보고서 2025.12 rcept 20260312000989
현대비앤지스틸(주),확인,직수출,일치,지역 공시는 내수 6326억·수출 1086억(유럽 금액 없음),스테인리스강 판이 매출의 90.8%(6732억·HS 7219·7220 대상)·사업보고서에 유럽 CBAM과 일본 반덤핑에 선제 대응하겠다고 명시·노출 크기는 불명,사업보고서 2025.12 rcept 20260316001374
남해화학(주),불명,직수출,불명,기타(미국·유럽) 169억,유럽만 분리되지 않음·EU 법인 없음·비료의 대EU 수출 자체가 미미·주력은 비료/화학제품과 유류 사업,사업보고서 2025.12 rcept 20260319000635
주식회사 세아창원특수강,확인,직수출,일치,유럽 445억(특수강 392억·STS관 39억),STS선재·봉재와 무계목강관(72류·HS 7304 대상)·제품 수출 3143억·자사 공시로 확인(기존 모회사 기준 추정에서 교체)·비유동자산은 국내와 아시아뿐·CBAM을 경영 방침에 명시,사업보고서 2025.12 rcept 20260317000578
DSR제강(주),불명,직수출,불명,연결·별도 유럽 267억(전기 243억·전체의 11.8%),비유동자산이 모두 한국 귀속이고 EU 법인 없음·95% 이상 직수출이라 EU 반입은 확실·제품은 경강선 외 36.7%(HS 7217 대상)·와이어로프 23.8%(HS 7312 비대상)·상품 35.4%·유럽 매출의 품목별 배분 미공시·유럽향 신제품 개발 기록은 모두 로프 계열,사업보고서 2025.12 rcept 20260318001149
만호제강(주),미확인,해당없음,해당없음,지역별 매출 공시 없음(수출은 와이어로프 335억·섬유로프 114억),철강제품(와이어로프·경강선류)과 섬유로프 구성이라 경강선(HS 7217)은 대상이나 EU 매출 근거 없음·6월 결산(제74기)·2026 로봇 신사업 편입,사업보고서 2026.06 rcept 20260910000496
고려강선(주),축소,직수출,일치,EUR 수출환어음·유로 민감도 10.9억 원(유럽 매출 금액 미공시),감사보고서 일반사항에 제조 품목이 스틸코드(HS 7312 비대상)와 호스보강용 강선(HS 7217 대상) 두 가지뿐으로 명시·유럽 판매는 룩셈부르크 KISWIRE INTERNATIONAL S.A.(유의적 영향력 행사자) 경유·품목별 EU 금액 미공시,감사보고서 2025.12 rcept 20260402003209
홍덕산업(주),축소,역내생산,불명,EUR 매출채권 24억·체코 특수관계사 지급보증,체코(KISWIRE CORD CZECH)와 헝가리(KISWIRE SZENTGOTTHARD) 법인을 연결대상 종속기업으로 보유해 EU 역내 생산으로 충당·한국 본사 주요 수출 경로는 일본·미국(2024년 300억·전체 10%)·지역별과 품목별 매출 미공시·수출부대비 99.6억,감사보고서 2025.12 rcept 20260407002627
(주)알루코,확인,직수출,일치,별도 유럽 604억(전기 378억)·연결 유럽 694억,별도 수출 1569억(62.5%)·압출재(HS 7604)와 창호/커튼월(HS 7610)이 대상 품목·연결 유럽 비유동자산 6.5억으로 유럽 생산설비 없음(헝가리 ALUKO EUROPE은 판매 법인)·생산은 한국과 베트남·배터리 케이스는 미국 법인 경유·배출권 비대상이라 자체 배출량 데이터 없음,사업보고서 2025.12 rcept 20260318001554
조일알미늄(주),축소,전구물질,일치,수출 943억 중 LOCAL 96.35%·DIRECT(유럽) 3.65%(직수출 유럽분 약 34억),알루미늄 판·시트·스트립(HS 7606 대상)·LOCAL 수출은 국내 박(箔) 업체에 로컬 L/C로 공급하고 그 업체가 EU로 수출하는 구조라 전구물질 데이터 제공자 지위·SK C&C 디지털 탄소 여권 플랫폼 구축 계약(2024-02) 체결,사업보고서 2025.12 rcept 20260312000761 및 2024-02-01 보도
한주라이트메탈(주),미확인,해당없음,불일치,수출 유럽(슬로바키아 등) 116억(전기 135억),매출의 87.2%가 자동차 부품(너클·캐리어·엔진 커버 등·HS 8708 비대상으로 분류될 것으로 추정)·슬로바키아 법인(Hanjoo Light Metal s.r.o. 100%)은 자동차부품 제조판매업으로 유럽 매출과 법인 매출(116억)이 일치·주요 매출처에 ILJIN SLOVAKIA,사업보고서 2025.12 rcept 20260317000438
(주)대호에이엘,확인,직수출,일치,지리적 시장 유럽 118억(전기 67억),AL COIL 79.2%(HS 7606 대상)·AL CIRCLE 13.2%·EU 법인 없음·판재공장 국내·제품 매출(상품 아님)·감사의견 거절과 상장폐지 결정은 mfg2_changes.csv에 표시,사업보고서 2025.12 rcept 20260324000005
하이호경금속주식회사,불명,직수출,불명,자매회사 Hiho Metal Europe Ltd.에 매출(소재지·금액 미공시),매출 4803억(제품 2640억·상품 2128억)·특수관계자 수익 1864억(39%)·외화부채는 전부 USD·수출비용 86.9억(전기 대비 86% 증가)·알루미늄 휠이면 HS 8708 비대상 가능(추정)·지역별 매출 미공시,감사보고서 2025.12 rcept 20260402000938
(주)케이피에프,확인,직수출,일치,CBAM 분기 신고 이행(금액 미공시)·유럽영업지사(독일 Eschborn),볼트·너트·단조품(㈜케이피에프 기준 3897억·52.4%)은 HS 7318 대상이며 2028 확대 품목·2024-01 2023년 4분기 배출량 최초 신고 후 매 분기 신고를 사업보고서에 명시·생산지는 한국·베트남(KPF VINA)·중국(베어링부품은 유럽 NTN-Europe 공급)으로 다지역·폴란드 법인은 LED 조명 도소매로 무관,사업보고서 2025.12 rcept 20260317000758
(주)태광,불명,직수출,불명,국외 2362억(79.5%)·유럽 판매를 원문에 명시(금액 미공시),관이음쇠류 89.4%(수출 2191억·HS 7307 대상)·Aramco/BP/Total 공급적합업체로 유럽 국가에도 판매한다고 명시하나 지역별 매출은 국내/국외 2분·EU 법인은 종속회사 HYTC의 폴란드 2차전지 부품 법인(지분 39.31%)으로 관이음쇠와 무관·체코는 원전 수주 전망 문장,사업보고서 2025.12 rcept 20260320000407
(주)성광벤드,확인,직수출,일치,유럽 209.8억(전기)·지역별 표에 유럽 별도 공시(당기 유럽 금액은 추출본에서 잘림),용접용 관이음쇠(elbow 외)가 매출의 98.68%(HS 7307 대상)·별도 수출 1613억(73%)·EU 법인 없음·2025 해외건설 수주 유럽 비중 43%(체코 원전 등)를 원문이 인용,기재정정 사업보고서 2025.12 rcept 20260708000008
(주)유니온,미확인,해당없음,불일치,EU 매출 근거는 세라믹 제품(수도밸브 디스크·절삭공구),시멘트제조 47.5%(수출 198억은 대만·일본·태국 등 아시아)·페라이트 31.9%·세라믹 18.5%(수출 355억)·유럽 납품처는 Grohe/Hansgrohe/Roca(수도밸브 디스크)와 유럽·미국 자동차/항공/철강사(절삭공구)로 CBAM 비대상,사업보고서 2025.12 rcept 20260319000893
디씨엠(주),미확인,해당없음,해당없음,지역별 매출에 유럽 칸 없음(본사 소재지국 727억·아시아 1123억·북미 274억·기타 147억),LAMINATED 칼라강판 수출 1900억이나 지역이 4분류이고 유럽 구분 없음·회사 소개는 주 시장을 국내·중국·동남아·인도·터키로 적고 유럽은 진출 목표로 표현·거래처에 유럽 가전 제조사가 있으나 금액 근거 없음,기재정정 사업보고서 2025.12 rcept 20260724000315
(주)대양금속,확인,직수출,일치,지리적 시장 유럽 714.5억(전기 567.6억·매출의 32.0%),스테인리스 냉연강판 97.7%(HS 7219·7220 대상)·유럽이 국내 다음 2위 지역·원문에 매출의 50% 이상을 EU 동남아시아 북미 등에 수출한다고 명시·비유동자산 전부 국내라 한국 직수출·경영 이슈는 mfg2_changes.csv에 표시,사업보고서 2025.12 rcept 20260319001294
케이비아이동양철관(주),확인,직수출,일치,유럽 97억(주요 수출지역에 미국·유럽 명시),강관 수출 815억(전기 410억의 약 2배)·구조용/풍력하부구조물용/가스관/송유관 등 HS 7305·7306 대상·주요 고객에 세아제강(230억)과 MASTER PIPE DISTRIBUTION COMPANY LLC(197억),사업보고서 2025.12 rcept 20260318001380
일진제강(주),불명,직수출,불명,EUR 매출채권 약 10억(전기 15억),심리스·인발·ASWire 제품(HS 7304·7215·7217 계열 추정)이나 지역별 매출 미공시·종속기업은 미국(ILJIN Steel America)뿐·EU 근거가 EUR 매출채권 하나뿐이라 디케이동신과 같은 기준으로 확인(간접)에서 불명으로 맞춤,감사보고서 2025.12 rcept 20260413001676
디케이동신주식회사,불명,직수출,불명,EUR 매출채권 약 22억(전기 31억)·EUR 단기수출보험,국외 매출 1649억(71.1%)이나 지역 구분이 국내/국외뿐·외화 자산은 USD 중심이고 EUR 현금은 2천원·최상위 지배기업은 동국산업(81.9%)·배출권 대상,감사보고서 2025.12 rcept 20260316000184
(주)대륙제관,미확인,해당없음,해당없음,국외 매출 32.6억(1.22%)·국내 매출에 Local L/C 포함,에어졸관 63.6%·일반관 32.3%·부탄가스 용기의 HS 7311 여부 미확인·원문 지역 공시상 직수출은 1.2%뿐(웹 보도의 수출 70% 이상은 Local L/C를 거친 간접 수출로 보임)·시장 개척 대상은 일본·중국·동남아,사업보고서 2025.12 rcept 20260319000299 및 2022-01 보도
(주)태양,미확인,해당없음,해당없음,지역별 매출 공시 없음·원문에 유럽 언급 없음,연료관(부탄가스) 84.4%·에어졸 15.6%·원문에 세계 시장 점유율 60% 이상과 종속회사 SUN America의 북미 판매만 있고 EU 근거 없음(웹의 점유율 기사는 EU 근거가 아니라 불명에서 미확인으로 하향)·부탄가스 용기의 HS 7311 여부 미확인,사업보고서 2025.12 rcept 20260319000357
