account,scope,method,action,result,amount_eok,check_eok,completeness,source,note
(주)제일테크노스,제조 94,사용자가 DART 원문 표를 붙여 줌(제조 — 이전 세션),replace,원문 값으로 바꿈,89.92,,확인 완료,20260320000688 주석20 가.차입금 장부금액의 내역,구분 칸이 두 칸을 덮어 차입처 위치가 밀림 / 은행 아닌 차입처 / 코드는 발행일 칸을 읽었음
금강공업(주),제조 94,사용자가 DART 원문 표를 붙여 줌(제조 — 이전 세션),add,빠진 줄 더함,499.5,,확인 완료,20260312000935 주석19 (3) 사채의 내역,"비유동 사채 — 구분 칸이 합쳐진 줄 / 비유동 사채 소계 69,949,765,476원에 맞춤"
한주라이트메탈(주),제조 94,사용자가 DART 원문 표를 붙여 줌(제조 — 이전 세션),fix,잘못 읽은 줄 고침,123.11,,확인 완료,20260317000438 주석15 (3) 1) 사채의 내용,할인발행차금 차감 후 · 2026-10-01 add→fix: 코드가 사채·전환사채를 액면으로 읽게 되어 같은 이름 행을 장부금액으로 바꿈 / 받아 둔 원문으로 확인 · 2026-10-01 add→fix: 코드가 사채·전환사채를 액면으로 읽게 되어 같은 이름 행을 장부금액으로 바꿈
만호제강(주),할당대상,사용자가 DART 원문 표를 붙여 줌,add,빠진 줄 더함,17.38,,확인 완료,20260910000496 주석19 (1) 합계,6월 결산 회사
삼화왕관(주),제조 94,사용자가 DART 원문 표를 붙여 줌(제조 — 이전 세션),replace,원문 값으로 바꿈,518.75,,확인 완료,20260319000454 주석14-1,차입처·만기 칸이 합쳐진 3줄 포함 / 시설 35억 + 운영 30억
(주)대호에이엘,할당대상,사용자가 DART 원문 표를 붙여 줌,replace,원문 값으로 바꿈,616.95,616.95,확인 완료,20260324000005 주석17 (1) 원화차입금,재무상태표는 차입금을 기타유동금융부채에 묶음 — 기준값은 금융부채 만기표의 단기차입금+전환사채 장부금액 / 코드는 액면·장부금액 두 번 읽었음
에스와이(주),제조 94,사용자가 DART 원문 표를 붙여 줌(제조 — 이전 세션),none,차입금 없음 확정,,,확인 완료,20260409001365 재무상태표,재무상태표 부채에 차입금·사채 줄 없음 — 사용자 DART 확인·받아 둔 원문 대조 (2026-10-01)
노벨리스코리아 주식회사,할당대상,사용자가 DART 원문 표를 붙여 줌,none,차입금 없음 확정,,,확인 완료,20260703000645 원문 전체,차입금 줄 금액 0 (2026-10-01 원문 전체 확인)
(주)포스코에스피,제조 94,사용자가 DART 원문 표를 붙여 줌(제조 — 이전 세션),none,차입금 없음 확정,,,확인 완료,DART 대규모기업집단현황공시[연1회공시및1/4분기용(개별회사)] 2026-05-28 — (2) 회사 재무현황,"2025년 말 개별 재무상태표: 자산 200,348백만원·부채총계 414백만원·부채총계 중 차입금 '-' (2025-08 신설, STS사업 양수 2026-07-31)"
OCI SE 주식회사,할당대상,사용자가 DART 원문 표를 붙여 줌,replace,원문 값으로 바꿈,1984.01,,확인 완료,주석12 장단기금융부채,"유동성장기부채+장기차입금, 대주단 총 차입약정 4,425억"
주식회사 에어퍼스트,할당대상,사용자가 DART 원문 표를 붙여 줌,replace,원문 값으로 바꿈,4351.35,,확인 완료,주석19 (1) 잔액,시설대 325억 + 200억 / 일반자금 (운영자금 한도는 잔액 0) / 대주단 이름 공개 안 함
코닝정밀소재 주식회사,할당대상,사용자가 DART 원문 표를 붙여 줌,replace,원문 값으로 바꿈,20741.18,,확인 완료,주석19 (1) 기말,계열사 차입 — 금융회사 거래 없음
주식회사 영풍,할당대상,사용자가 DART 원문 표를 붙여 줌,replace,원문 값으로 바꿈,1086.33,,확인 완료,주석18.1,매입외환 + 외화단기대출 / 정책자금
주식회사 지에스포천그린에너지,할당대상,사용자가 DART 원문 표를 붙여 줌,replace,원문 값으로 바꿈,2696.06,,확인 완료,주석15,현재가치할인차금 차감 후
에어리퀴드코리아 주식회사,할당대상,사용자가 DART 원문 표를 붙여 줌,none,차입금 없음 확정,,,확인 완료,재무상태표,"단기차입금 4,511원뿐 — 사실상 무차입"
춘천에너지 주식회사,할당대상,사용자가 DART 원문 표를 붙여 줌,replace,원문 값으로 바꿈,3609.34,,확인 완료,주석9 (1),
주식회사 케이티,할당대상,사용자가 DART 원문 표를 붙여 줌,replace,원문 값으로 바꿈,70905.82,,확인 완료,2) 장기차입금,할인차금 차감 전
주식회사 포스코퓨처엠,할당대상,사용자가 DART 원문 표를 붙여 줌,replace,원문 값으로 바꿈,35106.81,,확인 완료,주석20 (1),
대구그린파워(주),할당대상,사용자가 DART 원문 표를 붙여 줌,replace,원문 값으로 바꿈,2220.22,,확인 완료,주석11 (1),대주단 명단에만 있음 — 금액은 신한은행 외 대주단에 포함
삼성에스디아이 주식회사,할당대상,사용자가 DART 원문 표를 붙여 줌,replace,원문 값으로 바꿈,23086.0,23086.0,확인 완료,(2) 단기차입금,
한화토탈에너지스 주식회사,할당대상,사용자가 DART 원문 표를 붙여 줌,replace,원문 값으로 바꿈,19721.81,,확인 완료,14-1,
내포그린에너지(주),할당대상,사용자가 DART 원문 표를 붙여 줌,replace,원문 값으로 바꿈,5419.52,,확인 완료,주석6 (1),
엘지이노텍 주식회사,할당대상,사용자가 DART 원문 표를 붙여 줌,replace,원문 값으로 바꿈,18345.15,,확인 완료,13.2,"공모·사모·외화 보증사모, 할인차금 차감"
지에스이피에스,할당대상,사용자가 DART 원문 표를 붙여 줌,replace,원문 값으로 바꿈,6793.38,,확인 완료,20.2,
대상 주식회사,할당대상,사용자가 DART 원문 표를 붙여 줌,replace,원문 값으로 바꿈,10318.32,,확인 완료,16-1,정부보조금인식액 31백만원 차감
에스케이텔레콤 주식회사,할당대상,사용자가 DART 원문 표를 붙여 줌,replace,원문 값으로 바꿈,67113.4,,확인 완료,15.(1)(2),
롯데케미칼 주식회사,할당대상,사용자가 DART 원문 표를 붙여 줌,replace,원문 값으로 바꿈,45050.04,,확인 완료,16-2,"회사가 차입처를 공개하지 않음 / 롯데에너지머티리얼즈 인수금융 8,100억 포함 / 사채 지급보증 제공 — 대출 아님"
무림피앤피(주),할당대상,사용자가 DART 원문 표를 붙여 줌,replace,원문 값으로 바꿈,8031.73,,확인 완료,주석19 (1)(2),KB증권 외 — 할인차금 차감
오씨아이주식회사,할당대상,사용자가 DART 원문 표를 붙여 줌,replace,원문 값으로 바꿈,7400.93,7400.93,확인 완료,주석13,재무상태표 단기금융부채 + 장기금융부채 (사용자 확인) / 계열사 포함 / KB증권 외 — 할인차금 차감
(주)이마트,할당대상,사용자가 DART 원문 표를 붙여 줌,replace,원문 값으로 바꿈,53232.72,,확인 완료,주석20 가.,
고려아연 주식회사,할당대상,사용자가 DART 원문 표를 붙여 줌,replace,원문 값으로 바꿈,40892.98,,확인 완료,주석22 (1)(2),
코오롱인더스트리 주식회사,할당대상,사용자가 DART 원문 표를 붙여 줌,replace,원문 값으로 바꿈,23478.11,23478.11,확인 완료,주석20 (2)(3),재무상태표 단기차입금및사채 + 장기차입금및사채 (사용자 확인)
한국철도공사,할당대상,결정(2026-10-01) — 공공기관 제외,exclude,제외,,,확인 완료,,공공기관 — B2B 대상 아님(2026-10-01 결정)
한국수자원공사,할당대상,결정(2026-10-01) — 공공기관 제외,exclude,제외,,,확인 완료,,공공기관 — B2B 대상 아님(2026-10-01 결정)
수도권매립지관리공사,할당대상,결정(2026-10-01) — 공공기관 제외,exclude,제외,,,확인 완료,,공공기관 — B2B 대상 아님(2026-10-01 결정)
서울교통공사,할당대상,결정(2026-10-01) — 공공기관 제외,exclude,제외,,,확인 완료,,공공기관 — B2B 대상 아님(2026-10-01 결정)
대구염색산업단지관리공단,할당대상,결정(2026-10-01) — 공공기관 제외,exclude,제외,,,확인 완료,,공공기관 — B2B 대상 아님(2026-10-01 결정)
한일현대시멘트 주식회사,할당대상,웹 검색(공시 인용 기사·거래소 공시 본문 조각),exclude,제외,,,확인 완료,,2025-11-01 한일시멘트에 흡수합병 — 차입금은 제조 94곳 한일시멘트 결과에 포함
주식회사 엘지화학,할당대상,사용자가 DART 원문 표를 붙여 줌,replace,원문 값으로 바꿈,87799.15,,확인 완료,(2) 차입금 등의 상세내역,"원화 3,000억 + 외화 4,556억, 할인차금 차감 / KB증권 등·CITI증권 등 주관 — 할인차금 차감"
여천엔씨씨 주식회사,할당대상,사용자가 DART 원문 표를 붙여 줌,replace,원문 값으로 바꿈,17341.87,,확인 완료,16 (2),현재가치할인차금 차감 / KB증권 외 — 할인차금 차감
금호석유화학 주식회사,할당대상,사용자가 DART 원문 표를 붙여 줌,replace,원문 값으로 바꿈,6688.55,,확인 완료,16-2 <사채>,
지에스칼텍스 주식회사,할당대상,사용자가 DART 원문 표를 붙여 줌,check,기준값만 원문 값으로(차입처는 코드 값),,31461.14,확인 완료,주석 금융부채 내역 — 단기·유전스·유동성장기차입금·유동성사채·사채·원화·외화장기차입금 합,은행 차입처는 코드가 읽은 값 그대로
에이치디현대중공업 주식회사,할당대상,사용자가 DART 원문 표를 붙여 줌,check,기준값만 원문 값으로(차입처는 코드 값),,6413.51,확인 완료,재무상태표 단기금융부채+장기금융부채 = 사채(보증·무보증)만,당기 차입금 없음 — 사채뿐
한국전력공사,할당대상,받아 둔 원문(XML)을 직접 확인,replace,원문 값으로 바꿈,848995.19,848995.19,확인 완료,(3) 단기차입금 내역,"유동성사채+사채, 할인차금 차감"
에스케이어드밴스드주식회사,할당대상,받아 둔 원문(XML)을 직접 확인,check,기준값만 원문 값으로(차입처는 코드 값),,5661.65,확인 완료,재무상태표 단기차입금+유동성이자부차입금+사채,코드 값과 +0.12% — 재무상태표 '유동성이자부차입금' 줄을 비교값이 못 잡음
한국가스공사,할당대상,받아 둔 원문(XML)을 직접 확인,check,기준값만 원문 값으로(차입처는 코드 값),,350343.43,확인 완료,"차입금 주석 합계 8,475,155 + 사채 비유동성 계 21,412,569 + 유동성대체 5,147,585 − 966 (백만원)","차입금은 주석 합계와 일치, 사채를 약 5.9% 덜 읽음 — 은행 몫 영향 없음"
주식회사 디비메탈,할당대상,웹 검색(공시 인용 기사·거래소 공시 본문 조각),exclude,제외,,,확인 완료,DB하이텍 2025 감사보고서 주석,2025-07-01 (주)디비월드에 흡수합병 — 2025년 말 법인 없음 (존속법인 디비월드는 할당대상 명단에 없음)
한화솔루션 주식회사,할당대상,웹 검색(공시 인용 기사·거래소 공시 본문 조각),replace,원문 값으로 바꿈,48560.0,,부분 확인,"한화솔루션 증권신고서(2026-03-26, 2025 사업보고서 인용) — 웹 검색 결과 본문 조각","부분 확인 — 2026년 신규 차입(우리은행 등 한도대출 4,484억·MUFG·HSBC)은 2025년 말 잔액이 아니라 제외 / DART 접속 불가·KIND 자동 접속 차단으로 차입금 주석 원문 미확인"
한국지역난방공사,할당대상,웹 검색(공시 인용 기사·거래소 공시 본문 조각),replace,원문 값으로 바꿈,34775.25,,부분 확인,지역난방공사 투자설명서(2025-12) — 2025년 3분기 사채 내역(할인차금 차감),2025년 3분기 기준(연말 아님) · 은행 차입처 미확인 · DART·KIND 등록명 '지역난방공사'(071320)
(주)에스파워,할당대상,웹 검색 — 자료 없음,,미확인,,,미확인,"코드 결과: 읽은 합계 3,998억 vs 재무상태표 2,198억(+81.9%)","v12 실행에선 일치였고 이후 코드 보강에서 과다 읽기로 바뀐 것으로 추정. 원문은 사용자 PC에만 있음 — 결과 해석 시 차입처 목록은 쓰되 금액은 재무상태표 2,198억을 기준으로 볼 것"
주식회사 케이씨씨글라스,할당대상,받아 둔 원문(XML)을 직접 확인,,"코드 규칙으로 해결(사채 변동표 제외, v16) — 수동 입력 없음",,,확인 완료,원문 표121 — 사채 변동표(기초·신규차입·상환·기말),"재무상태표 4,955억과 일치"
