parent,account,own_rate,assets_won,source,checked_on
중소기업은행,㈜아이비케이캐피탈,100.00,12071475000000,중소기업은행 2025 연결감사보고서 주석 2.1 (PDF 17·22쪽),2026-10-01
중소기업은행,아이비케이투자증권㈜,87.78,10402766000000,중소기업은행 2025 연결감사보고서 주석 2.1 (PDF 17·22쪽),2026-10-01
중소기업은행,아이비케이연금보험㈜,100.00,12715585000000,중소기업은행 2025 연결감사보고서 주석 2.1 (PDF 17·22쪽),2026-10-01
중소기업은행,아이비케이자산운용㈜,100.00,105665000000,중소기업은행 2025 연결감사보고서 주석 2.1 (PDF 17·22쪽),2026-10-01
중소기업은행,㈜아이비케이저축은행,100.00,1530342000000,중소기업은행 2025 연결감사보고서 주석 2.1 (PDF 17·22쪽),2026-10-01
중소기업은행,㈜아이비케이벤처투자,100.00,99118000000,중소기업은행 2025 연결감사보고서 주석 2.1 (PDF 17·22쪽),2026-10-01
중소기업은행,㈜아이비케이시스템,55.63,90136000000,중소기업은행 2025 연결감사보고서 주석 2.1 (PDF 17·22쪽),2026-10-01
중소기업은행,아이비케이신용정보㈜,100.00,42995000000,중소기업은행 2025 연결감사보고서 주석 2.1 (PDF 17·22쪽),2026-10-01
중소기업은행,㈜아이비케이서비스,100.00,23169000000,중소기업은행 2025 연결감사보고서 주석 2.1 (PDF 17·22쪽),2026-10-01
