account,decision,owner_type,owner,owner_rate,parent,pending,source,source_grade,checked_on
메리츠캐피탈㈜,종속으로 이동,손자회사,메리츠증권(주),100.00,메리츠증권(주),,DART 최대주주 현황(2025 사업보고서) · 한국신용평가(2025),1,2026-10-01
케이디비생명보험주식회사,공공기관 종속으로 이동,공공기관 종속,한국산업은행,99.66,한국산업은행,한국금융지주 인수 우선협상대상자(2026-08-13 한국금융지주 공시) — 인수 완료 시 1-2(한국금융지주 종속)로,DART 최대주주 현황(2025 사업보고서) 99.66% · 산업은행 2025 연결감사보고서 주석 1 99.69%(기준일 차이로 보임),1,2026-10-01
산은캐피탈㈜,공공기관 종속으로 이동,공공기관 종속,한국산업은행,99.92,한국산업은행,,한국산업은행 2025 연결감사보고서 주석 1(PDF 16쪽),1,2026-10-01
㈜애큐온캐피탈,1-3C 유지,사모펀드(외국계),"Agora, L.P.(EQT 투자목적회사)",96.06,,"한화생명 주식매매계약 체결(2026-09-30 이사회 — 50.54%·4,400억, 센트로이드PE 49.46%) — 대주주 변경 승인 후 1-2(한화생명 종속)로",DART 최대주주 현황(2025 사업보고서),1,2026-10-01
애큐온저축은행,1-3C 유지,애큐온캐피탈 종속,주식회사 애큐온캐피탈,100.00,㈜애큐온캐피탈,모회사와 함께 한화생명 손자회사로 편입 예정(2026-09-30 계약),DART 감사보고서 (2025.12) 원문 주석 — 접수번호 20260330000198,1,2026-10-01
엠지캐피탈㈜,1-3C 유지,상호금융 중앙회 계열,새마을금고중앙회,98.86,,,DART 최대주주 현황(2025 사업보고서) · 한국신용평가(2026-06),1,2026-10-01
예별손해보험 주식회사,1-3C 유지,공적 가교회사,예금보험공사,100.00,,OK금융(오케이넥스트) 우선협상대상자(2026-07-10 예보 발표) — 9월 23일 기준 본계약 미체결. 인수 완료 시 대기업집단(오케이금융그룹)으로,"금융위원회 보도참고(2025-07-09) · 예금보험공사 보도자료 — 100% 출자 가교보험사, 존속기간 2년 조건부 허가. DART에 감사보고서 공시 없음",2,2026-10-01
롯데카드㈜,1-3C 유지,사모펀드(국내),한국리테일카드홀딩스(주)(MBK파트너스 SPC),59.83,,재매각 착수(2026-08 UBS 주관) — 우리은행 20%·롯데쇼핑 20%,DART 최대주주 현황(2025 사업보고서) — 우리은행 20%·롯데쇼핑 20%,1,2026-10-01
푸본현대생명보험주식회사,1-3C 유지,외국계,푸본생명(대만),88.30,,,DART 최대주주 현황(2025 사업보고서),1,2026-10-01
한국스탠다드차타드은행,1-3C 유지,외국계,Standard Chartered NEA Limited,100.00,,,DART 최대주주 현황(2025 사업보고서),1,2026-10-01
한국씨티은행,1-3C 유지,외국계,COIC(Citibank Overseas Investment Corporation),99.98,,,DART 최대주주 현황(2025 사업보고서),1,2026-10-01
메르세데스벤츠파이낸셜서비스코리아㈜,1-3C 유지,외국계,Mercedes-Benz Asia GmbH,80.00,,,DART 최대주주 현황(2025 사업보고서),1,2026-10-01
오릭스캐피탈코리아㈜,1-3C 유지,외국계,ORIX Corporation,97.50,,,DART 최대주주 현황(2025 사업보고서),1,2026-10-01
케이프투자증권,1-3C 유지,코스닥 상장사 종속,이니티움2016주식회사(케이프 계열 SPC),82.39,(주)케이프(코스닥),,DART 감사보고서 (2025.12) 원문 주석 — 접수번호 20260408000152 · 케이프 2024 사업보고서(KIND) 주요 종속회사,1,2026-10-01
상상인저축은행,1-3C 유지,코스닥 상장사 종속,(주)상상인,100.00,상상인(코스닥),매각 추진 중 — OK금융 협상 결렬(2025-08),DART 감사보고서 (2025.12) 원문 주석 — 접수번호 20260325000468,1,2026-10-01
웰컴저축은행,1-3C 유지,독립(국내 개인 지배),웰컴크레디라인 주식회사,100.00,,,DART 감사보고서 (2025.12) 원문 주석 — 접수번호 20260408002128 — 2026-03 손대희 각자대표,1,2026-10-01
모아저축은행,1-3C 유지,독립(국내 개인 지배),김상고,67.77,,,DART 감사보고서 (2025.12) 원문 주석 — 접수번호 20260407001075 — 일가 포함 약 95%,1,2026-10-01
제이티친애저축은행,1-3C 유지,외국계,Nexus Card(주)(일본 J트러스트 계열),100.00,,,DART 감사보고서 (2025.12) 원문 주석 — 접수번호 20260408003358,1,2026-10-01
제이티저축은행,1-3C 유지,외국계,"J Trust Co., Ltd.",100.00,,,DART 감사보고서 (2025.12) 원문 주석 — 접수번호 20260331002434,1,2026-10-01
오에스비저축은행,1-3C 유지,외국계,ORIX Corporation,76.77,,"오릭스 매각 검토(2026-07, 삼일PwC 주관) — 2대주주 올림푸스캐피털 23%(2019)",DART 감사보고서 (2025.12) 원문 주석 — 접수번호 20260330000208 — 2대주주 KOREA MSB HOLDINGS 9.99%,1,2026-10-01
페퍼저축은행,1-3C 유지,외국계,Pepper Europe(UK) Limited,100.00,,,"DART 감사보고서 (2025.12) 원문 주석 — 접수번호 20260403001117 — 주주현황 표(보통주 5,834,000·우선주 600,000 전부). 언론의 '페퍼코리아홀딩스'와 다름 — 원문 기준",1,2026-10-01
라이나생명보험주식회사,1-3C 유지,외국계,Chubb Limited,100.00,,,DART 감사보고서 (2025.12) 원문 주석 — 접수번호 20260406004538 — 2022-07-01 Cigna에서 변경. 2026-08-01 Chubb International Investments Limited로 그룹 내 이전(라이나생명 공시 인용 보도),1,2026-10-01
에이아이에이생명보험 주식회사,1-3C 유지,외국계,에이아이에이인터내셔널리미티드(AIA International Limited),100.00,,,DART 감사보고서 (2025.12) 원문 주석 — 접수번호 20260407002100 — '자본금은 전액 본점으로부터 조달',1,2026-10-01
메트라이프생명보험(주),1-3C 유지,외국계,MetLife UK Management Company Limited,100.00,,,DART 감사보고서 (2025.12) 원문 주석 — 접수번호 20260403003824 — 2024-03-25 Metropolitan Global Management에서 이전,1,2026-10-01
비엔피파리바카디프생명보험주식회사,1-3C 유지,외국계,BNP Paribas Cardif,85.00,,"한국투자금융지주 인수 실사 보도(2025-05) — 이후 한국금융지주는 KDB생명 우협(2026-08), 결과 미확인",DART 감사보고서 (2025.12) 원문 주석 — 접수번호 20260406004430 — 2대주주 신한은행 15%. 최상위 BNP Paribas,1,2026-10-01
노무라금융투자주식회사,1-3C 유지,외국계,"Nomura Asia Pacific Holdings Co., Ltd.(일본)",100.00,,,DART 감사보고서 (2026.03) 원문 주석 — 접수번호 20260703000067 — 3월 결산,1,2026-10-01
한국 에스지증권 주식회사,1-3C 유지,외국계,SOCIETE GENERALE(파리 본사),,,,"DART 감사보고서 (2025.12) 원문 주석 — 접수번호 20260403000991 — 특수관계자 주석 '지배회사', 개요에 파리 본사가 설립·증자. 지분율 숫자 표기 없음",1,2026-10-01
비엠더블유파이낸셜서비스코리아㈜,1-3C 유지,외국계,BMW Holding B.V.(네덜란드),100.00,,,"DART 감사보고서 (2025.12) 원문 주석 — 접수번호 20260403003529 — 발행주식 32,849,900주 전체 소유. 최상위 BMW AG",1,2026-10-01
수협은행,1-3C 유지,상호금융 중앙회 계열,수산업협동조합중앙회,100.00,,,한국신용평가 수협은행 평가서(2025-11·2026-05) — 2016-12 수협법 개정으로 중앙회 신용사업부문 물적분할 신설. DART에 감사보고서 공시 없음,3,2026-10-01
