account,parent,sector,sector_by,own_rate,assets_jo
우리벤처파트너스㈜,(주)우리금융지주,기타 금융(확인 필요),코드,100.0,0.38
JB인베스트먼트(주),(주)JB금융지주,신탁·집합투자,이름,100.0,0.07
삼성SRA자산운용,삼성생명보험(주),신탁·집합투자,이름,100.0,0.18
키움YES저축은행,키움증권(주),저축은행·신협,이름,100.0,1.58
신한EZ손해보험,(주)신한금융지주회사,손해보험,이름,91.7,0.36
미래에셋벤처투자㈜,미래에셋증권(주),기타 금융(확인 필요),코드,56.0,1.06
페이민트㈜,주식회사 카카오페이,금융 키워드 없음,없음,100.0,
신한DS,(주)신한금융지주회사,금융 키워드 없음,없음,100.0,
SHC매니지먼트,(주)신한금융지주회사,금융 키워드 없음,없음,100.0,
63씨티,한화생명보험(주),금융 키워드 없음,없음,100.0,
DB손사,DB손해보험(주),금융 키워드 없음,없음,100.0,
Hyundai.U.K Underwriting(로이드),현대해상화재보험(주),금융 키워드 없음,없음,100.0,
