searched,query,target,result
2026-10-01,한국IBM 은행 watsonx 도입 계약 2025,은행,결과 없음(행사·일반 전략 기사)
2026-10-01,한국IBM 금융사 고객 사례 은행 보험 왓슨x 구축,금융 전체,"현대카드(2019 파트너 경유), 우리은행 MOU(2021)"
2026-10-01,IBM 메인프레임 z16 z17 국내 은행 도입 농협 수협,은행,국민은행만 메인프레임 사용(과거 보도)
2026-10-01,국민은행 메인프레임 IBM 재계약 유지 결정,KB,"2014 유지 결정, 2025년까지 계약"
2026-10-01,국민은행 메인프레임 2025년 계약 만료 IBM 연장 2026,KB,2024-12 2030년까지 갱신
2026-10-01,한국IBM 컨설팅 보험사 차세대 시스템 수주 2023 2024,보험,"한화생명 보안컨설팅(과거), 기업은행 차세대(과거)"
2026-10-01,한국IBM 신한은행 하나은행 우리은행 계약 도입 2023 2024 2025,5대 은행,우리은행 MOU·OIO(과거) 외 없음
2026-10-01,NH농협 한국IBM 도입 계약 농협은행 IBM,농협,IBM 계약 보도 없음(클라우드·컨택센터는 타사)
2026-10-01,IBM 파워 서버 도입 증권사 보험사 카드사 2024 2025 계정계,증권·보험·카드,롯데카드(2023) 외 없음
2026-10-01,한국IBM 뉴스룸 발표 목록 2017-06 ~ 2026-08 (6쪽),전체,국민은행·롯데카드·하나캐피탈·메리츠증권·부산은행·DGB·하나 MVS·유진·현대카드·현대커머셜
