account,action,new_account,flag,basis,source_url,published,checked_on
주식회사 포스코모빌리티솔루션,교체,(주)포스코에스피,,2026-07-31 STS 사업(정밀재·판재·포항 정정) 일체를 포스코에스피에 양도(양수가액 2465억 원). 남은 주력은 구동모터코어로 CBAM 품목 아님,https://www.snmnews.com/news/articleView.html?idxno=573142,2026-08-10,2026-09-29
태경산업(주),제외,,,주력 CBAM 품목(페로망간·실리코망간) 예미공장 생산 2025-09-08 중단. 재가동을 2027-02로 연기. 01 문서 3-2 소멸·생산 중단 기준 적용,https://www.snmnews.com/news/articleList.html?sc_serial_code=SRN456&view_type=sm,2026-08-12,2026-09-29
(주)대호에이엘,표시,,감사의견 거절·상장폐지 결정·경영권 매각 추진(2026),2025 사업연도 감사의견 거절. 2026-08-04 상장공시위원회 상장폐지 결정. 매각주관사 선정. 규모 판정의 바탕인 2025 재무제표도 의견거절 상태,https://www.imaeil.com/page/view/2026081523265725698,2026-08-16,2026-09-29
(주)대양금속,표시,,경영 이슈(2026-07~09): 파산신청 2건 취하·불성실공시 지정 예고,제니스원컴퍼니의 파산신청 2건 모두 신청 취하로 기각. 2026-08 크라우드웍스와 공동경영(각자 대표),https://www.snmnews.com/news/articleView.html?idxno=575112,2026-09-22,2026-09-29
만호제강(주),표시,,2026-01 경영권 매각·2026 로봇 신사업 편입(자산총계 2112억→4629억),창업주 일가 지분 전량을 엠에이치그룹홀딩스(개인 100% 소유)에 매각(블로터 2026-02-05 보도). 규모 판정(중견)은 그대로. 2026.06 결산 사업보고서에서 신사업(로봇) 부문 사업결합 확인(영업권 51억 원·비유동자산 272.6% 증가·부채총계 349.3% 증가),https://dart.fss.or.kr/dsaf001/main.do?rcpNo=20260910000496,2026-09-10,2026-09-30
(주)유니온,영향 없음,,,최대주주 변경은 특수관계인 간 증여이며 최대주주 등 합산 지분(39.63%)은 그대로,https://m.news.nate.com/view/20260303n31651,2026-03-03,2026-09-29
(주)제일테크노스,영향 없음,,,최대주주 변경은 기존 최대주주의 증여에 따른 것,https://edaily.co.kr/News/Read?mediaCodeNo=257&newsId=05835126645411856,2026-04-01,2026-09-29
KG스틸(주),영향 없음,,,생산지원 자회사 KG스틸S&D·S&I 흡수합병(2026-06-01). KG스틸 존속,https://edaily.co.kr/News/Read?mediaCodeNo=257&newsId=02715846645477456,2026-06-01,2026-09-29
KG케미칼(주),영향 없음,,,종속회사 KG스틸의 자회사 흡수합병을 주요경영사항으로 공시한 것,https://m.news.nate.com/view/20260310n25364,2026-03-10,2026-09-29
포스코스틸리온(주),영향 없음,,,주식분할 결정,data/processed/mfg2_change_screen.csv,2026-02-23,2026-09-29
(주)덕신이피씨,영향 없음,,,주식 병합·분할에 따른 매매거래 정지,data/processed/mfg2_change_screen.csv,2026-08-07,2026-09-29
한주라이트메탈(주),영향 없음,,,주식 병합·분할에 따른 매매거래 정지,data/processed/mfg2_change_screen.csv,2026-04-24,2026-09-29
삼보산업 주식회사,영향 없음,,,주식 병합·분할에 따른 매매거래 정지와 최대주주 주식담보 계약,data/processed/mfg2_change_screen.csv,2026-09-08,2026-09-29
(주)대호특수강,영향 없음,,,최대주주 주식담보 계약 해제,data/processed/mfg2_change_screen.csv,2026-01-20,2026-09-29
(주)삼표시멘트,영향 없음,,,최대주주 주식담보 계약 체결(정정),data/processed/mfg2_change_screen.csv,2026-09-21,2026-09-29
금강공업(주),표시,,2025 연결 영업이익 68% 급감·순손실 374억(본업 침체·투자형 지주사 전환 중),2025 연결 매출 8022억(유지)·영업이익 105억·당기순손실 374억 적자 전환. 별도 매출 2901억(-18.7%)·영업손실 229억·순손실 431억. 2026 1분기 연결 영업이익 218억(-64.6%). 발행일은 검색 결과 경과일수로 추정,https://www.greened.kr/news/articleView.html?idxno=341288,2026-05,2026-09-30