account,overseas_ratio,overseas_amount,total_amount,basis,source_type,note
(주)태광,0.7954,236195,296966,국외/합계(연결),국내국외,별도 기준은 82.48%
(주)알루코,0.6245,156937,251313,한국 외/합계(별도),지역별,고객 위치 기준·연결은 65.3%
DSR제강(주),0.6419,145421,226550,대한민국 외/합계(연결),지역별,95% 이상 직수출
(주)대양금속,0.5259,117496,223407,수출/합계(별도 2025),내수수출,지리적 시장 기준으로도 해외 52.6%
한주라이트메탈(주),0.3228,83745,259465,수출/합계,내수수출,국내 매출에 LOCAL 수출 포함
조일알미늄(주),0.1938,94302,486679,수출/합계(별도),내수수출,LOCAL 96.35%·DIRECT 유럽 3.65%
(주)대호에이엘,0.1762,37999,215642,수출/합계(연결),내수수출,
현대비앤지스틸(주),0.1465,108625,741250,수출/합계(연결),내수수출,
(주)원일특강,0.0209,8318,398115,해외/합계(별도),매출실적,단조 부문 수출은 미확인
에스와이(주),0.0035,1776,501553,수출/합계(연결),매출실적,패널 부문만 집계·데크플레이트와 기타 수출은 미확인
(주)대륙제관,0.0122,3263,266562,국외/합계(별도),국내국외,국내 매출에 Local L/C 포함(간접수출)·2022 보도의 부탄가스 수출 70% 이상과 차이
(주)성광벤드,0.728,161260,221501,수출/합계(별도),내수수출,
(주)세아제강,0.5247,779095,1484797,강관 수출/전체 매출(연결),내수수출,
KG스틸(주),0.6573,2267629,3449891,수출/합계(철강부문),내수수출,
주식회사 세아창원특수강,0.2274,318105,1399084,수출(제품+반제품)/합계,내수수출,
포스코스틸리온(주),0.4904,551865,1125440,수출/합계(별도),내수수출,원문에 수출 약 49%로 명시
두산에너빌리티(주),0.2972,5069415,17057876,수출/합계(연결),내수수출,원문 비중 29.72%
삼아알미늄(주),0.7832,117722,150305,AL-FOIL 수출/압연계,내수수출,가공박지 부문 수출은 미확인
(주)태웅,0.4985,166425,333870,자유형단조품 수출/합계,내수수출,
케이비아이동양철관(주),0.5954,81474,136839,강관부문 수출/합계,내수수출,
디케이동신주식회사,0.7112,164870,231826,국외/합계,국내국외,
(주)유니온,0.4618,93467,202401,수출/합계(연결),내수수출,수출의 대부분은 세라믹(355억)과 시멘트(198억)
동국산업(주),0.3419,127558,373093,국외/합계,국내국외,
동국씨엠 주식회사,0.6335,1250302,1973600,컬러강판+냉연도금강판 수출/매출(동국씨엠 단독),내수수출,
디씨엠(주),0.8406,190855,227053,수출/합계,내수수출,고객 위치 기준 지역별 표로는 해외 68.0%
(주)SIMPAC,0.3877,457135,1179041,수출/합계(연결),내수수출,
